backend,specimen,anatomy,method,condition,level,draw,retention,virtual_target_rms_displacement_mm,registration_recall,rotation_error_deg,translation_error_mm,registration_only_seconds,fitness,error
,specimen01,foot,raw,aligned,0,0,,0.5848204212669775,1.0,0.2984394929912112,0.2609200194014241,0.051633999013574794,0.9873333333333333,
,specimen01,foot,raw,5deg_5mm,1,0,,0.5848204212669676,1.0,0.2984394929985386,0.24893467645740433,0.05138730999897234,0.9873333333333333,
,specimen01,foot,raw,5deg_5mm,1,1,,0.5848204212669716,1.0,0.2984394929985386,0.24890752750442927,0.05086187299457379,0.9873333333333333,
,specimen01,foot,raw,5deg_5mm,1,2,,0.5848204212669761,1.0,0.2984394930034236,0.24446683705693592,0.05092104498180561,0.9873333333333333,
,specimen01,foot,raw,5deg_5mm,1,3,,0.5848204212669774,1.0,0.2984394929985386,0.2520761445717075,0.0530460559821222,0.9873333333333333,
,specimen01,foot,raw,5deg_5mm,1,4,,0.5848204212669734,1.0,0.2984394929936537,0.2736500816411542,0.05254574699210934,0.9873333333333333,
,specimen01,foot,raw,10deg_10mm,2,0,,0.5848204212669545,1.0,0.2984394929985386,0.22060468249596193,0.05202926500351168,0.9873333333333333,
,specimen01,foot,raw,10deg_10mm,2,1,,0.584820421266978,1.0,0.2984394929936537,0.2667586202998728,0.04947792799794115,0.9873333333333333,
,specimen01,foot,raw,10deg_10mm,2,2,,0.584820421266991,1.0,0.2984394929985386,0.3019308668983313,0.047595409996574745,0.9873333333333333,
,specimen01,foot,raw,10deg_10mm,2,3,,0.5848204212669856,1.0,0.2984394929936537,0.3026994020455801,0.05028261197730899,0.9873333333333333,
,specimen01,foot,raw,10deg_10mm,2,4,,0.5848204212669786,1.0,0.2984394929936537,0.2574708397667845,0.05292983300751075,0.9873333333333333,
,specimen01,foot,raw,20deg_20mm,3,0,,0.5848204212670034,1.0,0.2984394929936537,0.20900141822239438,0.05951191400527023,0.9873333333333333,
,specimen01,foot,raw,20deg_20mm,3,1,,0.5848204212669859,1.0,0.2984394929960961,0.3597322267766414,0.05251495700213127,0.9873333333333333,
,specimen01,foot,raw,20deg_20mm,3,2,,24.1433166683308,0.0,16.15398429725903,24.823953716676186,0.20618651201948524,0.8233333333333334,
,specimen01,foot,raw,20deg_20mm,3,3,,0.5848204212669983,1.0,0.2984394929960961,0.2382798992734055,0.0664942389994394,0.9873333333333333,
,specimen01,foot,raw,20deg_20mm,3,4,,0.5848204212669819,1.0,0.2984394929936537,0.16941711788865235,0.05218407997745089,0.9873333333333333,
,specimen01,foot,all_refined,aligned,0,0,1.0,0.8385815647329683,1.0,0.4177875892867637,0.3882822709763912,0.12927106901770458,0.9876666666666667,
,specimen01,foot,all_refined,5deg_5mm,1,0,1.0,0.8385815647328383,1.0,0.41778758926931614,0.375308339425716,0.1269209689926356,0.9876666666666667,
,specimen01,foot,all_refined,5deg_5mm,1,1,1.0,0.8385815647328048,1.0,0.4177875892605924,0.3880361175017404,0.12599911898723803,0.9876666666666667,
,specimen01,foot,all_refined,5deg_5mm,1,2,1.0,0.8385815647328477,1.0,0.41778758925361337,0.37998909894467636,0.12540723499841988,0.9876666666666667,
,specimen01,foot,all_refined,5deg_5mm,1,3,1.0,0.8385815647328344,1.0,0.41778758926582665,0.3659198421987262,0.12744454300263897,0.9876666666666667,
,specimen01,foot,all_refined,5deg_5mm,1,4,1.0,0.838581564732961,1.0,0.41778758926233717,0.40300671580855796,0.1290895249985624,0.9876666666666667,
,specimen01,foot,all_refined,10deg_10mm,2,0,1.0,0.8385815647327872,1.0,0.4177875892797847,0.3552514360990783,0.1264453939802479,0.9876666666666667,
,specimen01,foot,all_refined,10deg_10mm,2,1,1.0,0.8385815647329453,1.0,0.4177875892710609,0.4283855414661293,0.1301864690030925,0.9876666666666667,
,specimen01,foot,all_refined,10deg_10mm,2,2,1.0,0.8385815647329784,1.0,0.41778758927455045,0.4606366157469455,0.12703418600722216,0.9876666666666667,
,specimen01,foot,all_refined,10deg_10mm,2,3,1.0,0.8385815647329582,1.0,0.4177875892710609,0.4563929505224836,0.12782304000575095,0.9876666666666667,
,specimen01,foot,all_refined,10deg_10mm,2,4,1.0,0.8385815647328918,1.0,0.41778758927455045,0.4038688162063183,0.12814282899489626,0.9876666666666667,
,specimen01,foot,all_refined,20deg_20mm,3,0,1.0,0.8385815647330186,1.0,0.4177875892972322,0.30078126898579427,0.13160367199452594,0.9876666666666667,
,specimen01,foot,all_refined,20deg_20mm,3,1,1.0,0.8385815647328888,1.0,0.4177875892675714,0.5242593740940306,0.1312343850149773,0.9876666666666667,
,specimen01,foot,all_refined,20deg_20mm,3,2,1.0,24.675099856259205,0.0,16.795232930459704,25.23039934565277,0.2018523899896536,0.8265,
,specimen01,foot,all_refined,20deg_20mm,3,3,1.0,0.8385815647328858,1.0,0.4177875892640819,0.40853931465407944,0.1346654279914219,0.9876666666666667,
,specimen01,foot,all_refined,20deg_20mm,3,4,1.0,0.8385815647329481,1.0,0.4177875892675714,0.2857810822500761,0.12699720499222167,0.9876666666666667,
,specimen01,foot,random_policy,aligned,0,0,0.9,0.7314604625954522,1.0,0.34834930210037096,0.3835503054512092,0.04076391301350668,0.9868333333333333,
,specimen01,foot,random_policy,5deg_5mm,1,0,0.9,0.7314604625954442,1.0,0.3483493021024635,0.37056975951898175,0.0422113940003328,0.9868333333333333,
,specimen01,foot,random_policy,5deg_5mm,1,1,0.9,0.7314604625954241,1.0,0.34834930210037096,0.38018905071874576,0.04218157098512165,0.9868333333333333,
,specimen01,foot,random_policy,5deg_5mm,1,2,0.9,0.7314604625954542,1.0,0.34834930210455606,0.37372865183083476,0.04264393201447092,0.9868333333333333,
,specimen01,foot,random_policy,5deg_5mm,1,3,0.9,0.7314604625954271,1.0,0.34834930210037096,0.3673033013512773,0.043581365986028686,0.9868333333333333,
,specimen01,foot,random_policy,5deg_5mm,1,4,0.9,0.7314604625954461,1.0,0.34834930210037096,0.3974560602738384,0.0452258349978365,0.9868333333333333,
,specimen01,foot,random_policy,10deg_10mm,2,0,0.9,0.7314604625954463,1.0,0.3483493021024635,0.35194813173052486,0.044748508982593194,0.9868333333333333,
,specimen01,foot,random_policy,10deg_10mm,2,1,0.9,0.7314604625954562,1.0,0.34834930210037096,0.41186276481425765,0.04305834701517597,0.9868333333333333,
,specimen01,foot,random_policy,10deg_10mm,2,2,0.9,0.7314604625954185,1.0,0.3483493020961859,0.4415633259247866,0.04520824100472964,0.9868333333333333,
,specimen01,foot,random_policy,10deg_10mm,2,3,0.9,0.731460462595414,1.0,0.34834930209827847,0.4398957664850222,0.04360678300145082,0.9868333333333333,
,specimen01,foot,random_policy,10deg_10mm,2,4,0.9,0.7314604625954302,1.0,0.34834930209827847,0.3943816037732784,0.045834769000066444,0.9868333333333333,
,specimen01,foot,random_policy,20deg_20mm,3,0,0.9,0.73146046259547,1.0,0.3483493021024635,0.3134002828063162,0.05171317301574163,0.9868333333333333,
,specimen01,foot,random_policy,20deg_20mm,3,1,0.9,0.7314604625954634,1.0,0.34834930210037096,0.49866567226395686,0.048075191996758804,0.9868333333333333,
,specimen01,foot,random_policy,20deg_20mm,3,2,0.9,24.133143291817664,0.0,16.61301620998645,24.74361908967193,0.17843130099936388,0.8201666666666667,
,specimen01,foot,random_policy,20deg_20mm,3,3,0.9,0.7314604625954609,1.0,0.34834930209827847,0.3930024199770189,0.0567524770158343,0.9868333333333333,
,specimen01,foot,random_policy,20deg_20mm,3,4,0.9,0.7314604625954341,1.0,0.3483493020961859,0.2931868666783182,0.04422764599439688,0.9868333333333333,
,specimen01,foot,geometry_policy,aligned,0,0,1.0,0.8385815647329683,1.0,0.4177875892867637,0.3882822709763912,0.12927106901770458,0.9876666666666667,
,specimen01,foot,geometry_policy,5deg_5mm,1,0,1.0,0.8385815647328383,1.0,0.41778758926931614,0.375308339425716,0.1269209689926356,0.9876666666666667,
,specimen01,foot,geometry_policy,5deg_5mm,1,1,1.0,0.8385815647328048,1.0,0.4177875892605924,0.3880361175017404,0.12599911898723803,0.9876666666666667,
,specimen01,foot,geometry_policy,5deg_5mm,1,2,1.0,0.8385815647328477,1.0,0.41778758925361337,0.37998909894467636,0.12540723499841988,0.9876666666666667,
,specimen01,foot,geometry_policy,5deg_5mm,1,3,1.0,0.8385815647328344,1.0,0.41778758926582665,0.3659198421987262,0.12744454300263897,0.9876666666666667,
,specimen01,foot,geometry_policy,5deg_5mm,1,4,1.0,0.838581564732961,1.0,0.41778758926233717,0.40300671580855796,0.1290895249985624,0.9876666666666667,
,specimen01,foot,geometry_policy,10deg_10mm,2,0,1.0,0.8385815647327872,1.0,0.4177875892797847,0.3552514360990783,0.1264453939802479,0.9876666666666667,
,specimen01,foot,geometry_policy,10deg_10mm,2,1,1.0,0.8385815647329453,1.0,0.4177875892710609,0.4283855414661293,0.1301864690030925,0.9876666666666667,
,specimen01,foot,geometry_policy,10deg_10mm,2,2,1.0,0.8385815647329784,1.0,0.41778758927455045,0.4606366157469455,0.12703418600722216,0.9876666666666667,
,specimen01,foot,geometry_policy,10deg_10mm,2,3,1.0,0.8385815647329582,1.0,0.4177875892710609,0.4563929505224836,0.12782304000575095,0.9876666666666667,
,specimen01,foot,geometry_policy,10deg_10mm,2,4,1.0,0.8385815647328918,1.0,0.41778758927455045,0.4038688162063183,0.12814282899489626,0.9876666666666667,
,specimen01,foot,geometry_policy,20deg_20mm,3,0,1.0,0.8385815647330186,1.0,0.4177875892972322,0.30078126898579427,0.13160367199452594,0.9876666666666667,
,specimen01,foot,geometry_policy,20deg_20mm,3,1,1.0,0.8385815647328888,1.0,0.4177875892675714,0.5242593740940306,0.1312343850149773,0.9876666666666667,
,specimen01,foot,geometry_policy,20deg_20mm,3,2,1.0,24.675099856259205,0.0,16.795232930459704,25.23039934565277,0.2018523899896536,0.8265,
,specimen01,foot,geometry_policy,20deg_20mm,3,3,1.0,0.8385815647328858,1.0,0.4177875892640819,0.40853931465407944,0.1346654279914219,0.9876666666666667,
,specimen01,foot,geometry_policy,20deg_20mm,3,4,1.0,0.8385815647329481,1.0,0.4177875892675714,0.2857810822500761,0.12699720499222167,0.9876666666666667,
,specimen01,foot,pfad_policy,aligned,0,0,0.9,0.7808217953192299,1.0,0.6046086006853555,0.32727943574575724,0.09677258500596508,0.9905,
,specimen01,foot,pfad_policy,5deg_5mm,1,0,0.9,0.7808217953194078,1.0,0.6046086006950007,0.3172855312167567,0.09709392001968808,0.9905,
,specimen01,foot,pfad_policy,5deg_5mm,1,1,0.9,0.7808217953192574,1.0,0.6046086006817386,0.32729353208488504,0.09795898699667305,0.9905,
,specimen01,foot,pfad_policy,5deg_5mm,1,2,0.9,0.7808217953191298,1.0,0.6046086006781216,0.32148276238876433,0.09771431802073494,0.9905,
,specimen01,foot,pfad_policy,5deg_5mm,1,3,0.9,0.7808217953191541,1.0,0.6046086006889725,0.3133799217598535,0.09835487199597992,0.9905,
,specimen01,foot,pfad_policy,5deg_5mm,1,4,0.9,0.7808217953192379,1.0,0.6046086006817386,0.3390516630954134,0.101274280983489,0.9905,
,specimen01,foot,pfad_policy,10deg_10mm,2,0,0.9,0.7808217953193201,1.0,0.6046086006913838,0.31191321087955165,0.09863265600870363,0.9905,
,specimen01,foot,pfad_policy,10deg_10mm,2,1,0.9,0.7808217953192741,1.0,0.6046086006696821,0.36339081437819204,0.09920931101078168,0.9905,
,specimen01,foot,pfad_policy,10deg_10mm,2,2,0.9,0.780821795319153,1.0,0.6046086006732991,0.390281307087592,0.09942142898216844,0.9905,
,specimen01,foot,pfad_policy,10deg_10mm,2,3,0.9,0.7808217953191576,1.0,0.604608600660037,0.385526905168011,0.09729515301296487,0.9905,
,specimen01,foot,pfad_policy,10deg_10mm,2,4,0.9,0.7808217953193214,1.0,0.604608600693795,0.3350326831808989,0.09807099201134406,0.9905,
,specimen01,foot,pfad_policy,20deg_20mm,3,0,0.9,0.780821795319301,1.0,0.604608600693795,0.28447060619510967,0.10056578498915769,0.9905,
,specimen01,foot,pfad_policy,20deg_20mm,3,1,0.9,0.7808217953191251,1.0,0.6046086006720934,0.46886397819065284,0.09897154499776661,0.9905,
,specimen01,foot,pfad_policy,20deg_20mm,3,2,0.9,25.068277234387534,0.0,19.01295690829048,25.215343825613214,0.17446255098911934,0.8091666666666667,
,specimen01,foot,pfad_policy,20deg_20mm,3,3,0.9,0.7808217953192653,1.0,0.604608600680533,0.36732847528789625,0.10174906702013686,0.9905,
,specimen01,foot,pfad_policy,20deg_20mm,3,4,0.9,0.7808217953192835,1.0,0.6046086006817386,0.30612389741017537,0.09942592799779959,0.9905,
,specimen01,tibia,raw,aligned,0,0,,0.6645865611326194,1.0,1.1568037349504114,0.5139757529446123,0.14052538000396453,0.9853333333333333,
,specimen01,tibia,raw,5deg_5mm,1,0,,0.6645865611326892,1.0,1.1568037349497813,0.4711005542371178,0.124284218007233,0.9853333333333333,
,specimen01,tibia,raw,5deg_5mm,1,1,,0.6645865611326447,1.0,1.1568037349497813,0.517260416517787,0.1350085400044918,0.9853333333333333,
,specimen01,tibia,raw,5deg_5mm,1,2,,0.6645865611326408,1.0,1.1568037349510414,0.4942194776210279,0.14230221300385892,0.9853333333333333,
,specimen01,tibia,raw,5deg_5mm,1,3,,0.6645865611326549,1.0,1.1568037349504114,0.4832159180816325,0.12242958199931309,0.9853333333333333,
,specimen01,tibia,raw,5deg_5mm,1,4,,0.6645865611326282,1.0,1.1568037349497813,0.5025546097518808,0.1437882680038456,0.9853333333333333,
,specimen01,tibia,raw,10deg_10mm,2,0,,26.650600813268756,0.0,8.23141176687623,16.26005456779571,0.2932777630048804,0.712,
,specimen01,tibia,raw,10deg_10mm,2,1,,0.6645865611326206,1.0,1.1568037349541924,0.6081779242650982,0.14326763301505707,0.9853333333333333,
,specimen01,tibia,raw,10deg_10mm,2,2,,0.6645865611326661,1.0,1.156803734948521,0.61742717868773,0.13966030199662782,0.9853333333333333,
,specimen01,tibia,raw,10deg_10mm,2,3,,0.6645865611326366,1.0,1.1568037349510414,0.49361109153080907,0.13229376898379996,0.9853333333333333,
,specimen01,tibia,raw,10deg_10mm,2,4,,0.6645865611326139,1.0,1.1568037349491511,0.5436179386195269,0.13536300501436926,0.9853333333333333,
,specimen01,tibia,raw,20deg_20mm,3,0,,0.6645865611326703,1.0,1.1568037349472606,0.6775908959197425,0.15535841599921696,0.9853333333333333,
,specimen01,tibia,raw,20deg_20mm,3,1,,26.650047940496393,0.0,8.211632148535406,14.247707864774817,0.3205016589781735,0.7123333333333334,
,specimen01,tibia,raw,20deg_20mm,3,2,,26.650640901015286,0.0,8.21521004989155,13.19942612747588,0.3214455010020174,0.7123333333333334,
,specimen01,tibia,raw,20deg_20mm,3,3,,0.6645865611326462,1.0,1.1568037349478908,0.7039305245891408,0.17390602600062266,0.9853333333333333,
,specimen01,tibia,raw,20deg_20mm,3,4,,0.6645865611326487,1.0,1.1568037349504114,0.48955010731774135,0.14523293398087844,0.9853333333333333,
,specimen01,tibia,all_refined,aligned,0,0,1.0,0.7846472513563193,1.0,1.2119846638717306,0.6501190632674227,0.08141070700366981,0.9846666666666667,
,specimen01,tibia,all_refined,5deg_5mm,1,0,1.0,0.784647251356405,1.0,1.2119846638717306,0.6199560444892563,0.11470990101224743,0.9846666666666667,
,specimen01,tibia,all_refined,5deg_5mm,1,1,1.0,0.7846472513563524,1.0,1.211984663869926,0.6542646076165405,0.08227337701828219,0.9846666666666667,
,specimen01,tibia,all_refined,5deg_5mm,1,2,1.0,0.7846472513563185,1.0,1.2119846638723322,0.635566812174464,0.08602698001777753,0.9846666666666667,
,specimen01,tibia,all_refined,5deg_5mm,1,3,1.0,0.784647251356384,1.0,1.2119846638705276,0.6281547046067705,0.11765344900777563,0.9846666666666667,
,specimen01,tibia,all_refined,5deg_5mm,1,4,1.0,0.7846472513562998,1.0,1.2119846638717306,0.6414297653380145,0.08377662999555469,0.9846666666666667,
,specimen01,tibia,all_refined,10deg_10mm,2,0,1.0,26.849689010566237,0.0,9.967860029364203,16.821844020180674,0.32367984199663624,0.7055,
,specimen01,tibia,all_refined,10deg_10mm,2,1,1.0,0.7846472513563233,1.0,1.2119846638723322,0.7253928724897687,0.08842006302438676,0.9846666666666667,
,specimen01,tibia,all_refined,10deg_10mm,2,2,1.0,0.7846472513564009,1.0,1.2119846638687233,0.7340004992689483,0.12007693501072936,0.9846666666666667,
,specimen01,tibia,all_refined,10deg_10mm,2,3,1.0,0.7846472513563639,1.0,1.2119846638711291,0.6389610268010588,0.11874372101738118,0.9846666666666667,
,specimen01,tibia,all_refined,10deg_10mm,2,4,1.0,0.7846472513563776,1.0,1.2119846638711291,0.6742710779712676,0.11579884501406923,0.9846666666666667,
,specimen01,tibia,all_refined,20deg_20mm,3,0,1.0,0.7846472513563479,1.0,1.211984663869926,0.7917465290155783,0.12313208100385964,0.9846666666666667,
,specimen01,tibia,all_refined,20deg_20mm,3,1,1.0,26.8496890105663,0.0,9.967860029364129,14.851444939405805,0.3248217809887137,0.7055,
,specimen01,tibia,all_refined,20deg_20mm,3,2,1.0,26.848118632639732,0.0,9.986370870032474,12.742380888773399,0.32199150798260234,0.7053333333333334,
,specimen01,tibia,all_refined,20deg_20mm,3,3,1.0,0.7846472513563384,1.0,1.2119846638717306,0.8120116724682511,0.13861464700312354,0.9846666666666667,
,specimen01,tibia,all_refined,20deg_20mm,3,4,1.0,0.7846472513563751,1.0,1.2119846638711291,0.6343126976631236,0.12239461499848403,0.9846666666666667,
,specimen01,tibia,random_policy,aligned,0,0,0.9,0.7884040507427819,1.0,1.2477586554543512,0.6378816629429527,0.0991709319932852,0.988,
,specimen01,tibia,random_policy,5deg_5mm,1,0,0.9,0.7884040507427602,1.0,1.2477586554584408,0.6064865590418755,0.08298649900825694,0.988,
,specimen01,tibia,random_policy,5deg_5mm,1,1,0.9,0.7884040507428057,1.0,1.2477586554555196,0.6440282556809082,0.09028552201925777,0.988,
,specimen01,tibia,random_policy,5deg_5mm,1,2,0.9,0.7884040507427995,1.0,1.2477586554561038,0.6216078380432372,0.1072741660173051,0.988,
,specimen01,tibia,random_policy,5deg_5mm,1,3,0.9,0.7884040507428065,1.0,1.247758655453767,0.6139640146952138,0.07326021298649721,0.988,
,specimen01,tibia,random_policy,5deg_5mm,1,4,0.9,0.788404050742808,1.0,1.2477586554561038,0.6295599237614264,0.09891875201719813,0.988,
,specimen01,tibia,random_policy,10deg_10mm,2,0,0.9,26.838828673704896,0.0,10.169989054958032,16.74521320009791,0.3270698389969766,0.7203333333333334,
,specimen01,tibia,random_policy,10deg_10mm,2,1,0.9,0.7884040507428113,1.0,1.2477586554549354,0.719789866338159,0.108736640017014,0.988,
,specimen01,tibia,random_policy,10deg_10mm,2,2,0.9,0.7884040507427533,1.0,1.2477586554561038,0.7249846275719514,0.09876912299660034,0.988,
,specimen01,tibia,random_policy,10deg_10mm,2,3,0.9,0.7884040507427403,1.0,1.2477586554566882,0.6237014471100344,0.09341912498348393,0.988,
,specimen01,tibia,random_policy,10deg_10mm,2,4,0.9,0.7884040507427702,1.0,1.2477586554549354,0.6617135610577835,0.0930844429822173,0.988,
,specimen01,tibia,random_policy,20deg_20mm,3,0,0.9,0.7884040507428188,1.0,1.2477586554555196,0.7841665641688255,0.10668739498942159,0.988,
,specimen01,tibia,random_policy,20deg_20mm,3,1,0.9,26.830315986455048,0.0,10.160813758819003,14.704307394378983,0.3184234400105197,0.7201666666666666,
,specimen01,tibia,random_policy,20deg_20mm,3,2,0.9,26.83580353567782,0.0,10.161897115391854,12.614495669498261,0.323871496017091,0.7201666666666666,
,specimen01,tibia,random_policy,20deg_20mm,3,3,0.9,0.788404050742778,1.0,1.2477586554555196,0.8051345200709379,0.13262736800243147,0.988,
,specimen01,tibia,random_policy,20deg_20mm,3,4,0.9,0.7884040507427852,1.0,1.2477586554555196,0.6196780880482528,0.11117431501043029,0.988,
,specimen01,tibia,geometry_policy,aligned,0,0,1.0,0.7846472513563193,1.0,1.2119846638717306,0.6501190632674227,0.08141070700366981,0.9846666666666667,
,specimen01,tibia,geometry_policy,5deg_5mm,1,0,1.0,0.784647251356405,1.0,1.2119846638717306,0.6199560444892563,0.11470990101224743,0.9846666666666667,
,specimen01,tibia,geometry_policy,5deg_5mm,1,1,1.0,0.7846472513563524,1.0,1.211984663869926,0.6542646076165405,0.08227337701828219,0.9846666666666667,
,specimen01,tibia,geometry_policy,5deg_5mm,1,2,1.0,0.7846472513563185,1.0,1.2119846638723322,0.635566812174464,0.08602698001777753,0.9846666666666667,
,specimen01,tibia,geometry_policy,5deg_5mm,1,3,1.0,0.784647251356384,1.0,1.2119846638705276,0.6281547046067705,0.11765344900777563,0.9846666666666667,
,specimen01,tibia,geometry_policy,5deg_5mm,1,4,1.0,0.7846472513562998,1.0,1.2119846638717306,0.6414297653380145,0.08377662999555469,0.9846666666666667,
,specimen01,tibia,geometry_policy,10deg_10mm,2,0,1.0,26.849689010566237,0.0,9.967860029364203,16.821844020180674,0.32367984199663624,0.7055,
,specimen01,tibia,geometry_policy,10deg_10mm,2,1,1.0,0.7846472513563233,1.0,1.2119846638723322,0.7253928724897687,0.08842006302438676,0.9846666666666667,
,specimen01,tibia,geometry_policy,10deg_10mm,2,2,1.0,0.7846472513564009,1.0,1.2119846638687233,0.7340004992689483,0.12007693501072936,0.9846666666666667,
,specimen01,tibia,geometry_policy,10deg_10mm,2,3,1.0,0.7846472513563639,1.0,1.2119846638711291,0.6389610268010588,0.11874372101738118,0.9846666666666667,
,specimen01,tibia,geometry_policy,10deg_10mm,2,4,1.0,0.7846472513563776,1.0,1.2119846638711291,0.6742710779712676,0.11579884501406923,0.9846666666666667,
,specimen01,tibia,geometry_policy,20deg_20mm,3,0,1.0,0.7846472513563479,1.0,1.211984663869926,0.7917465290155783,0.12313208100385964,0.9846666666666667,
,specimen01,tibia,geometry_policy,20deg_20mm,3,1,1.0,26.8496890105663,0.0,9.967860029364129,14.851444939405805,0.3248217809887137,0.7055,
,specimen01,tibia,geometry_policy,20deg_20mm,3,2,1.0,26.848118632639732,0.0,9.986370870032474,12.742380888773399,0.32199150798260234,0.7053333333333334,
,specimen01,tibia,geometry_policy,20deg_20mm,3,3,1.0,0.7846472513563384,1.0,1.2119846638717306,0.8120116724682511,0.13861464700312354,0.9846666666666667,
,specimen01,tibia,geometry_policy,20deg_20mm,3,4,1.0,0.7846472513563751,1.0,1.2119846638711291,0.6343126976631236,0.12239461499848403,0.9846666666666667,
,specimen01,tibia,pfad_policy,aligned,0,0,0.9,1.1122349757080419,1.0,1.3347143687791188,0.9931131760829035,0.043098925991216674,0.9998333333333334,
,specimen01,tibia,pfad_policy,5deg_5mm,1,0,0.9,1.1122349757080714,1.0,1.3347143687785725,0.9721022228629053,0.0512550650164485,0.9998333333333334,
,specimen01,tibia,pfad_policy,5deg_5mm,1,1,0.9,1.1122349757080412,1.0,1.3347143687785725,1.0027699083303454,0.04457677199388854,0.9998333333333334,
,specimen01,tibia,pfad_policy,5deg_5mm,1,2,0.9,1.112234975708052,1.0,1.3347143687791188,0.9770666196369353,0.04656407100264914,0.9998333333333334,
,specimen01,tibia,pfad_policy,5deg_5mm,1,3,0.9,1.112234975708046,1.0,1.3347143687780263,0.9750541710807756,0.048891203972743824,0.9998333333333334,
,specimen01,tibia,pfad_policy,5deg_5mm,1,4,0.9,1.1122349757080523,1.0,1.3347143687785725,0.9870231371714959,0.05210961599368602,0.9998333333333334,
,specimen01,tibia,pfad_policy,10deg_10mm,2,0,0.9,32.93965017505508,0.0,8.09613287782315,21.645046584306403,0.2993264129909221,0.7411666666666666,
,specimen01,tibia,pfad_policy,10deg_10mm,2,1,0.9,1.112234975708025,1.0,1.3347143687791188,1.0574706844230684,0.04666523198829964,0.9998333333333334,
,specimen01,tibia,pfad_policy,10deg_10mm,2,2,0.9,1.1122349757080532,1.0,1.3347143687785725,1.0578706816840917,0.059204957011388615,0.9998333333333334,
,specimen01,tibia,pfad_policy,10deg_10mm,2,3,0.9,1.1122349757080712,1.0,1.33471436877748,0.9742490769125403,0.05761288301437162,0.9998333333333334,
,specimen01,tibia,pfad_policy,10deg_10mm,2,4,0.9,1.1122349757080727,1.0,1.3347143687785725,1.0107230525794844,0.052262876997701824,0.9998333333333334,
,specimen01,tibia,pfad_policy,20deg_20mm,3,0,0.9,1.1122349757080756,1.0,1.3347143687785725,1.0893147133700656,0.059722172998590395,0.9998333333333334,
,specimen01,tibia,pfad_policy,20deg_20mm,3,1,0.9,32.954388552801866,0.0,8.107527695686004,19.859621947254947,0.2923155619937461,0.741,
,specimen01,tibia,pfad_policy,20deg_20mm,3,2,0.9,33.03194681272344,0.0,8.1413744122636,22.119617775155845,0.2925970869837329,0.741,
,specimen01,tibia,pfad_policy,20deg_20mm,3,3,0.9,1.112234975708056,1.0,1.3347143687780263,1.1187406824911441,0.08909904799656942,0.9998333333333334,
,specimen01,tibia,pfad_policy,20deg_20mm,3,4,0.9,1.1122349757080958,1.0,1.33471436877748,0.9844084885108854,0.06830834000720643,0.9998333333333334,
,specimen01,fibula,raw,aligned,0,0,,0.6873437639928147,1.0,1.1796839026239914,0.5011940779393929,0.1695091040164698,0.8391666666666666,
,specimen01,fibula,raw,5deg_5mm,1,0,,0.6873374565962166,1.0,1.1796536836223854,0.555838910985279,0.1699181940057315,0.8391666666666666,
,specimen01,fibula,raw,5deg_5mm,1,1,,0.6873437639928183,1.0,1.1796839026252275,0.411638592051461,0.17194218400982209,0.8391666666666666,
,specimen01,fibula,raw,5deg_5mm,1,2,,0.6873437639928145,1.0,1.1796839026227555,0.43576934418486063,0.16920670599211007,0.8391666666666666,
,specimen01,fibula,raw,5deg_5mm,1,3,,0.6873437639928214,1.0,1.1796839026246095,0.44997892919652277,0.16993377200560644,0.8391666666666666,
,specimen01,fibula,raw,5deg_5mm,1,4,,0.687343763992824,1.0,1.1796839026221375,0.5813236577193016,0.1708807309914846,0.8391666666666666,
,specimen01,fibula,raw,10deg_10mm,2,0,,0.6867794207588513,1.0,1.1751001362733626,0.6583901197730571,0.1611022500146646,0.8391666666666666,
,specimen01,fibula,raw,10deg_10mm,2,1,,0.6873374565943958,1.0,1.1796536836081724,0.429061853375954,0.17088224599137902,0.8391666666666666,
,specimen01,fibula,raw,10deg_10mm,2,2,,0.6873374565962055,1.0,1.1796536836205316,0.579620302048715,0.1679644690011628,0.8391666666666666,
,specimen01,fibula,raw,10deg_10mm,2,3,,0.686767190754779,1.0,1.1746962979945235,0.5119404494316275,0.17316428001504391,0.8391666666666666,
,specimen01,fibula,raw,10deg_10mm,2,4,,0.6873374565944692,1.0,1.1796536836094083,0.5977774962241484,0.16787920900969766,0.8391666666666666,
,specimen01,fibula,raw,20deg_20mm,3,0,,0.6867671907547885,1.0,1.1746962979914206,0.8132369877665031,0.17433294199872762,0.8391666666666666,
,specimen01,fibula,raw,20deg_20mm,3,1,,0.6873437639928064,1.0,1.1796839026239914,0.7900305259563549,0.17268161798710935,0.8391666666666666,
,specimen01,fibula,raw,20deg_20mm,3,2,,0.6873374565962119,1.0,1.1796536836199136,0.7301466168550376,0.1675092610239517,0.8391666666666666,
,specimen01,fibula,raw,20deg_20mm,3,3,,0.6873437639928173,1.0,1.1796839026239914,0.3466881168901103,0.16992220300016925,0.8391666666666666,
,specimen01,fibula,raw,20deg_20mm,3,4,,0.6867671907547673,1.0,1.1746962979926616,0.28468334758260405,0.17438795900670812,0.8391666666666666,
,specimen01,fibula,all_refined,aligned,0,0,1.0,0.8716384355547413,1.0,1.3348977072348014,0.7551138327784302,0.19955003602080978,0.8378333333333333,
,specimen01,fibula,all_refined,5deg_5mm,1,0,1.0,0.871638435626869,1.0,1.3348977074614352,0.8054162687115192,0.19719990598969162,0.8378333333333333,
,specimen01,fibula,all_refined,5deg_5mm,1,1,1.0,0.8716384356269176,1.0,1.3348977074576125,0.6774998273000672,0.19463335099862888,0.8378333333333333,
,specimen01,fibula,all_refined,5deg_5mm,1,2,1.0,0.871638435554753,1.0,1.3348977072309784,0.6985606163061729,0.19771931300056167,0.8378333333333333,
,specimen01,fibula,all_refined,5deg_5mm,1,3,1.0,0.8716384355547342,1.0,1.334897707233163,0.7114720353828273,0.1959624589944724,0.8378333333333333,
,specimen01,fibula,all_refined,5deg_5mm,1,4,1.0,0.8716384355547597,1.0,1.3348977072315247,0.8281768189547668,0.19740192400058731,0.8378333333333333,
,specimen01,fibula,all_refined,10deg_10mm,2,0,1.0,0.8716384355547271,1.0,1.3348977072309784,0.900656509590877,0.19710441399365664,0.8378333333333333,
,specimen01,fibula,all_refined,10deg_10mm,2,1,1.0,0.8716384356268987,1.0,1.3348977074587047,0.6954846381054777,0.19966458200360648,0.8378333333333333,
,specimen01,fibula,all_refined,10deg_10mm,2,2,1.0,0.8716384356268724,1.0,1.3348977074592507,0.8269560769812075,0.20222632799413987,0.8378333333333333,
,specimen01,fibula,all_refined,10deg_10mm,2,3,1.0,0.8716384356268763,1.0,1.3348977074587047,0.7634755334707234,0.2021052799827885,0.8378333333333333,
,specimen01,fibula,all_refined,10deg_10mm,2,4,1.0,0.8716384355547592,1.0,1.334897707233163,0.8464330066312308,0.1956928620056715,0.8378333333333333,
,specimen01,fibula,all_refined,20deg_20mm,3,0,1.0,0.8716384356268811,1.0,1.334897707460889,1.055388850918269,0.17146614199737087,0.8378333333333333,
,specimen01,fibula,all_refined,20deg_20mm,3,1,1.0,0.8716384355547652,1.0,1.3348977072298864,1.0293487838654698,0.2033998949918896,0.8378333333333333,
,specimen01,fibula,all_refined,20deg_20mm,3,2,1.0,0.8716384355547349,1.0,1.334897707233163,0.9764969958642503,0.20030817401129752,0.8378333333333333,
,specimen01,fibula,all_refined,20deg_20mm,3,3,1.0,0.8716384355546908,1.0,1.3348977072315247,0.6258209001682787,0.19941587198991328,0.8378333333333333,
,specimen01,fibula,all_refined,20deg_20mm,3,4,1.0,0.8716384356269368,1.0,1.3348977074576125,0.5720094512900543,0.19803939599660225,0.8378333333333333,
,specimen01,fibula,random_policy,aligned,0,0,0.9,1.1861474981833122,1.0,1.8850685118805006,1.0751001203407184,0.17620345900650136,0.844,
,specimen01,fibula,random_policy,5deg_5mm,1,0,0.9,1.1860790337825955,1.0,1.8849191127445637,1.1313752818610696,0.18019115598872304,0.844,
,specimen01,fibula,random_policy,5deg_5mm,1,1,0.9,1.1861474981833033,1.0,1.8850685118828212,0.9960840516723427,0.1800375170132611,0.844,
,specimen01,fibula,random_policy,5deg_5mm,1,2,0.9,1.1861474980521627,1.0,1.885068512335325,1.0161149185300735,0.17719718199805357,0.844,
,specimen01,fibula,random_policy,5deg_5mm,1,3,0.9,1.1860790337825962,1.0,1.8849191127445637,1.0304087647089406,0.1747099609929137,0.844,
,specimen01,fibula,random_policy,5deg_5mm,1,4,0.9,1.1860790337825995,1.0,1.884919112744177,1.1563697880964512,0.17625517401029356,0.844,
,specimen01,fibula,random_policy,10deg_10mm,2,0,0.9,1.1909318709344263,1.0,1.89540222355674,1.249618378329986,0.16704789598588832,0.844,
,specimen01,fibula,random_policy,10deg_10mm,2,1,0.9,1.1861474981680857,1.0,1.885068513512223,1.0215082792171917,0.18509192697820254,0.844,
,specimen01,fibula,random_policy,10deg_10mm,2,2,0.9,1.1861474980521676,1.0,1.885068512335325,1.1545254463827634,0.17987038000137545,0.844,
,specimen01,fibula,random_policy,10deg_10mm,2,3,0.9,1.1861474981680997,1.0,1.885068513514543,1.0851986447668671,0.1830551979946904,0.844,
,specimen01,fibula,random_policy,10deg_10mm,2,4,0.9,1.1861474981832911,1.0,1.8850685118824344,1.1785433071127847,0.17836100101703778,0.844,
,specimen01,fibula,random_policy,20deg_20mm,3,0,0.9,1.1861474981680729,1.0,1.885068513512996,1.4326724820339747,0.1795128389785532,0.844,
,specimen01,fibula,random_policy,20deg_20mm,3,1,0.9,1.1860790337825977,1.0,1.88491911274379,1.408513727379427,0.178367102984339,0.844,
,specimen01,fibula,random_policy,20deg_20mm,3,2,0.9,1.1861474981833031,1.0,1.8850685118812742,1.3546223819443415,0.17514477402437478,0.844,
,specimen01,fibula,random_policy,20deg_20mm,3,3,0.9,1.1861474981833187,1.0,1.8850685118816606,0.9876331938979195,0.17815451498609036,0.844,
,specimen01,fibula,random_policy,20deg_20mm,3,4,0.9,1.1861474981680664,1.0,1.8850685135118361,0.9216233701241148,0.18106544399051927,0.844,
,specimen01,fibula,geometry_policy,aligned,0,0,1.0,0.8716384355547413,1.0,1.3348977072348014,0.7551138327784302,0.19955003602080978,0.8378333333333333,
,specimen01,fibula,geometry_policy,5deg_5mm,1,0,1.0,0.871638435626869,1.0,1.3348977074614352,0.8054162687115192,0.19719990598969162,0.8378333333333333,
,specimen01,fibula,geometry_policy,5deg_5mm,1,1,1.0,0.8716384356269176,1.0,1.3348977074576125,0.6774998273000672,0.19463335099862888,0.8378333333333333,
,specimen01,fibula,geometry_policy,5deg_5mm,1,2,1.0,0.871638435554753,1.0,1.3348977072309784,0.6985606163061729,0.19771931300056167,0.8378333333333333,
,specimen01,fibula,geometry_policy,5deg_5mm,1,3,1.0,0.8716384355547342,1.0,1.334897707233163,0.7114720353828273,0.1959624589944724,0.8378333333333333,
,specimen01,fibula,geometry_policy,5deg_5mm,1,4,1.0,0.8716384355547597,1.0,1.3348977072315247,0.8281768189547668,0.19740192400058731,0.8378333333333333,
,specimen01,fibula,geometry_policy,10deg_10mm,2,0,1.0,0.8716384355547271,1.0,1.3348977072309784,0.900656509590877,0.19710441399365664,0.8378333333333333,
,specimen01,fibula,geometry_policy,10deg_10mm,2,1,1.0,0.8716384356268987,1.0,1.3348977074587047,0.6954846381054777,0.19966458200360648,0.8378333333333333,
,specimen01,fibula,geometry_policy,10deg_10mm,2,2,1.0,0.8716384356268724,1.0,1.3348977074592507,0.8269560769812075,0.20222632799413987,0.8378333333333333,
,specimen01,fibula,geometry_policy,10deg_10mm,2,3,1.0,0.8716384356268763,1.0,1.3348977074587047,0.7634755334707234,0.2021052799827885,0.8378333333333333,
,specimen01,fibula,geometry_policy,10deg_10mm,2,4,1.0,0.8716384355547592,1.0,1.334897707233163,0.8464330066312308,0.1956928620056715,0.8378333333333333,
,specimen01,fibula,geometry_policy,20deg_20mm,3,0,1.0,0.8716384356268811,1.0,1.334897707460889,1.055388850918269,0.17146614199737087,0.8378333333333333,
,specimen01,fibula,geometry_policy,20deg_20mm,3,1,1.0,0.8716384355547652,1.0,1.3348977072298864,1.0293487838654698,0.2033998949918896,0.8378333333333333,
,specimen01,fibula,geometry_policy,20deg_20mm,3,2,1.0,0.8716384355547349,1.0,1.334897707233163,0.9764969958642503,0.20030817401129752,0.8378333333333333,
,specimen01,fibula,geometry_policy,20deg_20mm,3,3,1.0,0.8716384355546908,1.0,1.3348977072315247,0.6258209001682787,0.19941587198991328,0.8378333333333333,
,specimen01,fibula,geometry_policy,20deg_20mm,3,4,1.0,0.8716384356269368,1.0,1.3348977074576125,0.5720094512900543,0.19803939599660225,0.8378333333333333,
,specimen01,fibula,pfad_policy,aligned,0,0,0.9,0.915954265260572,1.0,1.4804694447154245,0.7895913997609298,0.15218837300199084,0.9421666666666667,
,specimen01,fibula,pfad_policy,5deg_5mm,1,0,0.9,0.9159542652605894,1.0,1.4804694447154245,0.8404428163898991,0.15202774800127372,0.9421666666666667,
,specimen01,fibula,pfad_policy,5deg_5mm,1,1,0.9,0.9159542652605552,1.0,1.4804694447178868,0.7121830981399873,0.14866393100237474,0.9421666666666667,
,specimen01,fibula,pfad_policy,5deg_5mm,1,2,0.9,0.9159542652605732,1.0,1.480469444718379,0.7308612813273392,0.15223094102111645,0.9421666666666667,
,specimen01,fibula,pfad_policy,5deg_5mm,1,3,0.9,0.9159542652605812,1.0,1.480469444718379,0.7436581099192962,0.15301564999390393,0.9421666666666667,
,specimen01,fibula,pfad_policy,5deg_5mm,1,4,0.9,0.915954265260564,1.0,1.4804694447188715,0.8650548620396139,0.1551241970155388,0.9421666666666667,
,specimen01,fibula,pfad_policy,10deg_10mm,2,0,0.9,0.9159542652605621,1.0,1.4804694447139473,0.9447714742610149,0.14931640200666152,0.9421666666666667,
,specimen01,fibula,pfad_policy,10deg_10mm,2,1,0.9,0.9159542652605682,1.0,1.480469444715917,0.7289161215954794,0.15034915300202556,0.9421666666666667,
,specimen01,fibula,pfad_policy,10deg_10mm,2,2,0.9,0.915954265260578,1.0,1.480469444718379,0.8655503781320442,0.15299146398319863,0.9421666666666667,
,specimen01,fibula,pfad_policy,10deg_10mm,2,3,0.9,0.9159542652605716,1.0,1.4804694447164093,0.7982743211165257,0.15419590400415473,0.9421666666666667,
,specimen01,fibula,pfad_policy,10deg_10mm,2,4,0.9,0.9159542652605943,1.0,1.4804694447164093,0.8842195043520814,0.1531654830032494,0.9421666666666667,
,specimen01,fibula,pfad_policy,20deg_20mm,3,0,0.9,0.9159542652605833,1.0,1.480469444715917,1.1060158185028302,0.15408184699481353,0.9421666666666667,
,specimen01,fibula,pfad_policy,20deg_20mm,3,1,0.9,0.9159542652605908,1.0,1.4804694447144398,1.0860499078192396,0.15005804700194858,0.9421666666666667,
,specimen01,fibula,pfad_policy,20deg_20mm,3,2,0.9,0.915954265260592,1.0,1.4804694447139473,1.0265221010734977,0.15315158900921233,0.9421666666666667,
,specimen01,fibula,pfad_policy,20deg_20mm,3,3,0.9,0.9159542652605963,1.0,1.480469444715917,0.672714157317779,0.1507150900142733,0.9421666666666667,
,specimen01,fibula,pfad_policy,20deg_20mm,3,4,0.9,0.9159542652605648,1.0,1.4804694447164093,0.6250627776059648,0.14914601398049854,0.9421666666666667,
,specimen02,foot,raw,aligned,0,0,,1.2046573398424605,1.0,0.553479681629176,1.5328845882182818,0.04365592001704499,0.9971666666666666,
,specimen02,foot,raw,5deg_5mm,1,0,,1.2046573398424962,1.0,0.553479681629176,1.5096372371854585,0.04402783198747784,0.9971666666666666,
,specimen02,foot,raw,5deg_5mm,1,1,,1.2046573398424907,1.0,0.553479681629176,1.5453790338097053,0.04773643898079172,0.9971666666666666,
,specimen02,foot,raw,5deg_5mm,1,2,,1.2046573398423808,1.0,0.5534796816331271,1.571275055464913,0.08031229500193149,0.9971666666666666,
,specimen02,foot,raw,5deg_5mm,1,3,,1.2046573398424443,1.0,0.5534796816318102,1.564279518655107,0.04764191200956702,0.9971666666666666,
,specimen02,foot,raw,5deg_5mm,1,4,,1.204657339842418,1.0,0.5534796816423462,1.5288185968251473,0.07920980799826793,0.9971666666666666,
,specimen02,foot,raw,10deg_10mm,2,0,,1.2046573398424654,1.0,0.553479681629176,1.613056716221769,0.0804837660107296,0.9971666666666666,
,specimen02,foot,raw,10deg_10mm,2,1,,1.2046573398424623,1.0,0.553479681629176,1.6064912523593424,0.04544217698276043,0.9971666666666666,
,specimen02,foot,raw,10deg_10mm,2,2,,1.2046573398424982,1.0,0.553479681629176,1.4553076156872933,0.05191744997864589,0.9971666666666666,
,specimen02,foot,raw,10deg_10mm,2,3,,1.2046573398424556,1.0,0.553479681629176,1.5844989987279807,0.04795905499486253,0.9971666666666666,
,specimen02,foot,raw,10deg_10mm,2,4,,1.2046573398422395,1.0,0.5534796816397122,1.5685277283926522,0.07962290200521238,0.9971666666666666,
,specimen02,foot,raw,20deg_20mm,3,0,,1.2046573398424414,1.0,0.553479681629176,1.5764283206800327,0.051873279007850215,0.9971666666666666,
,specimen02,foot,raw,20deg_20mm,3,1,,1.2046573398424423,1.0,0.553479681626542,1.6873504459821143,0.08172444900264964,0.9971666666666666,
,specimen02,foot,raw,20deg_20mm,3,2,,1.2046573398424372,1.0,0.5534796816212739,1.6198791876650749,0.07947614300064743,0.9971666666666666,
,specimen02,foot,raw,20deg_20mm,3,3,,1.2046573398425016,1.0,0.553479681625225,1.5338059930768775,0.04657281099935062,0.9971666666666666,
,specimen02,foot,raw,20deg_20mm,3,4,,1.2046573398424594,1.0,0.553479681626542,1.57376781943816,0.04998182802228257,0.9971666666666666,
,specimen02,foot,all_refined,aligned,0,0,1.0,1.1931302095761231,1.0,0.5394497157961168,1.5323028123413174,0.04320496099535376,0.9958333333333333,
,specimen02,foot,all_refined,5deg_5mm,1,0,1.0,1.193130209576103,1.0,0.5394497158001706,1.509880516950917,0.043053241999587044,0.9958333333333333,
,specimen02,foot,all_refined,5deg_5mm,1,1,1.0,1.19313020957615,1.0,0.5394497157988194,1.543995230454627,0.046283898991532624,0.9958333333333333,
,specimen02,foot,all_refined,5deg_5mm,1,2,1.0,1.1931302095761538,1.0,0.5394497157988194,1.5703053991006886,0.04600886098342016,0.9958333333333333,
,specimen02,foot,all_refined,5deg_5mm,1,3,1.0,1.1931302095761227,1.0,0.5394497157988194,1.562627427106468,0.0442414740100503,0.9958333333333333,
,specimen02,foot,all_refined,5deg_5mm,1,4,1.0,1.1931302095761507,1.0,0.5394497157961168,1.5288282938948357,0.046472871996229514,0.9958333333333333,
,specimen02,foot,all_refined,10deg_10mm,2,0,1.0,1.1931302095761371,1.0,0.5394497157974681,1.610951253539566,0.049379333009710535,0.9958333333333333,
,specimen02,foot,all_refined,10deg_10mm,2,1,1.0,1.1931302095761418,1.0,0.5394497157974681,1.6037059894391505,0.04373006400419399,0.9958333333333333,
,specimen02,foot,all_refined,10deg_10mm,2,2,1.0,1.193130209576144,1.0,0.5394497157988194,1.4557460028904956,0.07860345402150415,0.9958333333333333,
,specimen02,foot,all_refined,10deg_10mm,2,3,1.0,1.1931302095761045,1.0,0.5394497157988194,1.5822360418815256,0.04564598700380884,0.9958333333333333,
,specimen02,foot,all_refined,10deg_10mm,2,4,1.0,1.1931302095760896,1.0,0.5394497157988194,1.5667325207812104,0.051733394007897004,0.9958333333333333,
,specimen02,foot,all_refined,20deg_20mm,3,0,1.0,1.1931302095761211,1.0,0.5394497157961168,1.5742410537106892,0.053983323014108464,0.9958333333333333,
,specimen02,foot,all_refined,20deg_20mm,3,1,1.0,1.1931302095761325,1.0,0.5394497157961168,1.684489009662395,0.05161682699690573,0.9958333333333333,
,specimen02,foot,all_refined,20deg_20mm,3,2,1.0,1.1931302095761196,1.0,0.5394497157961168,1.6171229140131538,0.05347898599575274,0.9958333333333333,
,specimen02,foot,all_refined,20deg_20mm,3,3,1.0,1.1931302095761036,1.0,0.5394497157988194,1.531213135431857,0.050395229016430676,0.9958333333333333,
,specimen02,foot,all_refined,20deg_20mm,3,4,1.0,1.1931302095761065,1.0,0.5394497157961168,1.5695990302487781,0.04845959000522271,0.9958333333333333,
,specimen02,foot,random_policy,aligned,0,0,0.9,1.1706213492924875,1.0,0.5462966412458262,1.5054174967942522,0.04100087299593724,0.9961666666666666,
,specimen02,foot,random_policy,5deg_5mm,1,0,0.9,1.170621349292519,1.0,0.5462966412458262,1.4801892767232807,0.04242457202053629,0.9961666666666666,
,specimen02,foot,random_policy,5deg_5mm,1,1,0.9,1.1706213492925106,1.0,0.546296641244492,1.517086165069226,0.04379256401443854,0.9961666666666666,
,specimen02,foot,random_policy,5deg_5mm,1,2,0.9,1.1706213413981226,1.0,0.5462966578729231,1.541218911028782,0.07742715801578015,0.9961666666666666,
,specimen02,foot,random_policy,5deg_5mm,1,3,0.9,1.1706213413980926,1.0,0.5462966578755919,1.5364571649455412,0.07502245201612823,0.9961666666666666,
,specimen02,foot,random_policy,5deg_5mm,1,4,0.9,1.1706213413981146,1.0,0.5462966578782605,1.4986144960338803,0.0758640689891763,0.9961666666666666,
,specimen02,foot,random_policy,10deg_10mm,2,0,0.9,1.170621341398142,1.0,0.5462966578782605,1.5810311837698439,0.07626802500453778,0.9961666666666666,
,specimen02,foot,random_policy,10deg_10mm,2,1,0.9,1.1706213492925075,1.0,0.546296641244492,1.5789160123755668,0.04270778800128028,0.9961666666666666,
,specimen02,foot,random_policy,10deg_10mm,2,2,0.9,1.1706213492925355,1.0,0.5462966412431576,1.4332519783233595,0.04853592099971138,0.9961666666666666,
,specimen02,foot,random_policy,10deg_10mm,2,3,0.9,1.1706213492924913,1.0,0.546296641244492,1.5534251493436542,0.044593067024834454,0.9961666666666666,
,specimen02,foot,random_policy,10deg_10mm,2,4,0.9,1.170621341398345,1.0,0.5462966578569113,1.5364873011046023,0.07664773700525984,0.9961666666666666,
,specimen02,foot,random_policy,20deg_20mm,3,0,0.9,1.1706213492923634,1.0,0.5462966412498291,1.560197854355988,0.08061304199509323,0.9961666666666666,
,specimen02,foot,random_policy,20deg_20mm,3,1,0.9,1.1706213413980733,1.0,0.5462966578755919,1.6495615745086065,0.07734719300060533,0.9961666666666666,
,specimen02,foot,random_policy,20deg_20mm,3,2,0.9,1.1706213413981288,1.0,0.5462966578702545,1.5818918522604537,0.07890045800013468,0.9961666666666666,
,specimen02,foot,random_policy,20deg_20mm,3,3,0.9,1.1706213413981879,1.0,0.5462966578649172,1.5001054594357461,0.07874999599880539,0.9961666666666666,
,specimen02,foot,random_policy,20deg_20mm,3,4,0.9,1.1706213413980389,1.0,0.5462966578715889,1.5473560269609048,0.07766193599672988,0.9961666666666666,
,specimen02,foot,geometry_policy,aligned,0,0,0.9,1.1806630469590822,1.0,0.5325487645958459,1.4907407865905486,0.04039545598789118,0.9991666666666666,
,specimen02,foot,geometry_policy,5deg_5mm,1,0,0.9,1.1806630469591144,1.0,0.5325487645985834,1.467211505143342,0.040571566991275176,0.9991666666666666,
,specimen02,foot,geometry_policy,5deg_5mm,1,1,0.9,1.1806630469591146,1.0,0.5325487645999522,1.503679214239121,0.0685768389957957,0.9991666666666666,
,specimen02,foot,geometry_policy,5deg_5mm,1,2,0.9,1.180663046959265,1.0,0.5325487645958459,1.5268762463833858,0.06814430301892571,0.9991666666666666,
,specimen02,foot,geometry_policy,5deg_5mm,1,3,0.9,1.1806630469593282,1.0,0.5325487645794205,1.5219146461802284,0.06747299901326187,0.9991666666666666,
,specimen02,foot,geometry_policy,5deg_5mm,1,4,0.9,1.1806630469591035,1.0,0.5325487645985834,1.4854396727899144,0.041782563988817856,0.9991666666666666,
,specimen02,foot,geometry_policy,10deg_10mm,2,0,0.9,1.1806630469591137,1.0,0.5325487645958459,1.5675344166626037,0.04728501199861057,0.9991666666666666,
,specimen02,foot,geometry_policy,10deg_10mm,2,1,0.9,1.180663046959116,1.0,0.532548764594477,1.5633810636445362,0.042844673997024074,0.9991666666666666,
,specimen02,foot,geometry_policy,10deg_10mm,2,2,0.9,1.180663046959155,1.0,0.5325487645862644,1.417182466514294,0.06760953299817629,0.9991666666666666,
,specimen02,foot,geometry_policy,10deg_10mm,2,3,0.9,1.1806630469593193,1.0,0.5325487645766829,1.5412287515192598,0.06938677400466986,0.9991666666666666,
,specimen02,foot,geometry_policy,10deg_10mm,2,4,0.9,1.180663046959141,1.0,0.5325487645917394,1.5252876262537591,0.04659648900269531,0.9991666666666666,
,specimen02,foot,geometry_policy,20deg_20mm,3,0,0.9,1.1806630469591588,1.0,0.5325487646013208,1.5356300013080626,0.07291810499737039,0.9991666666666666,
,specimen02,foot,geometry_policy,20deg_20mm,3,1,0.9,1.1806630469590789,1.0,0.5325487645958459,1.6371347568727435,0.04592123700422235,0.9991666666666666,
,specimen02,foot,geometry_policy,20deg_20mm,3,2,0.9,1.1806630469590857,1.0,0.5325487645917394,1.5735575033111737,0.04677944100694731,0.9991666666666666,
,specimen02,foot,geometry_policy,20deg_20mm,3,3,0.9,1.180663046959383,1.0,0.532548764582158,1.493328402682563,0.07172184900264256,0.9991666666666666,
,specimen02,foot,geometry_policy,20deg_20mm,3,4,0.9,1.180663046959245,1.0,0.532548764582158,1.5351919709195168,0.06912841499433853,0.9991666666666666,
,specimen02,foot,pfad_policy,aligned,0,0,0.9,1.1973896317651749,1.0,0.5882717648030791,1.5235819308458345,0.03602081001736224,0.9968333333333333,
,specimen02,foot,pfad_policy,5deg_5mm,1,0,0.9,1.1973896317651809,1.0,0.5882717648043182,1.505577314198334,0.03911672401591204,0.9968333333333333,
,specimen02,foot,pfad_policy,5deg_5mm,1,1,0.9,1.1973896317651957,1.0,0.5882717648030791,1.5358269511580935,0.04000759497284889,0.9968333333333333,
,specimen02,foot,pfad_policy,5deg_5mm,1,2,0.9,1.1973896317651838,1.0,0.5882717648043182,1.5694613903103178,0.038381440012017265,0.9968333333333333,
,specimen02,foot,pfad_policy,5deg_5mm,1,3,0.9,1.197389631765169,1.0,0.5882717648043182,1.5544400940959062,0.041762762994039804,0.9968333333333333,
,specimen02,foot,pfad_policy,5deg_5mm,1,4,0.9,1.197389631765173,1.0,0.5882717648043182,1.5272074132770874,0.038472258020192385,0.9968333333333333,
,specimen02,foot,pfad_policy,10deg_10mm,2,0,0.9,1.1973896317651997,1.0,0.58827176480184,1.6149102832545748,0.04288074199575931,0.9968333333333333,
,specimen02,foot,pfad_policy,10deg_10mm,2,1,0.9,1.1973896317651704,1.0,0.58827176480184,1.5957504864741119,0.03877213000669144,0.9968333333333333,
,specimen02,foot,pfad_policy,10deg_10mm,2,2,0.9,1.197389631765126,1.0,0.5882717648067965,1.4317464254674515,0.04365294598392211,0.9968333333333333,
,specimen02,foot,pfad_policy,10deg_10mm,2,3,0.9,1.1973896317651602,1.0,0.5882717648030791,1.5812220690680674,0.04116400200291537,0.9968333333333333,
,specimen02,foot,pfad_policy,10deg_10mm,2,4,0.9,1.1973896317651735,1.0,0.58827176480184,1.5676128419990387,0.040964857005747035,0.9968333333333333,
,specimen02,foot,pfad_policy,20deg_20mm,3,0,0.9,1.1973896313110777,1.0,0.588271761738723,1.542419716882132,0.07052578800357878,0.9968333333333333,
,specimen02,foot,pfad_policy,20deg_20mm,3,1,0.9,1.1973896317651678,1.0,0.5882717648043182,1.7056173996437107,0.04301088000647724,0.9968333333333333,
,specimen02,foot,pfad_policy,20deg_20mm,3,2,0.9,1.1973896317651624,1.0,0.5882717648006008,1.6333175329038148,0.044826766999904066,0.9968333333333333,
,specimen02,foot,pfad_policy,20deg_20mm,3,3,0.9,1.1973896317651465,1.0,0.5882717648043182,1.531503813042262,0.04008990398142487,0.9968333333333333,
,specimen02,foot,pfad_policy,20deg_20mm,3,4,0.9,1.197389631765166,1.0,0.5882717648006008,1.553332887529248,0.04372028700890951,0.9968333333333333,
,specimen02,tibia,raw,aligned,0,0,,1.1174878756598654,1.0,0.272474881035654,0.9920012075590591,0.1864622079883702,0.8865,
,specimen02,tibia,raw,5deg_5mm,1,0,,1.1174878756598494,1.0,0.27247488102227785,0.989056861193516,0.18725964101031423,0.8865,
,specimen02,tibia,raw,5deg_5mm,1,1,,1.1174878756598812,1.0,0.272474881035654,0.9968022024236677,0.18795270801638253,0.8865,
,specimen02,tibia,raw,5deg_5mm,1,2,,1.1174878756598414,1.0,0.2724748810249531,0.9908246174530114,0.18834180201520212,0.8865,
,specimen02,tibia,raw,5deg_5mm,1,3,,1.1174878756598574,1.0,0.2724748810329788,0.985754623142752,0.18969740701140836,0.8865,
,specimen02,tibia,raw,5deg_5mm,1,4,,1.1174878756598694,1.0,0.272474881035654,0.993240144136964,0.1895475070050452,0.8865,
,specimen02,tibia,raw,10deg_10mm,2,0,,1.1174878756598239,1.0,0.2724748810249531,0.9916498717064789,0.18887869801255874,0.8865,
,specimen02,tibia,raw,10deg_10mm,2,1,,1.117487875659863,1.0,0.272474881035654,1.0050455477213858,0.19031703801010735,0.8865,
,specimen02,tibia,raw,10deg_10mm,2,2,,1.122009696849653,1.0,0.2670701026658036,0.984013603958584,0.31708156698732637,0.8865,
,specimen02,tibia,raw,10deg_10mm,2,3,,1.1174878756598612,1.0,0.272474881035654,1.000044581174488,0.18853398799546994,0.8865,
,specimen02,tibia,raw,10deg_10mm,2,4,,29.42304176665241,0.0,27.007626862063926,21.286177913711693,0.36047710897400975,0.6426666666666667,
,specimen02,tibia,raw,20deg_20mm,3,0,,29.41280078997905,0.0,26.981980529102813,14.79695491092763,0.36057166699902155,0.642,
,specimen02,tibia,raw,20deg_20mm,3,1,,1.1174878756598867,1.0,0.2724748810329788,0.9988750486366682,0.19195171497995034,0.8865,
,specimen02,tibia,raw,20deg_20mm,3,2,,1.1220203518213796,1.0,0.26772271449135726,0.9826129938149011,0.3154386880050879,0.8865,
,specimen02,tibia,raw,20deg_20mm,3,3,,1.1175047235716176,1.0,0.27247041179670606,1.0383146437384372,0.1902897100080736,0.8865,
,specimen02,tibia,raw,20deg_20mm,3,4,,1.1216768973316613,1.0,0.2677675886738808,0.9806521810821472,0.29534697500639595,0.8865,
,specimen02,tibia,all_refined,aligned,0,0,1.0,1.0788428366842653,1.0,0.4753855356919793,0.9749510030674337,0.1842326219775714,0.8735,
,specimen02,tibia,all_refined,5deg_5mm,1,0,1.0,1.078842836684273,1.0,0.475385535695046,0.9741157481792052,0.1420910620072391,0.8735,
,specimen02,tibia,all_refined,5deg_5mm,1,1,1.0,1.0788428366842735,1.0,0.4753855356919793,0.9764228930007824,0.18410866099293344,0.8735,
,specimen02,tibia,all_refined,5deg_5mm,1,2,1.0,1.0788428366842566,1.0,0.4753855356919793,0.9758179215529843,0.18563531199470162,0.8735,
,specimen02,tibia,all_refined,5deg_5mm,1,3,1.0,1.0788428366842377,1.0,0.475385535695046,0.9731162094319009,0.1828364089888055,0.8735,
,specimen02,tibia,all_refined,5deg_5mm,1,4,1.0,1.0788428366842437,1.0,0.47538553569657943,0.9752986989078642,0.18245887200464495,0.8735,
,specimen02,tibia,all_refined,10deg_10mm,2,0,1.0,1.078842836684275,1.0,0.47538553569351266,0.9756053312220919,0.183933744992828,0.8735,
,specimen02,tibia,all_refined,10deg_10mm,2,1,1.0,1.0788428366842955,1.0,0.4753855356919793,0.9814400584351719,0.18811391200870275,0.8735,
,specimen02,tibia,all_refined,10deg_10mm,2,2,1.0,1.0776483799271124,1.0,0.47650122474265083,0.9740656710698924,0.2872694190009497,0.8735,
,specimen02,tibia,all_refined,10deg_10mm,2,3,1.0,1.0788428366842338,1.0,0.4753855356873792,0.9779901133934154,0.18710550700780004,0.8735,
,specimen02,tibia,all_refined,10deg_10mm,2,4,1.0,28.96457955444026,0.0,26.763589542273944,20.18200122823437,0.3553623129846528,0.6618333333333334,
,specimen02,tibia,all_refined,20deg_20mm,3,0,1.0,1.078703719156143,1.0,0.4756460447101256,0.9720431955269263,0.28234249897650443,0.8735,
,specimen02,tibia,all_refined,20deg_20mm,3,1,1.0,1.0788428366842646,1.0,0.47538553569044595,0.9806512711468488,0.18977146901306696,0.8735,
,specimen02,tibia,all_refined,20deg_20mm,3,2,1.0,1.0782593265845835,1.0,0.4753609098951073,0.9768671585909636,0.2861407849995885,0.8735,
,specimen02,tibia,all_refined,20deg_20mm,3,3,1.0,1.0788428366842902,1.0,0.47538553569351266,1.0020814488633096,0.1839141990058124,0.8735,
,specimen02,tibia,all_refined,20deg_20mm,3,4,1.0,1.0782595194725408,1.0,0.47536073808837187,0.9797669364117251,0.2857487860019319,0.8735,
,specimen02,tibia,random_policy,aligned,0,0,0.9,1.0637218597224687,1.0,0.2606718975553624,0.9352784549384223,0.18916998599888757,0.8838333333333334,
,specimen02,tibia,random_policy,5deg_5mm,1,0,0.9,1.0637218597224736,1.0,0.2606718975497696,0.9322664846700174,0.18625347802299075,0.8838333333333334,
,specimen02,tibia,random_policy,5deg_5mm,1,1,0.9,1.0637218597224873,1.0,0.2606718975497696,0.9402048161533602,0.19277821001014672,0.8838333333333334,
,specimen02,tibia,random_policy,5deg_5mm,1,2,0.9,1.063721859722477,1.0,0.2606718975441769,0.9336068113812209,0.18628120800713077,0.8838333333333334,
,specimen02,tibia,random_policy,5deg_5mm,1,3,0.9,1.0637218597224585,1.0,0.2606718975413806,0.9292298714984911,0.18740891700144857,0.8838333333333334,
,specimen02,tibia,random_policy,5deg_5mm,1,4,0.9,1.063721859722442,1.0,0.2606718975497696,0.936590545718019,0.19267175102140754,0.8838333333333334,
,specimen02,tibia,random_policy,10deg_10mm,2,0,0.9,1.0637218597224947,1.0,0.2606718975497696,0.9354406698484169,0.19043145299656317,0.8838333333333334,
,specimen02,tibia,random_policy,10deg_10mm,2,1,0.9,1.0637218597224551,1.0,0.2606718975385842,0.9478444239050653,0.18871942500118166,0.8838333333333334,
,specimen02,tibia,random_policy,10deg_10mm,2,2,0.9,1.0737152329662742,1.0,0.2571890423654977,0.9323115423644768,0.27953401301056147,0.8838333333333334,
,specimen02,tibia,random_policy,10deg_10mm,2,3,0.9,1.0637218597224896,1.0,0.2606718975497696,0.9433143169316873,0.1923170020163525,0.8838333333333334,
,specimen02,tibia,random_policy,10deg_10mm,2,4,0.9,28.064780235709737,0.0,22.633823813920067,16.301048730956676,0.36640926398104057,0.656,
,specimen02,tibia,random_policy,20deg_20mm,3,0,0.9,28.070674251465896,0.0,22.69322110237827,10.2837926320753,0.35938498901668936,0.6561666666666667,
,specimen02,tibia,random_policy,20deg_20mm,3,1,0.9,1.0637218597224778,1.0,0.2606718975329915,0.9428983245261818,0.18956318497657776,0.8838333333333334,
,specimen02,tibia,random_policy,20deg_20mm,3,2,0.9,1.0758385247366016,1.0,0.2563225966897739,0.9345508863455029,0.2883147160173394,0.8838333333333334,
,specimen02,tibia,random_policy,20deg_20mm,3,3,0.9,1.0637218597224474,1.0,0.2606718975441769,0.9805616183218778,0.1906087390088942,0.8838333333333334,
,specimen02,tibia,random_policy,20deg_20mm,3,4,0.9,1.0762212284926989,1.0,0.2584149264438489,0.9338634661802165,0.28213755498290993,0.8838333333333334,
,specimen02,tibia,geometry_policy,aligned,0,0,0.9,1.1249301539100718,1.0,0.7397283356567326,1.0238951296008265,0.11403530300594866,0.9351666666666667,
,specimen02,tibia,geometry_policy,5deg_5mm,1,0,0.9,1.1249301539100545,1.0,0.7397283356557471,1.02470324617468,0.11606196101638488,0.9351666666666667,
,specimen02,tibia,geometry_policy,5deg_5mm,1,1,0.9,1.1249301539100343,1.0,0.7397283356518054,1.0229321413872674,0.15816169400932267,0.9351666666666667,
,specimen02,tibia,geometry_policy,5deg_5mm,1,2,0.9,1.1249301539101126,1.0,0.7397283356567326,1.0263359942058052,0.11644616501871496,0.9351666666666667,
,specimen02,tibia,geometry_policy,5deg_5mm,1,3,0.9,1.1249301539100476,1.0,0.7397283356567326,1.0265027362471002,0.12879160401644185,0.9351666666666667,
,specimen02,tibia,geometry_policy,5deg_5mm,1,4,0.9,1.1249301539100867,1.0,0.7397283356567326,1.0235134468015257,0.15432070798124187,0.9351666666666667,
,specimen02,tibia,geometry_policy,10deg_10mm,2,0,0.9,1.1249301539101109,1.0,0.739728335657718,1.026587286900626,0.12145860600867309,0.9351666666666667,
,specimen02,tibia,geometry_policy,10deg_10mm,2,1,0.9,1.124930153910059,1.0,0.7397283356557471,1.025003750798217,0.15348640800220892,0.9351666666666667,
,specimen02,tibia,geometry_policy,10deg_10mm,2,2,0.9,1.1249301539100323,1.0,0.73972833565082,1.0361466680338187,0.14015927800210193,0.9351666666666667,
,specimen02,tibia,geometry_policy,10deg_10mm,2,3,0.9,1.1249301539100438,1.0,0.7397283356596889,1.0229497141802963,0.15714774598018266,0.9351666666666667,
,specimen02,tibia,geometry_policy,10deg_10mm,2,4,0.9,30.01300182264692,0.0,13.198849980341343,21.674473375660188,0.32452540600206703,0.6805,
,specimen02,tibia,geometry_policy,20deg_20mm,3,0,0.9,30.041851211122346,0.0,13.200772587352716,19.467356668843706,0.3346210629970301,0.6805,
,specimen02,tibia,geometry_policy,20deg_20mm,3,1,0.9,1.1249301539100722,1.0,0.7397283356547618,1.0308394345348266,0.12596315200789832,0.9351666666666667,
,specimen02,tibia,geometry_policy,20deg_20mm,3,2,0.9,30.042004316001115,0.0,13.207393754386292,23.00034495656,0.3341711240063887,0.6805,
,specimen02,tibia,geometry_policy,20deg_20mm,3,3,0.9,1.124930153910063,1.0,0.7397283356587034,1.0418349499443378,0.15818985999794677,0.9351666666666667,
,specimen02,tibia,geometry_policy,20deg_20mm,3,4,0.9,30.0439420419438,0.0,13.214750108233401,23.403973360445125,0.3675048049772158,0.6805,
,specimen02,tibia,pfad_policy,aligned,0,0,0.9,1.1352889129444799,1.0,0.3836228049244629,1.0324279201759647,0.11239050998119637,0.9548333333333333,
,specimen02,tibia,pfad_policy,5deg_5mm,1,0,0.9,1.135288912944547,1.0,0.38362280492066264,1.0303074018601264,0.11775223599397577,0.9548333333333333,
,specimen02,tibia,pfad_policy,5deg_5mm,1,1,0.9,1.135288912944453,1.0,0.38362280492066264,1.035562671468618,0.1259811079944484,0.9548333333333333,
,specimen02,tibia,pfad_policy,5deg_5mm,1,2,0.9,1.1352889129445232,1.0,0.38362280492066264,1.0339279557018424,0.12019868398783728,0.9548333333333333,
,specimen02,tibia,pfad_policy,5deg_5mm,1,3,0.9,1.1352889129445856,1.0,0.3836228049244629,1.0279402523277472,0.12579363700933754,0.9548333333333333,
,specimen02,tibia,pfad_policy,5deg_5mm,1,4,0.9,1.135288912944593,1.0,0.3836228049339636,1.0324734135964413,0.12517224898329005,0.9548333333333333,
,specimen02,tibia,pfad_policy,10deg_10mm,2,0,0.9,1.1352889129445207,1.0,0.3836228049149622,1.0296958585377491,0.11986373001127504,0.9548333333333333,
,specimen02,tibia,pfad_policy,10deg_10mm,2,1,0.9,1.1352889129445785,1.0,0.383622804926363,1.0447758784842298,0.1298449400055688,0.9548333333333333,
,specimen02,tibia,pfad_policy,10deg_10mm,2,2,0.9,1.1352889129445654,1.0,0.3836228049187625,1.0288803640893,0.1316613189992495,0.9548333333333333,
,specimen02,tibia,pfad_policy,10deg_10mm,2,3,0.9,1.1352889129445278,1.0,0.38362280491686235,1.0390413996577663,0.13093183399178088,0.9548333333333333,
,specimen02,tibia,pfad_policy,10deg_10mm,2,4,0.9,30.269218919804523,0.0,10.350231027484943,22.139472767398235,0.3387562230054755,0.6773333333333333,
,specimen02,tibia,pfad_policy,20deg_20mm,3,0,0.9,30.409780788168447,0.0,10.28012294691623,21.00181962939196,0.3389361680019647,0.6773333333333333,
,specimen02,tibia,pfad_policy,20deg_20mm,3,1,0.9,1.1352889129445678,1.0,0.383622804926363,1.0339587815581877,0.131740262004314,0.9548333333333333,
,specimen02,tibia,pfad_policy,20deg_20mm,3,2,0.9,30.398737750736533,0.0,10.320327009584158,23.656650431244465,0.3428341839753557,0.677,
,specimen02,tibia,pfad_policy,20deg_20mm,3,3,0.9,1.1352889129445447,1.0,0.3836228049244629,1.0727880900030557,0.12738697600434534,0.9548333333333333,
,specimen02,tibia,pfad_policy,20deg_20mm,3,4,0.9,30.394917881933015,0.0,10.360202281908718,23.778657503523938,0.33822134698857553,0.6776666666666666,
,specimen02,fibula,raw,aligned,0,0,,3.8029523449299507,1.0,3.148131194488056,3.7987478253011604,0.17423145700013265,0.9291666666666667,
,specimen02,fibula,raw,5deg_5mm,1,0,,3.805024816834051,1.0,3.1492814066121446,3.858012048734694,0.14702329601277597,0.9291666666666667,
,specimen02,fibula,raw,5deg_5mm,1,1,,3.805024816834022,1.0,3.1492814066112182,3.802853878500666,0.14938881999114528,0.9291666666666667,
,specimen02,fibula,raw,5deg_5mm,1,2,,3.805024816834017,1.0,3.14928140661006,3.8024347591622303,0.16065493199857883,0.9291666666666667,
,specimen02,fibula,raw,5deg_5mm,1,3,,3.803331964203407,1.0,3.1482703646715997,3.8300009093901846,0.1648599010077305,0.9291666666666667,
,specimen02,fibula,raw,5deg_5mm,1,4,,3.802952344929976,1.0,3.1481311944868975,3.748269424796503,0.17671828999300487,0.9291666666666667,
,specimen02,fibula,raw,10deg_10mm,2,0,,3.8033319642033625,1.0,3.1482703646722947,3.8768188515125335,0.15550551100750454,0.9291666666666667,
,specimen02,fibula,raw,10deg_10mm,2,1,,3.8033319642034105,1.0,3.148270364671368,3.9571369665299327,0.15880479299812578,0.9291666666666667,
,specimen02,fibula,raw,10deg_10mm,2,2,,3.8033319642033825,1.0,3.1482703646709047,3.9202676740858355,0.15351019898662344,0.9291666666666667,
,specimen02,fibula,raw,10deg_10mm,2,3,,3.802952344929935,1.0,3.1481311944875925,3.7262548526286476,0.1759476680017542,0.9291666666666667,
,specimen02,fibula,raw,10deg_10mm,2,4,,3.8050248168339817,1.0,3.1492814066105232,3.8324741436662957,0.1586858119990211,0.9291666666666667,
,specimen02,fibula,raw,20deg_20mm,3,0,,3.8050248168433147,0.0,3.1492814066978276,4.155797319664955,0.1698765380133409,0.9291666666666667,
,specimen02,fibula,raw,20deg_20mm,3,1,,3.802952344929982,1.0,3.1481311944871293,3.823988615080975,0.17668743600370362,0.9291666666666667,
,specimen02,fibula,raw,20deg_20mm,3,2,,3.8029523449319584,1.0,3.148131194506125,3.7213423526861047,0.17753779899794608,0.9291666666666667,
,specimen02,fibula,raw,20deg_20mm,3,3,,3.8050248168339977,1.0,3.149281406610755,3.767064949059038,0.15603319398360327,0.9291666666666667,
,specimen02,fibula,raw,20deg_20mm,3,4,,3.803331964203376,1.0,3.148270364671368,3.9380692459753313,0.19132813601754606,0.9291666666666667,
,specimen02,fibula,all_refined,aligned,0,0,1.0,3.8013569451171048,1.0,3.0688190030374556,3.7965448597515117,0.1720108879962936,0.9225,
,specimen02,fibula,all_refined,5deg_5mm,1,0,1.0,3.8000525198889314,1.0,3.0711200158613656,3.849269373813852,0.17386450699996203,0.9225,
,specimen02,fibula,all_refined,5deg_5mm,1,1,1.0,3.8000525198889674,1.0,3.0711200158616028,3.798183470212811,0.17620039399480447,0.9225,
,specimen02,fibula,all_refined,5deg_5mm,1,2,1.0,3.80005251988894,1.0,3.0711200158618404,3.798161687218061,0.17721331599750556,0.9225,
,specimen02,fibula,all_refined,5deg_5mm,1,3,1.0,3.8013569451171483,1.0,3.068819003037218,3.824732999226442,0.1758568199875299,0.9225,
,specimen02,fibula,all_refined,5deg_5mm,1,4,1.0,3.8000525198889545,1.0,3.0711200158608905,3.7468347974563483,0.17754030899959616,0.9225,
,specimen02,fibula,all_refined,10deg_10mm,2,0,1.0,3.800052519888947,1.0,3.0711200158613656,3.8685134152147023,0.17769621100160293,0.9225,
,specimen02,fibula,all_refined,10deg_10mm,2,1,1.0,3.800052519888926,1.0,3.0711200158599405,3.9473385829986016,0.17913377098739147,0.9225,
,specimen02,fibula,all_refined,10deg_10mm,2,2,1.0,3.800052519888919,1.0,3.0711200158625527,3.913081385858148,0.1779948650219012,0.9225,
,specimen02,fibula,all_refined,10deg_10mm,2,3,1.0,3.8000525198889594,1.0,3.071120015862078,3.7263128917136834,0.17900601000292227,0.9225,
,specimen02,fibula,all_refined,10deg_10mm,2,4,1.0,3.8013569451171323,1.0,3.06881900303698,3.829135429082656,0.17911925501539372,0.9225,
,specimen02,fibula,all_refined,20deg_20mm,3,0,1.0,3.8013569451171376,0.0,3.068819003035792,4.139164026621354,0.16746346800937317,0.9225,
,specimen02,fibula,all_refined,20deg_20mm,3,1,1.0,3.8013569451171163,1.0,3.0688190030365052,3.8149712926580013,0.1744020039914176,0.9225,
,specimen02,fibula,all_refined,20deg_20mm,3,2,1.0,3.800052519888927,1.0,3.0711200158613656,3.7188621101563677,0.18474816001253203,0.9225,
,specimen02,fibula,all_refined,20deg_20mm,3,3,1.0,3.8000525198889124,1.0,3.071120015862078,3.764149109879456,0.1754379830090329,0.9225,
,specimen02,fibula,all_refined,20deg_20mm,3,4,1.0,3.801356945117115,1.0,3.068819003035792,3.929935385413326,0.18128801899729297,0.9225,
,specimen02,fibula,random_policy,aligned,0,0,0.9,3.6288368889994738,1.0,3.180201340494487,3.6215660752470895,0.17078772498643957,0.9246666666666666,
,specimen02,fibula,random_policy,5deg_5mm,1,0,0.9,3.628836888999453,1.0,3.180201340495404,3.680518502805095,0.17113261099439114,0.9246666666666666,
,specimen02,fibula,random_policy,5deg_5mm,1,1,0.9,3.628836888999432,1.0,3.180201340495404,3.625810489004287,0.1689852759882342,0.9246666666666666,
,specimen02,fibula,random_policy,5deg_5mm,1,2,0.9,3.62883688899955,1.0,3.1802013404947167,3.62621905030749,0.16999755101278424,0.9246666666666666,
,specimen02,fibula,random_policy,5deg_5mm,1,3,0.9,3.628836888999484,1.0,3.1802013404963216,3.651707127484909,0.17297137499554083,0.9246666666666666,
,specimen02,fibula,random_policy,5deg_5mm,1,4,0.9,3.6288368889994933,1.0,3.180201340494258,3.568442881534519,0.17537762198480777,0.9246666666666666,
,specimen02,fibula,random_policy,10deg_10mm,2,0,0.9,3.6288368889995004,1.0,3.180201340494258,3.701222678185731,0.17201854300219566,0.9246666666666666,
,specimen02,fibula,random_policy,10deg_10mm,2,1,0.9,3.628836888999516,1.0,3.180201340494258,3.789737928916496,0.1794450689922087,0.9246666666666666,
,specimen02,fibula,random_policy,10deg_10mm,2,2,0.9,3.628836888999394,1.0,3.1802013404947167,3.7530497649972716,0.17077910399530083,0.9246666666666666,
,specimen02,fibula,random_policy,10deg_10mm,2,3,0.9,3.628836888999479,1.0,3.180201340495175,3.546742343747742,0.16955652699107304,0.9246666666666666,
,specimen02,fibula,random_policy,10deg_10mm,2,4,0.9,3.628836888999508,1.0,3.180201340494258,3.660343607211323,0.17275683200568892,0.9246666666666666,
,specimen02,fibula,random_policy,20deg_20mm,3,0,0.9,3.6288368889994276,0.0,3.180201340494258,4.002215600472729,0.17368244999670424,0.9246666666666666,
,specimen02,fibula,random_policy,20deg_20mm,3,1,0.9,3.628836888999433,1.0,3.1802013404940284,3.640428853789924,0.17154785100137815,0.9246666666666666,
,specimen02,fibula,random_policy,20deg_20mm,3,2,0.9,3.628836888999487,1.0,3.180201340494258,3.5360818710765054,0.178053636016557,0.9246666666666666,
,specimen02,fibula,random_policy,20deg_20mm,3,3,0.9,3.6288368889994764,1.0,3.180201340494258,3.588660270609119,0.17121952402521856,0.9246666666666666,
,specimen02,fibula,random_policy,20deg_20mm,3,4,0.9,3.628836888999471,1.0,3.180201340494258,3.769188421395899,0.17645141598768532,0.9246666666666666,
,specimen02,fibula,geometry_policy,aligned,0,0,0.9,3.525261043725945,1.0,2.590637544419733,3.523855497270089,0.11897064402000979,0.9666666666666667,
,specimen02,fibula,geometry_policy,5deg_5mm,1,0,0.9,3.525261043725942,1.0,2.5906375444208587,3.5694169591273854,0.09416991999023594,0.9666666666666667,
,specimen02,fibula,geometry_policy,5deg_5mm,1,1,0.9,3.52525173727516,1.0,2.5920570819308724,3.5251231043290328,0.12196536100236699,0.9666666666666667,
,specimen02,fibula,geometry_policy,5deg_5mm,1,2,0.9,3.525261043725877,1.0,2.5906375444208587,3.5246007670176054,0.12312591500813141,0.9666666666666667,
,specimen02,fibula,geometry_policy,5deg_5mm,1,3,0.9,3.5252610437259553,1.0,2.590637544419733,3.5479103801199665,0.09159986200393178,0.9666666666666667,
,specimen02,fibula,geometry_policy,5deg_5mm,1,4,0.9,3.525251737275171,1.0,2.5920570819308724,3.482205296506344,0.1195567770046182,0.9666666666666667,
,specimen02,fibula,geometry_policy,10deg_10mm,2,0,0.9,3.5252610437259335,1.0,2.590637544419733,3.5857518557253396,0.1246672330016736,0.9666666666666667,
,specimen02,fibula,geometry_policy,10deg_10mm,2,1,0.9,3.525261043725929,1.0,2.590637544419733,3.649723104426801,0.13020340399816632,0.9666666666666667,
,specimen02,fibula,geometry_policy,10deg_10mm,2,2,0.9,3.5252610437259304,1.0,2.5906375444211402,3.620853875457032,0.1237032039789483,0.9666666666666667,
,specimen02,fibula,geometry_policy,10deg_10mm,2,3,0.9,3.5252610437259784,1.0,2.5906375444194514,3.463341443057202,0.09927482999046333,0.9666666666666667,
,specimen02,fibula,geometry_policy,10deg_10mm,2,4,0.9,3.525261043725877,1.0,2.590637544421422,3.547198759031318,0.12352765101240948,0.9666666666666667,
,specimen02,fibula,geometry_policy,20deg_20mm,3,0,0.9,3.525261043725959,1.0,2.5906375444186067,3.802858409177503,0.12317616501240991,0.9666666666666667,
,specimen02,fibula,geometry_policy,20deg_20mm,3,1,0.9,3.5252610437259144,1.0,2.5906375444208587,3.533884377832947,0.12059142801444978,0.9666666666666667,
,specimen02,fibula,geometry_policy,20deg_20mm,3,2,0.9,3.525261043725927,1.0,2.5906375444194514,3.4586180693827266,0.12282712999149226,0.9666666666666667,
,specimen02,fibula,geometry_policy,20deg_20mm,3,3,0.9,3.525261043725946,1.0,2.5906375444186067,3.4965597609807957,0.10200789599912241,0.9666666666666667,
,specimen02,fibula,geometry_policy,20deg_20mm,3,4,0.9,3.5252610437259118,1.0,2.5906375444188883,3.63385965584575,0.12700779901933856,0.9666666666666667,
,specimen02,fibula,pfad_policy,aligned,0,0,0.9,3.5340167420066675,1.0,2.813444374419625,3.5308002490222816,0.09942601999500766,0.9961666666666666,
,specimen02,fibula,pfad_policy,5deg_5mm,1,0,0.9,3.5340167420066977,1.0,2.813444374419107,3.581737295800698,0.10567316200467758,0.9961666666666666,
,specimen02,fibula,pfad_policy,5deg_5mm,1,1,0.9,3.534016742006655,1.0,2.813444374419366,3.5334564222749836,0.1013107459875755,0.9961666666666666,
,specimen02,fibula,pfad_policy,5deg_5mm,1,2,0.9,3.5340167420066373,1.0,2.813444374418588,3.533379404614265,0.1067079320200719,0.9961666666666666,
,specimen02,fibula,pfad_policy,5deg_5mm,1,3,0.9,3.534016742006715,1.0,2.8134443744188475,3.55700301456777,0.099152934999438,0.9961666666666666,
,specimen02,fibula,pfad_policy,5deg_5mm,1,4,0.9,3.5340167420066533,1.0,2.813444374420144,3.4841644678683457,0.10041938201175071,0.9961666666666666,
,specimen02,fibula,pfad_policy,10deg_10mm,2,0,0.9,3.5340167420066595,1.0,2.813444374420144,3.5995690833627356,0.11096812100731768,0.9961666666666666,
,specimen02,fibula,pfad_policy,10deg_10mm,2,1,0.9,3.534016742006693,1.0,2.8134443744198845,3.6742321368884068,0.10975558098289184,0.9961666666666666,
,specimen02,fibula,pfad_policy,10deg_10mm,2,2,0.9,3.5340167420066604,1.0,2.813444374419625,3.642560639926902,0.11036707600578666,0.9961666666666666,
,specimen02,fibula,pfad_policy,10deg_10mm,2,3,0.9,3.5340167420067,1.0,2.813444374420144,3.464011379809527,0.10396903799846768,0.9961666666666666,
,specimen02,fibula,pfad_policy,10deg_10mm,2,4,0.9,3.5340167420066995,1.0,2.813444374418588,3.5608261420910376,0.10554219500045292,0.9961666666666666,
,specimen02,fibula,pfad_policy,20deg_20mm,3,0,0.9,3.534016742006654,1.0,2.813444374419625,3.8517615355028907,0.12226064098649658,0.9961666666666666,
,specimen02,fibula,pfad_policy,20deg_20mm,3,1,0.9,3.5340167420066484,1.0,2.8134443744198845,3.542327665553462,0.10559526600991376,0.9961666666666666,
,specimen02,fibula,pfad_policy,20deg_20mm,3,2,0.9,3.5340167420066644,1.0,2.813444374418588,3.455755931408503,0.10865785600617528,0.9961666666666666,
,specimen02,fibula,pfad_policy,20deg_20mm,3,3,0.9,3.534016742006665,1.0,2.8134443744204023,3.501503642892412,0.10783026300487109,0.9961666666666666,
,specimen02,fibula,pfad_policy,20deg_20mm,3,4,0.9,3.5340167420067186,1.0,2.813444374419107,3.6563223099014897,0.11308898599236272,0.9961666666666666,
,specimen03,foot,raw,aligned,0,0,,2.577664106756307,1.0,1.1024656050548363,1.7187712024035682,0.062438746012048796,0.9993333333333333,
,specimen03,foot,raw,5deg_5mm,1,0,,2.5765957372630983,1.0,1.1011305067517287,1.6829072264861995,0.05651365002267994,0.9993333333333333,
,specimen03,foot,raw,5deg_5mm,1,1,,2.5776641067564796,1.0,1.102465605053514,1.8073098087969388,0.06226534201414324,0.9993333333333333,
,specimen03,foot,raw,5deg_5mm,1,2,,2.577680411259891,1.0,1.102478529284176,1.7578225173204638,0.03963367297546938,0.9993333333333333,
,specimen03,foot,raw,5deg_5mm,1,3,,2.576595812433047,1.0,1.1011305668972273,1.7190220020723412,0.056137501989724115,0.9993333333333333,
,specimen03,foot,raw,5deg_5mm,1,4,,2.5776641666639133,1.0,1.1024656529782162,1.6718498617508606,0.04041431500809267,0.9993333333333333,
,specimen03,foot,raw,10deg_10mm,2,0,,2.576595737263318,1.0,1.1011305067437844,1.7789700925227552,0.05773702799342573,0.9993333333333333,
,specimen03,foot,raw,10deg_10mm,2,1,,2.5765958124329655,1.0,1.1011305668959033,1.6983633367513955,0.056048270023893565,0.9993333333333333,
,specimen03,foot,raw,10deg_10mm,2,2,,2.577680411259894,1.0,1.1024785292828534,1.9100520724080094,0.04074080800637603,0.9993333333333333,
,specimen03,foot,raw,10deg_10mm,2,3,,2.5765957372632062,1.0,1.1011305067490806,1.5386624902666894,0.05636515998048708,0.9993333333333333,
,specimen03,foot,raw,10deg_10mm,2,4,,2.5776641067563126,1.0,1.1024656050554977,1.7958037652132495,0.06161007899208926,0.9993333333333333,
,specimen03,foot,raw,20deg_20mm,3,0,,2.5765957372632773,1.0,1.1011305067437844,1.5168770359340242,0.05773970199516043,0.9993333333333333,
,specimen03,foot,raw,20deg_20mm,3,1,,2.5765957372632053,1.0,1.1011305067470947,1.693671211635015,0.056071934988722205,0.9993333333333333,
,specimen03,foot,raw,20deg_20mm,3,2,,2.577680411259854,1.0,1.102478529284176,1.778468341034954,0.04436874599196017,0.9993333333333333,
,specimen03,foot,raw,20deg_20mm,3,3,,2.577680411259862,1.0,1.1024785292835146,2.056552233566343,0.05187330101034604,0.9993333333333333,
,specimen03,foot,raw,20deg_20mm,3,4,,2.577664166663918,1.0,1.1024656529762327,1.6008627294760664,0.04571276900242083,0.9993333333333333,
,specimen03,foot,all_refined,aligned,0,0,1.0,2.5934361120638205,1.0,1.1562399619607309,1.6896039574850332,0.09524385700933635,0.9995,
,specimen03,foot,all_refined,5deg_5mm,1,0,1.0,2.5934361120637233,1.0,1.156239961967666,1.6416819287811295,0.09630225400906056,0.9995,
,specimen03,foot,all_refined,5deg_5mm,1,1,1.0,2.593436112063812,1.0,1.1562399619638832,1.7769420104580531,0.09647691898862831,0.9995,
,specimen03,foot,all_refined,5deg_5mm,1,2,1.0,2.593436112063877,1.0,1.1562399619619919,1.723653202468026,0.09422582300612703,0.9995,
,specimen03,foot,all_refined,5deg_5mm,1,3,1.0,2.593436112063879,1.0,1.1562399619645136,1.6795333391473024,0.09730809601023793,0.9995,
,specimen03,foot,all_refined,5deg_5mm,1,4,1.0,2.593436112063797,1.0,1.1562399619601003,1.6481400792344605,0.07796748098917305,0.9995,
,specimen03,foot,all_refined,10deg_10mm,2,0,1.0,2.5934361120636735,1.0,1.156239961967666,1.7269010482370875,0.09515428199665621,0.9995,
,specimen03,foot,all_refined,10deg_10mm,2,1,1.0,2.5934361120636993,1.0,1.1562399619626222,1.6456203637328093,0.0774384859832935,0.9995,
,specimen03,foot,all_refined,10deg_10mm,2,2,1.0,2.593436112063811,1.0,1.1562399619619919,1.8822824582047761,0.0958541120053269,0.9995,
,specimen03,foot,all_refined,10deg_10mm,2,3,1.0,2.593436112063844,1.0,1.1562399619638832,1.515811143771074,0.09913212500396185,0.9995,
,specimen03,foot,all_refined,10deg_10mm,2,4,1.0,2.593436112063746,1.0,1.156239961966405,1.7526893914468393,0.09705489597399719,0.9995,
,specimen03,foot,all_refined,20deg_20mm,3,0,1.0,2.59343611206382,1.0,1.1562399619601003,1.483944932690484,0.09701247399789281,0.9995,
,specimen03,foot,all_refined,20deg_20mm,3,1,1.0,2.5934361120636322,1.0,1.1562399619670356,1.6747919125706834,0.09689685198827647,0.9995,
,specimen03,foot,all_refined,20deg_20mm,3,2,1.0,2.5934361120637384,1.0,1.1562399619607309,1.7963108825538483,0.08324003400048241,0.9995,
,specimen03,foot,all_refined,20deg_20mm,3,3,1.0,2.5934361120639133,1.0,1.1562399619582089,2.031692296347027,0.0999887670041062,0.9995,
,specimen03,foot,all_refined,20deg_20mm,3,4,1.0,2.593436112063795,1.0,1.1562399619619919,1.5527090269644128,0.08086570701561868,0.9995,
,specimen03,foot,random_policy,aligned,0,0,0.9,2.5749541027176113,1.0,1.0823865028439932,1.7458581573456327,0.08321285099373199,0.9993333333333333,
,specimen03,foot,random_policy,5deg_5mm,1,0,0.9,2.574954102717521,1.0,1.0823865028466872,1.7067034694713195,0.08173769898712635,0.9993333333333333,
,specimen03,foot,random_policy,5deg_5mm,1,1,0.9,2.574954102717561,1.0,1.0823865028453403,1.831447401007134,0.08305221699993126,0.9993333333333333,
,specimen03,foot,random_policy,5deg_5mm,1,2,0.9,2.574954102717468,1.0,1.0823865028480342,1.78186965904983,0.08164443101850338,0.9993333333333333,
,specimen03,foot,random_policy,5deg_5mm,1,3,0.9,2.574954102717621,1.0,1.0823865028419728,1.7425622385394794,0.08576198600349016,0.9993333333333333,
,specimen03,foot,random_policy,5deg_5mm,1,4,0.9,2.574954102717572,1.0,1.0823865028433197,1.7023930024755345,0.08586864700191654,0.9993333333333333,
,specimen03,foot,random_policy,10deg_10mm,2,0,0.9,2.5749541027175926,1.0,1.0823865028439932,1.795968833097417,0.08250913702067919,0.9993333333333333,
,specimen03,foot,random_policy,10deg_10mm,2,1,0.9,2.5749541027175873,1.0,1.0823865028453403,1.716900309610239,0.08474073698744178,0.9993333333333333,
,specimen03,foot,random_policy,10deg_10mm,2,2,0.9,2.5749541027176313,1.0,1.0823865028426463,1.9322084914708855,0.08313491399167106,0.9993333333333333,
,specimen03,foot,random_policy,10deg_10mm,2,3,0.9,2.574954102717637,1.0,1.0823865028426463,1.5733599438925077,0.08344426201074384,0.9993333333333333,
,specimen03,foot,random_policy,10deg_10mm,2,4,0.9,2.574954102717636,1.0,1.0823865028446669,1.8146250946524793,0.08242248199530877,0.9993333333333333,
,specimen03,foot,random_policy,20deg_20mm,3,0,0.9,2.574954102717567,1.0,1.0823865028439932,1.5461882789879944,0.083444429008523,0.9993333333333333,
,specimen03,foot,random_policy,20deg_20mm,3,1,0.9,2.574954102717496,1.0,1.0823865028453403,1.7244249492840862,0.08248982799705118,0.9993333333333333,
,specimen03,foot,random_policy,20deg_20mm,3,2,0.9,2.5749541027176797,1.0,1.0823865028426463,1.8225494182581803,0.08515112599707209,0.9993333333333333,
,specimen03,foot,random_policy,20deg_20mm,3,3,0.9,2.574954102717553,1.0,1.0823865028426463,2.0753439844207455,0.08661521199974231,0.9993333333333333,
,specimen03,foot,random_policy,20deg_20mm,3,4,0.9,2.5749541027174976,1.0,1.0823865028460138,1.622411106529865,0.08388378500239924,0.9993333333333333,
,specimen03,foot,geometry_policy,aligned,0,0,1.0,2.5934361120638205,1.0,1.1562399619607309,1.6896039574850332,0.09524385700933635,0.9995,
,specimen03,foot,geometry_policy,5deg_5mm,1,0,1.0,2.5934361120637233,1.0,1.156239961967666,1.6416819287811295,0.09630225400906056,0.9995,
,specimen03,foot,geometry_policy,5deg_5mm,1,1,1.0,2.593436112063812,1.0,1.1562399619638832,1.7769420104580531,0.09647691898862831,0.9995,
,specimen03,foot,geometry_policy,5deg_5mm,1,2,1.0,2.593436112063877,1.0,1.1562399619619919,1.723653202468026,0.09422582300612703,0.9995,
,specimen03,foot,geometry_policy,5deg_5mm,1,3,1.0,2.593436112063879,1.0,1.1562399619645136,1.6795333391473024,0.09730809601023793,0.9995,
,specimen03,foot,geometry_policy,5deg_5mm,1,4,1.0,2.593436112063797,1.0,1.1562399619601003,1.6481400792344605,0.07796748098917305,0.9995,
,specimen03,foot,geometry_policy,10deg_10mm,2,0,1.0,2.5934361120636735,1.0,1.156239961967666,1.7269010482370875,0.09515428199665621,0.9995,
,specimen03,foot,geometry_policy,10deg_10mm,2,1,1.0,2.5934361120636993,1.0,1.1562399619626222,1.6456203637328093,0.0774384859832935,0.9995,
,specimen03,foot,geometry_policy,10deg_10mm,2,2,1.0,2.593436112063811,1.0,1.1562399619619919,1.8822824582047761,0.0958541120053269,0.9995,
,specimen03,foot,geometry_policy,10deg_10mm,2,3,1.0,2.593436112063844,1.0,1.1562399619638832,1.515811143771074,0.09913212500396185,0.9995,
,specimen03,foot,geometry_policy,10deg_10mm,2,4,1.0,2.593436112063746,1.0,1.156239961966405,1.7526893914468393,0.09705489597399719,0.9995,
,specimen03,foot,geometry_policy,20deg_20mm,3,0,1.0,2.59343611206382,1.0,1.1562399619601003,1.483944932690484,0.09701247399789281,0.9995,
,specimen03,foot,geometry_policy,20deg_20mm,3,1,1.0,2.5934361120636322,1.0,1.1562399619670356,1.6747919125706834,0.09689685198827647,0.9995,
,specimen03,foot,geometry_policy,20deg_20mm,3,2,1.0,2.5934361120637384,1.0,1.1562399619607309,1.7963108825538483,0.08324003400048241,0.9995,
,specimen03,foot,geometry_policy,20deg_20mm,3,3,1.0,2.5934361120639133,1.0,1.1562399619582089,2.031692296347027,0.0999887670041062,0.9995,
,specimen03,foot,geometry_policy,20deg_20mm,3,4,1.0,2.593436112063795,1.0,1.1562399619619919,1.5527090269644128,0.08086570701561868,0.9995,
,specimen03,foot,pfad_policy,aligned,0,0,0.9,2.6311349670411905,1.0,1.1847973349697358,1.61926405918569,0.042425100022228435,1.0,
,specimen03,foot,pfad_policy,5deg_5mm,1,0,0.9,2.6311349670412265,1.0,1.1847973349697358,1.588203690635414,0.043952442007139325,1.0,
,specimen03,foot,pfad_policy,5deg_5mm,1,1,0.9,2.631134966935087,1.0,1.184797334879905,1.7142838325916907,0.06262021002476104,1.0,
,specimen03,foot,pfad_policy,5deg_5mm,1,2,0.9,2.631134966935128,1.0,1.1847973348774439,1.6612275372213363,0.06082609499571845,1.0,
,specimen03,foot,pfad_policy,5deg_5mm,1,3,0.9,2.6311349669349995,1.0,1.1847973348823662,1.6242940793506957,0.0603018109977711,1.0,
,specimen03,foot,pfad_policy,5deg_5mm,1,4,0.9,2.6311349670412523,1.0,1.1847973349691205,1.5681243816489783,0.04463717099861242,1.0,
,specimen03,foot,pfad_policy,10deg_10mm,2,0,0.9,2.631134967041206,1.0,1.184797334968505,1.6982188714013122,0.04555222700582817,1.0,
,specimen03,foot,pfad_policy,10deg_10mm,2,1,0.9,2.6311349670412403,1.0,1.1847973349691205,1.615637424573759,0.04400786498445086,1.0,
,specimen03,foot,pfad_policy,10deg_10mm,2,2,0.9,2.631134966935122,1.0,1.1847973348774439,1.825309735298569,0.06174676399677992,1.0,
,specimen03,foot,pfad_policy,10deg_10mm,2,3,0.9,2.6311349670412247,1.0,1.184797334968505,1.422989420388438,0.045258493977598846,1.0,
,specimen03,foot,pfad_policy,10deg_10mm,2,4,0.9,2.6311349669352513,1.0,1.184797334876213,1.7182082966698986,0.06119455801672302,1.0,
,specimen03,foot,pfad_policy,20deg_20mm,3,0,0.9,2.6311349670411732,1.0,1.184797334970351,1.427647355237015,0.04590186901623383,1.0,
,specimen03,foot,pfad_policy,20deg_20mm,3,1,0.9,2.631134966935141,1.0,1.1847973348755978,1.6073977757116913,0.06356409800355323,1.0,
,specimen03,foot,pfad_policy,20deg_20mm,3,2,0.9,2.6311349669349613,1.0,1.1847973348842118,1.655987611247031,0.06245835099252872,1.0,
,specimen03,foot,pfad_policy,20deg_20mm,3,3,0.9,2.6311349669349493,1.0,1.1847973348835965,1.9760993447883843,0.06705453299218789,1.0,
,specimen03,foot,pfad_policy,20deg_20mm,3,4,0.9,2.6311349670411674,1.0,1.1847973349691205,1.4922634991366908,0.04758618399500847,1.0,
,specimen03,tibia,raw,aligned,0,0,,1.4045378020907255,1.0,0.9763965707823942,1.2230639287215084,0.15354868600843474,0.8858333333333334,
,specimen03,tibia,raw,5deg_5mm,1,0,,1.4043694630122752,1.0,0.9759157182758362,1.2359816131276091,0.10836762099643238,0.8858333333333334,
,specimen03,tibia,raw,5deg_5mm,1,1,,1.4041454263142605,1.0,0.9728502600494037,1.2846912639651251,0.14431437599705532,0.8858333333333334,
,specimen03,tibia,raw,5deg_5mm,1,2,,1.4045378020907167,1.0,0.9763965707823942,1.2956420981282397,0.1552497720113024,0.8858333333333334,
,specimen03,tibia,raw,5deg_5mm,1,3,,1.4045378020907084,1.0,0.9763965707861271,1.1832037518738097,0.15410008298931643,0.8858333333333334,
,specimen03,tibia,raw,5deg_5mm,1,4,,1.4041454263142632,1.0,0.9728502600516515,1.2407642195119355,0.14882458897773176,0.8858333333333334,
,specimen03,tibia,raw,10deg_10mm,2,0,,1.4045378020907155,1.0,0.976396570784634,1.3556090893012611,0.15280526198330335,0.8858333333333334,
,specimen03,tibia,raw,10deg_10mm,2,1,,1.4045378020907169,1.0,0.976396570784634,1.3453255643647923,0.15876980702159926,0.8858333333333334,
,specimen03,tibia,raw,10deg_10mm,2,2,,1.404145426315017,1.0,0.9728502600583954,1.3828740786076987,0.14256160199875012,0.8858333333333334,
,specimen03,tibia,raw,10deg_10mm,2,3,,1.4043694630122732,1.0,0.9759157182750892,1.1866016742462122,0.0958442639966961,0.8858333333333334,
,specimen03,tibia,raw,10deg_10mm,2,4,,1.4045378020907149,1.0,0.9763965707831408,1.23691424773286,0.10082209898973815,0.8858333333333334,
,specimen03,tibia,raw,20deg_20mm,3,0,,28.929769013397586,0.0,51.1499590519448,27.223418565778815,0.31997937097912654,0.6945,
,specimen03,tibia,raw,20deg_20mm,3,1,,28.92576062635918,0.0,51.07626781337132,13.127202012939188,0.3294993930030614,0.6945,
,specimen03,tibia,raw,20deg_20mm,3,2,,28.923921563283102,0.0,51.06789416934031,3.757477426275782,0.32018120697466657,0.6945,
,specimen03,tibia,raw,20deg_20mm,3,3,,28.916104670098516,0.0,51.02820023602983,20.693476793660626,0.3181125379924197,0.6941666666666667,
,specimen03,tibia,raw,20deg_20mm,3,4,,1.4041454263142734,1.0,0.9728502600471559,1.5484131123210236,0.14520591800101101,0.8858333333333334,
,specimen03,tibia,all_refined,aligned,0,0,1.0,1.395128746852755,1.0,0.7799037889177095,1.2599969734754062,0.12391680001746863,0.8878333333333334,
,specimen03,tibia,all_refined,5deg_5mm,1,0,1.0,1.3956432477874536,1.0,0.7832000855995352,1.276906804902972,0.1834856689965818,0.8878333333333334,
,specimen03,tibia,all_refined,5deg_5mm,1,1,1.0,1.3956432476075946,1.0,0.7832000817174374,1.3114738263825558,0.18196423500194214,0.8878333333333334,
,specimen03,tibia,all_refined,5deg_5mm,1,2,1.0,1.3957565516317676,1.0,0.7874611427783416,1.3177299296378129,0.17801491700811312,0.8878333333333334,
,specimen03,tibia,all_refined,5deg_5mm,1,3,1.0,1.3957792664157243,1.0,0.784990703273095,1.2248902445302974,0.19275387199013494,0.8878333333333334,
,specimen03,tibia,all_refined,5deg_5mm,1,4,1.0,1.3956432476075955,1.0,0.7832000817174374,1.2796390293716107,0.18492636200971901,0.8878333333333334,
,specimen03,tibia,all_refined,10deg_10mm,2,0,1.0,1.395643247607597,1.0,0.7832000817165066,1.3762211394421937,0.1842902050120756,0.8878333333333334,
,specimen03,tibia,all_refined,10deg_10mm,2,1,1.0,1.3956432477874454,1.0,0.7832000855958122,1.3565619783292544,0.1863795749959536,0.8878333333333334,
,specimen03,tibia,all_refined,10deg_10mm,2,2,1.0,1.3956432477874525,1.0,0.7832000855986044,1.3873842783289916,0.18367529200622812,0.8878333333333334,
,specimen03,tibia,all_refined,10deg_10mm,2,3,1.0,1.3957792664157302,1.0,0.7849907032721664,1.2136181269860535,0.1902722230006475,0.8878333333333334,
,specimen03,tibia,all_refined,10deg_10mm,2,4,1.0,1.3956432476075902,1.0,0.7832000817137145,1.263934669971076,0.18785631298669614,0.8878333333333334,
,specimen03,tibia,all_refined,20deg_20mm,3,0,1.0,29.357812884752313,0.0,54.53369432979086,28.7975035085879,0.3191241619933862,0.6935,
,specimen03,tibia,all_refined,20deg_20mm,3,1,1.0,29.35947045730922,0.0,54.57198078516785,13.449676228449475,0.32867576598073356,0.6938333333333333,
,specimen03,tibia,all_refined,20deg_20mm,3,2,1.0,29.3594108485662,0.0,54.572492006929785,3.88608608529549,0.32217231500544585,0.6938333333333333,
,specimen03,tibia,all_refined,20deg_20mm,3,3,1.0,29.359692845444204,0.0,54.586955973829674,22.185787021639303,0.3140221380162984,0.6936666666666667,
,specimen03,tibia,all_refined,20deg_20mm,3,4,1.0,1.395643247787448,1.0,0.7832000855976737,1.5092313481162674,0.190139697981067,0.8878333333333334,
,specimen03,tibia,random_policy,aligned,0,0,0.9,1.442503604230815,1.0,1.2336186299280025,1.1924311135619272,0.13621268002316356,0.8921666666666667,
,specimen03,tibia,random_policy,5deg_5mm,1,0,0.9,1.44250360423082,1.0,1.2336186299274117,1.199344086322596,0.13887158301076852,0.8921666666666667,
,specimen03,tibia,random_policy,5deg_5mm,1,1,0.9,1.4425036042308161,1.0,1.2336186299280025,1.2660627650463308,0.14464045301428996,0.8921666666666667,
,specimen03,tibia,random_policy,5deg_5mm,1,2,0.9,1.4424241604449521,1.0,1.2327935943304755,1.2828420961983387,0.16619389798142947,0.8921666666666667,
,specimen03,tibia,random_policy,5deg_5mm,1,3,0.9,1.4424241604449635,1.0,1.2327935943298842,1.1438194146180898,0.1630885170015972,0.8921666666666667,
,specimen03,tibia,random_policy,5deg_5mm,1,4,0.9,1.4424241604449612,1.0,1.232793594329293,1.2074394146676262,0.17261488499934785,0.8921666666666667,
,specimen03,tibia,random_policy,10deg_10mm,2,0,0.9,1.442424160444961,1.0,1.232793594327519,1.3452235153389545,0.16427949300850742,0.8921666666666667,
,specimen03,tibia,random_policy,10deg_10mm,2,1,0.9,1.4424241604449586,1.0,1.232793594327519,1.348819055246816,0.16894982900703326,0.8921666666666667,
,specimen03,tibia,random_policy,10deg_10mm,2,2,0.9,1.4424241604449592,1.0,1.2327935943263362,1.3900952271834828,0.16858379601035267,0.8921666666666667,
,specimen03,tibia,random_policy,10deg_10mm,2,3,0.9,1.442424160444966,1.0,1.2327935943263362,1.1641660315160063,0.1733257950108964,0.8921666666666667,
,specimen03,tibia,random_policy,10deg_10mm,2,4,0.9,1.442424160444964,1.0,1.2327935943287016,1.2144169239687477,0.17610032600350678,0.8921666666666667,
,specimen03,tibia,random_policy,20deg_20mm,3,0,0.9,28.91135805054154,0.0,51.445452129257234,27.18972241262614,0.3654716500022914,0.6975,
,specimen03,tibia,random_policy,20deg_20mm,3,1,0.9,28.914321364145128,0.0,51.46148950926994,13.055323713887674,0.32413306599482894,0.6975,
,specimen03,tibia,random_policy,20deg_20mm,3,2,0.9,28.909208203379276,0.0,51.43524961961365,4.0947296439360805,0.32267696599592455,0.6975,
,specimen03,tibia,random_policy,20deg_20mm,3,3,0.9,28.917492088137458,0.0,51.47069614808996,20.80550284119618,0.3186802389973309,0.6975,
,specimen03,tibia,random_policy,20deg_20mm,3,4,0.9,1.4424241604449701,1.0,1.2327935943287016,1.6113509785897946,0.17041101900395006,0.8921666666666667,
,specimen03,tibia,geometry_policy,aligned,0,0,1.0,1.395128746852755,1.0,0.7799037889177095,1.2599969734754062,0.12391680001746863,0.8878333333333334,
,specimen03,tibia,geometry_policy,5deg_5mm,1,0,1.0,1.3956432477874536,1.0,0.7832000855995352,1.276906804902972,0.1834856689965818,0.8878333333333334,
,specimen03,tibia,geometry_policy,5deg_5mm,1,1,1.0,1.3956432476075946,1.0,0.7832000817174374,1.3114738263825558,0.18196423500194214,0.8878333333333334,
,specimen03,tibia,geometry_policy,5deg_5mm,1,2,1.0,1.3957565516317676,1.0,0.7874611427783416,1.3177299296378129,0.17801491700811312,0.8878333333333334,
,specimen03,tibia,geometry_policy,5deg_5mm,1,3,1.0,1.3957792664157243,1.0,0.784990703273095,1.2248902445302974,0.19275387199013494,0.8878333333333334,
,specimen03,tibia,geometry_policy,5deg_5mm,1,4,1.0,1.3956432476075955,1.0,0.7832000817174374,1.2796390293716107,0.18492636200971901,0.8878333333333334,
,specimen03,tibia,geometry_policy,10deg_10mm,2,0,1.0,1.395643247607597,1.0,0.7832000817165066,1.3762211394421937,0.1842902050120756,0.8878333333333334,
,specimen03,tibia,geometry_policy,10deg_10mm,2,1,1.0,1.3956432477874454,1.0,0.7832000855958122,1.3565619783292544,0.1863795749959536,0.8878333333333334,
,specimen03,tibia,geometry_policy,10deg_10mm,2,2,1.0,1.3956432477874525,1.0,0.7832000855986044,1.3873842783289916,0.18367529200622812,0.8878333333333334,
,specimen03,tibia,geometry_policy,10deg_10mm,2,3,1.0,1.3957792664157302,1.0,0.7849907032721664,1.2136181269860535,0.1902722230006475,0.8878333333333334,
,specimen03,tibia,geometry_policy,10deg_10mm,2,4,1.0,1.3956432476075902,1.0,0.7832000817137145,1.263934669971076,0.18785631298669614,0.8878333333333334,
,specimen03,tibia,geometry_policy,20deg_20mm,3,0,1.0,29.357812884752313,0.0,54.53369432979086,28.7975035085879,0.3191241619933862,0.6935,
,specimen03,tibia,geometry_policy,20deg_20mm,3,1,1.0,29.35947045730922,0.0,54.57198078516785,13.449676228449475,0.32867576598073356,0.6938333333333333,
,specimen03,tibia,geometry_policy,20deg_20mm,3,2,1.0,29.3594108485662,0.0,54.572492006929785,3.88608608529549,0.32217231500544585,0.6938333333333333,
,specimen03,tibia,geometry_policy,20deg_20mm,3,3,1.0,29.359692845444204,0.0,54.586955973829674,22.185787021639303,0.3140221380162984,0.6936666666666667,
,specimen03,tibia,geometry_policy,20deg_20mm,3,4,1.0,1.395643247787448,1.0,0.7832000855976737,1.5092313481162674,0.190139697981067,0.8878333333333334,
,specimen03,tibia,pfad_policy,aligned,0,0,0.9,1.5286444453886197,1.0,1.271252307736946,1.3112872465883876,0.10372595101944171,0.9776666666666667,
,specimen03,tibia,pfad_policy,5deg_5mm,1,0,0.9,1.5286444453886103,1.0,1.2712523077421067,1.3100491438939181,0.10580756398849189,0.9776666666666667,
,specimen03,tibia,pfad_policy,5deg_5mm,1,1,0.9,1.528644440090826,1.0,1.2712522814486518,1.382159094103408,0.10203928497503512,0.9776666666666667,
,specimen03,tibia,pfad_policy,5deg_5mm,1,2,0.9,1.5286444453885992,1.0,1.2712523077392395,1.3986022815967527,0.10230334798689,0.9776666666666667,
,specimen03,tibia,pfad_policy,5deg_5mm,1,3,0.9,1.5286444453886419,1.0,1.271252307737519,1.2611199839772742,0.09958116197958589,0.9776666666666667,
,specimen03,tibia,pfad_policy,5deg_5mm,1,4,0.9,1.5286444400908135,1.0,1.2712522814469314,1.3255703782233066,0.053842416004044935,0.9776666666666667,
,specimen03,tibia,pfad_policy,10deg_10mm,2,0,0.9,1.5286444453885975,1.0,1.271252307739813,1.448878096010864,0.09995958697982132,0.9776666666666667,
,specimen03,tibia,pfad_policy,10deg_10mm,2,1,0.9,1.5286444400908081,1.0,1.2712522814497986,1.4671373628799076,0.10228654197999276,0.9776666666666667,
,specimen03,tibia,pfad_policy,10deg_10mm,2,2,0.9,1.528644440090819,1.0,1.271252281449225,1.4934119984409384,0.10063386298133992,0.9776666666666667,
,specimen03,tibia,pfad_policy,10deg_10mm,2,3,0.9,1.5286444400908226,1.0,1.2712522814469314,1.2889200338011797,0.102043059974676,0.9776666666666667,
,specimen03,tibia,pfad_policy,10deg_10mm,2,4,0.9,1.5286444400908192,1.0,1.2712522814497986,1.3215184412173686,0.10817560701980256,0.9776666666666667,
,specimen03,tibia,pfad_policy,20deg_20mm,3,0,0.9,28.70350306907836,0.0,44.1949302385442,25.128005856280613,0.30266022199066356,0.7715,
,specimen03,tibia,pfad_policy,20deg_20mm,3,1,0.9,28.704646509385825,0.0,44.20589240951693,13.568228605742789,0.29366956802550703,0.7715,
,specimen03,tibia,pfad_policy,20deg_20mm,3,2,0.9,28.701407417450223,0.0,44.188543124910005,6.250702379421601,0.29497738200007007,0.7716666666666666,
,specimen03,tibia,pfad_policy,20deg_20mm,3,3,0.9,1.5286444400908077,1.0,1.2712522814469314,1.4142567112171553,0.12029993499163538,0.9776666666666667,
,specimen03,tibia,pfad_policy,20deg_20mm,3,4,0.9,1.5286444400908188,1.0,1.271252281449225,1.71789657694493,0.10203176998766139,0.9776666666666667,
,specimen03,fibula,raw,aligned,0,0,,10.009810664143812,0.0,1.608164235462155,9.920594180029049,0.16975393099710345,0.8251666666666667,
,specimen03,fibula,raw,5deg_5mm,1,0,,10.027936399794415,0.0,1.6158860276117004,9.884316012883263,0.1410479609912727,0.8253333333333334,
,specimen03,fibula,raw,5deg_5mm,1,1,,10.01094696330801,0.0,1.5917691326745977,9.838820440797459,0.16701054098666646,0.825,
,specimen03,fibula,raw,5deg_5mm,1,2,,10.009810664143806,0.0,1.6081642354612484,9.99777411852405,0.16862287800177,0.8251666666666667,
,specimen03,fibula,raw,5deg_5mm,1,3,,10.012488438090353,0.0,1.5864324961302623,9.98060228725058,0.16754820101778023,0.825,
,specimen03,fibula,raw,5deg_5mm,1,4,,10.012488438090479,0.0,1.5864324961316407,9.89654813729588,0.16734326499863528,0.825,
,specimen03,fibula,raw,10deg_10mm,2,0,,10.01248843809047,0.0,1.5864324961316407,10.069437541176564,0.1665856689796783,0.825,
,specimen03,fibula,raw,10deg_10mm,2,1,,10.0279363997944,0.0,1.615886027613505,10.100243854127115,0.16613760401378386,0.8253333333333334,
,specimen03,fibula,raw,10deg_10mm,2,2,,10.000116897896557,0.0,1.544743124215453,10.026914544378728,0.16880372402374633,0.8251666666666667,
,specimen03,fibula,raw,10deg_10mm,2,3,,10.012488438090482,0.0,1.5864324961325598,10.06726878850567,0.16752988600637764,0.825,
,specimen03,fibula,raw,10deg_10mm,2,4,,10.012488438090301,0.0,1.586432496131181,9.795240137174988,0.16943193599581718,0.825,
,specimen03,fibula,raw,20deg_20mm,3,0,,10.020483937927278,0.0,1.6234448461151212,9.733846000691004,0.17102125100791454,0.8253333333333334,
,specimen03,fibula,raw,20deg_20mm,3,1,,10.012488438090221,0.0,1.586432496133479,9.573073781654706,0.16701246000593528,0.825,
,specimen03,fibula,raw,20deg_20mm,3,2,,10.027936399794465,0.0,1.6158860276103468,10.02240933735346,0.17027734901057556,0.8253333333333334,
,specimen03,fibula,raw,20deg_20mm,3,3,,10.021291617575937,0.0,1.615581050774032,10.094771756434975,0.16616768299718387,0.8253333333333334,
,specimen03,fibula,raw,20deg_20mm,3,4,,10.012488438090356,0.0,1.5864324961298026,10.008587516734073,0.1686361400061287,0.825,
,specimen03,fibula,all_refined,aligned,0,0,1.0,10.636552975331618,0.0,2.2472564000332715,10.56166628447565,0.16584906799835153,0.8278333333333333,
,specimen03,fibula,all_refined,5deg_5mm,1,0,1.0,10.6391616881196,0.0,2.2487954670876493,10.512963664826634,0.16768714599311352,0.8278333333333333,
,specimen03,fibula,all_refined,5deg_5mm,1,1,1.0,10.639161015426184,0.0,2.2487937092596955,10.48193755617145,0.16627974499715492,0.8278333333333333,
,specimen03,fibula,all_refined,5deg_5mm,1,2,1.0,10.639160485744856,0.0,2.248790971355528,10.640943383585649,0.16533134499331936,0.8278333333333333,
,specimen03,fibula,all_refined,5deg_5mm,1,3,1.0,10.636552976740832,0.0,2.2472564079715243,10.617170611992815,0.16702983601135202,0.8278333333333333,
,specimen03,fibula,all_refined,5deg_5mm,1,4,1.0,10.635713204089974,0.0,2.2497759813111378,10.534206012338695,0.14224271097918972,0.8278333333333333,
,specimen03,fibula,all_refined,10deg_10mm,2,0,1.0,10.63655297610837,0.0,2.2472564043743772,10.715483351701048,0.16317557799629867,0.8278333333333333,
,specimen03,fibula,all_refined,10deg_10mm,2,1,1.0,10.636552976106453,0.0,2.2472564043633456,10.724089681989797,0.13911682399339043,0.8278333333333333,
,specimen03,fibula,all_refined,10deg_10mm,2,2,1.0,10.635713204090003,0.0,2.249775981310814,10.681489933000497,0.15100233600242063,0.8278333333333333,
,specimen03,fibula,all_refined,10deg_10mm,2,3,1.0,10.636552975331567,0.0,2.2472564000332715,10.707538090011715,0.16770041701965965,0.8278333333333333,
,specimen03,fibula,all_refined,10deg_10mm,2,4,1.0,10.636552976106488,0.0,2.2472564043636702,10.44258618619528,0.14804436897975393,0.8278333333333333,
,specimen03,fibula,all_refined,20deg_20mm,3,0,1.0,10.636552976740846,0.0,2.2472564079712,10.369607195083827,0.17316596599994227,0.8278333333333333,
,specimen03,fibula,all_refined,20deg_20mm,3,1,1.0,10.639162150433327,0.0,2.2487999924118593,10.221932618691765,0.165926319983555,0.8278333333333333,
,specimen03,fibula,all_refined,20deg_20mm,3,2,1.0,10.63655297610651,0.0,2.247256404362697,10.638248689631952,0.15073397100786678,0.8278333333333333,
,specimen03,fibula,all_refined,20deg_20mm,3,3,1.0,10.636552976053546,0.0,2.2472564040642053,10.722028272098617,0.16497103599249385,0.8278333333333333,
,specimen03,fibula,all_refined,20deg_20mm,3,4,1.0,10.636552976106389,0.0,2.2472564043639944,10.649072790817494,0.16577008599415421,0.8278333333333333,
,specimen03,fibula,random_policy,aligned,0,0,0.9,10.281113381729252,0.0,1.7965185965135062,10.199817194160637,0.15548717899946496,0.8295,
,specimen03,fibula,random_policy,5deg_5mm,1,0,0.9,10.281113381729144,0.0,1.796518596511477,10.14608372631104,0.16608221299247816,0.8295,
,specimen03,fibula,random_policy,5deg_5mm,1,1,0.9,10.281113381729197,0.0,1.796518596511477,10.118303209969765,0.16814828300266527,0.8295,
,specimen03,fibula,random_policy,5deg_5mm,1,2,0.9,10.28111338172923,0.0,1.7965185965118828,10.276416768793405,0.18545855800039135,0.8295,
,specimen03,fibula,random_policy,5deg_5mm,1,3,0.9,10.281113381729266,0.0,1.7965185965106651,10.25703089033923,0.17073728400282562,0.8295,
,specimen03,fibula,random_policy,5deg_5mm,1,4,0.9,10.263446978448862,0.0,1.8030791141045288,10.155848439742739,0.16218780900817364,0.8295,
,specimen03,fibula,random_policy,10deg_10mm,2,0,0.9,10.281113381729217,0.0,1.7965185965094477,10.345112552293621,0.159355396986939,0.8295,
,specimen03,fibula,random_policy,10deg_10mm,2,1,0.9,10.281113381729364,0.0,1.796518596511071,10.360212971340081,0.16615642298711464,0.8295,
,specimen03,fibula,random_policy,10deg_10mm,2,2,0.9,10.281113381729234,0.0,1.796518596511477,10.315785225992508,0.1648876239778474,0.8295,
,specimen03,fibula,random_policy,10deg_10mm,2,3,0.9,10.282302503895817,0.0,1.7945079302786116,10.344014042367132,0.16701540400390513,0.8295,
,specimen03,fibula,random_policy,10deg_10mm,2,4,0.9,10.281113381729263,0.0,1.7965185965126944,10.074706124241915,0.1678824580158107,0.8295,
,specimen03,fibula,random_policy,20deg_20mm,3,0,0.9,10.281113381729364,0.0,1.796518596511477,10.005441654212675,0.16530682702432387,0.8295,
,specimen03,fibula,random_policy,20deg_20mm,3,1,0.9,10.347582950460472,0.0,1.8038900626173815,9.923561080836949,0.16810440699919127,0.8295,
,specimen03,fibula,random_policy,20deg_20mm,3,2,0.9,10.28111338172913,0.0,1.796518596511071,10.283115004487355,0.16713019798044115,0.8295,
,specimen03,fibula,random_policy,20deg_20mm,3,3,0.9,10.281113381729268,0.0,1.796518596511071,10.360967538416704,0.16566992801381275,0.8295,
,specimen03,fibula,random_policy,20deg_20mm,3,4,0.9,10.337417594067059,0.0,1.7858712330299296,10.34042657489315,0.16253140501794405,0.8295,
,specimen03,fibula,geometry_policy,aligned,0,0,1.0,10.636552975331618,0.0,2.2472564000332715,10.56166628447565,0.16584906799835153,0.8278333333333333,
,specimen03,fibula,geometry_policy,5deg_5mm,1,0,1.0,10.6391616881196,0.0,2.2487954670876493,10.512963664826634,0.16768714599311352,0.8278333333333333,
,specimen03,fibula,geometry_policy,5deg_5mm,1,1,1.0,10.639161015426184,0.0,2.2487937092596955,10.48193755617145,0.16627974499715492,0.8278333333333333,
,specimen03,fibula,geometry_policy,5deg_5mm,1,2,1.0,10.639160485744856,0.0,2.248790971355528,10.640943383585649,0.16533134499331936,0.8278333333333333,
,specimen03,fibula,geometry_policy,5deg_5mm,1,3,1.0,10.636552976740832,0.0,2.2472564079715243,10.617170611992815,0.16702983601135202,0.8278333333333333,
,specimen03,fibula,geometry_policy,5deg_5mm,1,4,1.0,10.635713204089974,0.0,2.2497759813111378,10.534206012338695,0.14224271097918972,0.8278333333333333,
,specimen03,fibula,geometry_policy,10deg_10mm,2,0,1.0,10.63655297610837,0.0,2.2472564043743772,10.715483351701048,0.16317557799629867,0.8278333333333333,
,specimen03,fibula,geometry_policy,10deg_10mm,2,1,1.0,10.636552976106453,0.0,2.2472564043633456,10.724089681989797,0.13911682399339043,0.8278333333333333,
,specimen03,fibula,geometry_policy,10deg_10mm,2,2,1.0,10.635713204090003,0.0,2.249775981310814,10.681489933000497,0.15100233600242063,0.8278333333333333,
,specimen03,fibula,geometry_policy,10deg_10mm,2,3,1.0,10.636552975331567,0.0,2.2472564000332715,10.707538090011715,0.16770041701965965,0.8278333333333333,
,specimen03,fibula,geometry_policy,10deg_10mm,2,4,1.0,10.636552976106488,0.0,2.2472564043636702,10.44258618619528,0.14804436897975393,0.8278333333333333,
,specimen03,fibula,geometry_policy,20deg_20mm,3,0,1.0,10.636552976740846,0.0,2.2472564079712,10.369607195083827,0.17316596599994227,0.8278333333333333,
,specimen03,fibula,geometry_policy,20deg_20mm,3,1,1.0,10.639162150433327,0.0,2.2487999924118593,10.221932618691765,0.165926319983555,0.8278333333333333,
,specimen03,fibula,geometry_policy,20deg_20mm,3,2,1.0,10.63655297610651,0.0,2.247256404362697,10.638248689631952,0.15073397100786678,0.8278333333333333,
,specimen03,fibula,geometry_policy,20deg_20mm,3,3,1.0,10.636552976053546,0.0,2.2472564040642053,10.722028272098617,0.16497103599249385,0.8278333333333333,
,specimen03,fibula,geometry_policy,20deg_20mm,3,4,1.0,10.636552976106389,0.0,2.2472564043639944,10.649072790817494,0.16577008599415421,0.8278333333333333,
,specimen03,fibula,pfad_policy,aligned,0,0,0.9,11.360528178564081,0.0,1.7809444046373903,11.282395949562877,0.12550176598597318,0.9478333333333333,
,specimen03,fibula,pfad_policy,5deg_5mm,1,0,0.9,11.36039054531314,0.0,1.7801516090802385,11.224909312045732,0.10047030099667609,0.9478333333333333,
,specimen03,fibula,pfad_policy,5deg_5mm,1,1,0.9,11.360528178564069,0.0,1.7809444046382092,11.194941654587813,0.12582924400339834,0.9478333333333333,
,specimen03,fibula,pfad_policy,5deg_5mm,1,2,0.9,11.36034253367105,0.0,1.780060122625872,11.363774731970363,0.1271695650066249,0.9478333333333333,
,specimen03,fibula,pfad_policy,5deg_5mm,1,3,0.9,11.360528178564204,0.0,1.7809444046382092,11.343068038217854,0.1264498209930025,0.9478333333333333,
,specimen03,fibula,pfad_policy,5deg_5mm,1,4,0.9,11.360528178564158,0.0,1.7809444046373903,11.254292562999334,0.1257858659955673,0.9478333333333333,
,specimen03,fibula,pfad_policy,10deg_10mm,2,0,0.9,11.360528178564214,0.0,1.7809444046373903,11.437874406479324,0.12577917601447552,0.9478333333333333,
,specimen03,fibula,pfad_policy,10deg_10mm,2,1,0.9,11.360340417076241,0.0,1.7807047741448159,11.45272900218232,0.1046927259885706,0.9478333333333333,
,specimen03,fibula,pfad_policy,10deg_10mm,2,2,0.9,11.360340417446103,0.0,1.7807047759577044,11.40607691631751,0.07647547998931259,0.9478333333333333,
,specimen03,fibula,pfad_policy,10deg_10mm,2,3,0.9,11.360528178563975,0.0,1.7809444046361622,11.43478735392076,0.1268523510079831,0.9478333333333333,
,specimen03,fibula,pfad_policy,10deg_10mm,2,4,0.9,11.360340426319958,0.0,1.7807048181298797,11.148054358769423,0.13011863600695506,0.9478333333333333,
,specimen03,fibula,pfad_policy,20deg_20mm,3,0,0.9,11.360390545253033,0.0,1.78015160875711,11.073821801794816,0.08566207898547873,0.9478333333333333,
,specimen03,fibula,pfad_policy,20deg_20mm,3,1,0.9,11.360528178564111,0.0,1.7809444046390277,10.913452028398273,0.12801982500241138,0.9478333333333333,
,specimen03,fibula,pfad_policy,20deg_20mm,3,2,0.9,11.360390545250592,0.0,1.780151608742776,11.369632828595362,0.0839865799935069,0.9478333333333333,
,specimen03,fibula,pfad_policy,20deg_20mm,3,3,0.9,11.360528178564163,0.0,1.7809444046373903,11.453613288151928,0.12548271601554006,0.9478333333333333,
,specimen03,fibula,pfad_policy,20deg_20mm,3,4,0.9,11.360528178564095,0.0,1.7809444046365719,11.37308552442784,0.12837214101455174,0.9478333333333333,
,specimen04,foot,raw,aligned,0,0,,1.8952022211035136,1.0,0.8933744167776261,1.8306615506730404,0.21752523400937207,0.5693333333333334,
,specimen04,foot,raw,5deg_5mm,1,0,,1.8954739001503447,1.0,0.8927523161508717,1.8343499495623903,0.2169741760008037,0.5693333333333334,
,specimen04,foot,raw,5deg_5mm,1,1,,1.8954017561174972,1.0,0.8931513532969526,1.8202529751318295,0.21850333697511815,0.5693333333333334,
,specimen04,foot,raw,5deg_5mm,1,2,,1.8955070791164599,1.0,0.8932669790746345,1.8282344591173385,0.21813203502097167,0.5693333333333334,
,specimen04,foot,raw,5deg_5mm,1,3,,1.8954017561175607,1.0,0.8931513532953202,1.8483791097053608,0.21923038398381323,0.5693333333333334,
,specimen04,foot,raw,5deg_5mm,1,4,,1.8955070290582556,1.0,0.8932671100293186,1.8256280154062914,0.21989544600364752,0.5693333333333334,
,specimen04,foot,raw,10deg_10mm,2,0,,1.8954739001503556,1.0,0.8927523161476056,1.7591878716205547,0.2163580299820751,0.5693333333333334,
,specimen04,foot,raw,10deg_10mm,2,1,,1.8964912208795623,1.0,0.8946120438555981,1.7695401997802467,0.23083838599268347,0.5693333333333334,
,specimen04,foot,raw,10deg_10mm,2,2,,39.08209149142634,0.0,23.350274952497973,30.43716791252631,0.25662147701950744,0.5693333333333334,
,specimen04,foot,raw,10deg_10mm,2,3,,1.8964912209793832,1.0,0.8946120439387111,1.8119375171877459,0.22364390597795136,0.5693333333333334,
,specimen04,foot,raw,10deg_10mm,2,4,,1.8955070791163928,1.0,0.8932669790762666,1.8680207894894167,0.21896630499395542,0.5693333333333334,
,specimen04,foot,raw,20deg_20mm,3,0,,1.8954739001503602,1.0,0.8927523161484221,1.7342383738457254,0.21840160299325362,0.5693333333333334,
,specimen04,foot,raw,20deg_20mm,3,1,,1.895473900150341,1.0,0.8927523161492387,1.9173940368710745,0.223269027977949,0.5693333333333334,
,specimen04,foot,raw,20deg_20mm,3,2,,38.944052803602574,0.0,23.280375340727744,29.54847509993865,0.2567720290098805,0.5686666666666667,
,specimen04,foot,raw,20deg_20mm,3,3,,38.95640275073927,0.0,23.263046383306584,28.29059385531084,0.2555375900119543,0.569,
,specimen04,foot,raw,20deg_20mm,3,4,,1.8955070290072233,1.0,0.8932671099770908,2.011175879020314,0.2235175590030849,0.5693333333333334,
,specimen04,foot,all_refined,aligned,0,0,1.0,1.8015147860472926,1.0,0.8450746726041461,1.6823093681875743,0.2218347770103719,0.5806666666666667,
,specimen04,foot,all_refined,5deg_5mm,1,0,1.0,1.8016094304854178,1.0,0.845142310821978,1.6863033581722247,0.219004828017205,0.5806666666666667,
,specimen04,foot,all_refined,5deg_5mm,1,1,1.0,1.8076113822420687,1.0,0.8492643072547037,1.6835950509382833,0.21836553199682385,0.5806666666666667,
,specimen04,foot,all_refined,5deg_5mm,1,2,1.0,1.8016097771466328,1.0,0.8451419033049719,1.6818811001361553,0.21881521298200823,0.5806666666666667,
,specimen04,foot,all_refined,5deg_5mm,1,3,1.0,1.8015147828569023,1.0,0.8450746712835155,1.6996381370342515,0.21830865400261246,0.5806666666666667,
,specimen04,foot,all_refined,5deg_5mm,1,4,1.0,1.7994749648024155,1.0,0.842939220486582,1.6705805449669142,0.2250324499909766,0.5806666666666667,
,specimen04,foot,all_refined,10deg_10mm,2,0,1.0,1.8076109727293301,1.0,0.8492708318654985,1.624460249562016,0.2174141099967528,0.5806666666666667,
,specimen04,foot,all_refined,10deg_10mm,2,1,1.0,1.801514786047228,1.0,0.8450746726093217,1.6233398197544917,0.2166282750258688,0.5806666666666667,
,specimen04,foot,all_refined,10deg_10mm,2,2,1.0,39.18040023303365,0.0,23.02569235712433,30.78628762628471,0.25465502199949697,0.574,
,specimen04,foot,all_refined,10deg_10mm,2,3,1.0,1.8076101057863958,1.0,0.8492705482700611,1.6722956634721151,0.2228265549929347,0.5806666666666667,
,specimen04,foot,all_refined,10deg_10mm,2,4,1.0,1.8054469507711999,1.0,0.8476161631980685,1.716609516328052,0.22330476102069952,0.5806666666666667,
,specimen04,foot,all_refined,20deg_20mm,3,0,1.0,1.8016094304853623,1.0,0.8451423108245656,1.581643037627294,0.2489452239824459,0.5806666666666667,
,specimen04,foot,all_refined,20deg_20mm,3,1,1.0,1.8015149391736776,1.0,0.8450743728494223,1.7817940940560189,0.22929811998619698,0.5806666666666667,
,specimen04,foot,all_refined,20deg_20mm,3,2,1.0,39.10338266193781,0.0,22.95333510523768,29.916713989160655,0.25724383399938233,0.5735,
,specimen04,foot,all_refined,20deg_20mm,3,3,1.0,39.06519577545004,0.0,22.93423155153275,28.62507217216904,0.2559626199945342,0.5733333333333334,
,specimen04,foot,all_refined,20deg_20mm,3,4,1.0,1.8016104738909278,1.0,0.845142034245718,1.8441706574058603,0.22609336097957566,0.5806666666666667,
,specimen04,foot,random_policy,aligned,0,0,0.9,1.9005459056897278,1.0,0.9404890792586702,1.7804574023380384,0.22075543302344158,0.575,
,specimen04,foot,random_policy,5deg_5mm,1,0,0.9,1.9010535031084619,1.0,0.940447789855393,1.7830467590554164,0.2204635559755843,0.575,
,specimen04,foot,random_policy,5deg_5mm,1,1,0.9,1.9003737095338584,1.0,0.9398415825248078,1.7708617387645025,0.22057009700802155,0.575,
,specimen04,foot,random_policy,5deg_5mm,1,2,0.9,1.9019712038809766,1.0,0.9400748519429899,1.7799678767687133,0.21344236400909722,0.575,
,specimen04,foot,random_policy,5deg_5mm,1,3,0.9,1.9019712038809995,1.0,0.940074851941439,1.8020327683415913,0.2084308359771967,0.575,
,specimen04,foot,random_policy,5deg_5mm,1,4,0.9,1.9006914275440159,1.0,0.9400581140559355,1.7719364716938222,0.21684204100165516,0.575,
,specimen04,foot,random_policy,10deg_10mm,2,0,0.9,1.9005459153420152,1.0,0.9404890744887762,1.7005734577050124,0.2236450549971778,0.575,
,specimen04,foot,random_policy,10deg_10mm,2,1,0.9,1.9010535031084106,1.0,0.9404477898561682,1.7099811410213994,0.21473822998814285,0.575,
,specimen04,foot,random_policy,10deg_10mm,2,2,0.9,46.12540218556038,0.0,27.06083812141686,35.16823620498514,0.24907238400192,0.5703333333333334,
,specimen04,foot,random_policy,10deg_10mm,2,3,0.9,1.9010535031083857,1.0,0.9404477898608188,1.7570991406715986,0.22175139302271418,0.575,
,specimen04,foot,random_policy,10deg_10mm,2,4,0.9,1.901053503108399,1.0,0.9404477898600437,1.816400532067637,0.21961253602057695,0.575,
,specimen04,foot,random_policy,20deg_20mm,3,0,0.9,1.9006914624801998,1.0,0.940058144400598,1.6634058662027416,0.21776008000597358,0.575,
,specimen04,foot,random_policy,20deg_20mm,3,1,0.9,1.900545905661418,1.0,0.9404890792640958,1.8852327426470958,0.22001072100829333,0.575,
,specimen04,foot,random_policy,20deg_20mm,3,2,0.9,45.35880713844512,0.0,26.677181816271556,32.48633947664754,0.25129650501185097,0.5678333333333333,
,specimen04,foot,random_policy,20deg_20mm,3,3,0.9,44.814537679376464,0.0,26.375488555390383,30.252487221508204,0.24742524299654178,0.5641666666666667,
,specimen04,foot,random_policy,20deg_20mm,3,4,0.9,1.9019712038785095,1.0,0.9400748519360109,1.9764950064292992,0.2159496179956477,0.575,
,specimen04,foot,geometry_policy,aligned,0,0,0.9,1.7020263045941175,1.0,0.8595116583286009,1.6054813293373924,0.19539240398444235,0.6225,
,specimen04,foot,geometry_policy,5deg_5mm,1,0,0.9,1.702029134507403,1.0,0.8595119917121216,1.6055129067357368,0.19452467700466514,0.6225,
,specimen04,foot,geometry_policy,5deg_5mm,1,1,0.9,1.7068929020949801,1.0,0.8631881236926073,1.6226363774734658,0.19455280300462618,0.6225,
,specimen04,foot,geometry_policy,5deg_5mm,1,2,0.9,1.7020263045940813,1.0,0.8595116583286009,1.600596509163776,0.19485172201530077,0.6225,
,specimen04,foot,geometry_policy,5deg_5mm,1,3,0.9,1.7020291345073282,1.0,0.859511991714666,1.6213554843067237,0.19909378999727778,0.6225,
,specimen04,foot,geometry_policy,5deg_5mm,1,4,0.9,1.7068929020829522,1.0,0.8631881236993633,1.6179163007907515,0.1942956949933432,0.6225,
,specimen04,foot,geometry_policy,10deg_10mm,2,0,0.9,1.7068929020830392,1.0,0.8631881236976743,1.54730264631846,0.19535667798481882,0.6225,
,specimen04,foot,geometry_policy,10deg_10mm,2,1,0.9,1.706892902094909,1.0,0.8631881236968298,1.5548658409960117,0.1945358389930334,0.6225,
,specimen04,foot,geometry_policy,10deg_10mm,2,2,0.9,1.7066383680653439,1.0,0.8633469236031645,1.688426811218401,0.19911268600844778,0.6226666666666667,
,specimen04,foot,geometry_policy,10deg_10mm,2,3,0.9,1.7068929020830177,1.0,0.8631881236951409,1.5994582977632488,0.196214464987861,0.6225,
,specimen04,foot,geometry_policy,10deg_10mm,2,4,0.9,1.7020291345073721,1.0,0.8595119917112735,1.6378831702315482,0.19394289099727757,0.6225,
,specimen04,foot,geometry_policy,20deg_20mm,3,0,0.9,1.7079018890230468,1.0,0.8636360184497558,1.5036028480600818,0.19530400799703784,0.6225,
,specimen04,foot,geometry_policy,20deg_20mm,3,1,0.9,1.706638368065368,1.0,0.8633469236023201,1.7237079673930285,0.19639034700230695,0.6226666666666667,
,specimen04,foot,geometry_policy,20deg_20mm,3,2,0.9,41.24681251807383,0.0,24.906774565818314,30.388053272009618,0.24057142899255268,0.6115,
,specimen04,foot,geometry_policy,20deg_20mm,3,3,0.9,41.40398011068342,0.0,25.25968355023297,29.277174011579202,0.24064904899569228,0.6095,
,specimen04,foot,geometry_policy,20deg_20mm,3,4,0.9,1.7020263045941522,1.0,0.8595116583235122,1.7865309025250098,0.19965448300354183,0.6225,
,specimen04,foot,pfad_policy,aligned,0,0,0.9,1.6855035866309531,1.0,0.8016345603821133,1.4446580987272042,0.2009590230009053,0.6221666666666666,
,specimen04,foot,pfad_policy,5deg_5mm,1,0,0.9,1.6870367780428084,1.0,0.8023274190287537,1.4492098122110926,0.2005984179850202,0.6221666666666666,
,specimen04,foot,pfad_policy,5deg_5mm,1,1,0.9,1.6869722424278355,1.0,0.8022017468428463,1.4402365582822825,0.2001782940060366,0.6221666666666666,
,specimen04,foot,pfad_policy,5deg_5mm,1,2,0.9,1.687036101058677,1.0,0.8023244501216196,1.4460543473019185,0.20394352299626917,0.6221666666666666,
,specimen04,foot,pfad_policy,5deg_5mm,1,3,0.9,1.6855051758476163,1.0,0.8016349657711029,1.4582209568281648,0.19916798500344157,0.6221666666666666,
,specimen04,foot,pfad_policy,5deg_5mm,1,4,0.9,1.685505196016614,1.0,0.801634698158869,1.4380401432307648,0.20143192002433352,0.6221666666666666,
,specimen04,foot,pfad_policy,10deg_10mm,2,0,0.9,1.6870367784283231,1.0,0.8023274190614614,1.4030838091511952,0.20263084099860862,0.6221666666666666,
,specimen04,foot,pfad_policy,10deg_10mm,2,1,0.9,1.6870362843542477,1.0,0.8023243639727405,1.404744643972746,0.1992176850035321,0.6221666666666666,
,specimen04,foot,pfad_policy,10deg_10mm,2,2,0.9,1.686475264471666,1.0,0.801704760524041,1.487611588534266,0.21436353999888524,0.6221666666666666,
,specimen04,foot,pfad_policy,10deg_10mm,2,3,0.9,1.6864752644601289,1.0,0.8017047605258595,1.4343680540555215,0.20791569599532522,0.6221666666666666,
,specimen04,foot,pfad_policy,10deg_10mm,2,4,0.9,1.685503586787791,1.0,0.801634560353924,1.4591168704081117,0.2052603090123739,0.6221666666666666,
,specimen04,foot,pfad_policy,20deg_20mm,3,0,0.9,1.685503586787791,1.0,0.8016345603530147,1.3718956060182792,0.2028214030142408,0.6221666666666666,
,specimen04,foot,pfad_policy,20deg_20mm,3,1,0.9,1.6870369158083884,1.0,0.8023272731640266,1.5399318103388278,0.1999155429948587,0.6221666666666666,
,specimen04,foot,pfad_policy,20deg_20mm,3,2,0.9,39.174267668626314,0.0,23.364249320184182,29.48595174411625,0.2543969909893349,0.6095,
,specimen04,foot,pfad_policy,20deg_20mm,3,3,0.9,39.226949203868074,0.0,23.373474006332973,28.323320228805564,0.24884834099793807,0.61,
,specimen04,foot,pfad_policy,20deg_20mm,3,4,0.9,1.6855035867673112,1.0,0.8016345603593801,1.5622895519501316,0.2016018209978938,0.6221666666666666,
,specimen04,tibia,raw,aligned,0,0,,1.240705857077745,1.0,1.269480572331836,0.6724535689063834,0.19782160900649615,0.8951666666666667,
,specimen04,tibia,raw,5deg_5mm,1,0,,1.2407058570777463,1.0,1.2694805723341331,0.7261688970361754,0.1989140719815623,0.8951666666666667,
,specimen04,tibia,raw,5deg_5mm,1,1,,1.2407058570777518,1.0,1.269480572331836,0.6927512289265076,0.19945538300089538,0.8951666666666667,
,specimen04,tibia,raw,5deg_5mm,1,2,,1.2407058570777374,1.0,1.2694805723335587,0.6674609437000605,0.20067479298450053,0.8951666666666667,
,specimen04,tibia,raw,5deg_5mm,1,3,,1.2407058570777503,1.0,1.2694805723306877,0.5932035829585205,0.20295565298874862,0.8951666666666667,
,specimen04,tibia,raw,5deg_5mm,1,4,,1.2407058570777434,1.0,1.2694805723306877,0.764194152804008,0.2028648109990172,0.8951666666666667,
,specimen04,tibia,raw,10deg_10mm,2,0,,1.2407058570777474,1.0,1.2694805723329847,0.7903775214873495,0.20624913601204753,0.8951666666666667,
,specimen04,tibia,raw,10deg_10mm,2,1,,1.240705857077729,1.0,1.269480572331836,0.4649426267153746,0.24386239700834267,0.8951666666666667,
,specimen04,tibia,raw,10deg_10mm,2,2,,1.2407058570777378,1.0,1.2694805723312619,0.5673603193112269,0.24380312001449056,0.8951666666666667,
,specimen04,tibia,raw,10deg_10mm,2,3,,1.2407058570777654,1.0,1.2694805723347073,0.6685425462359048,0.20296086100279354,0.8951666666666667,
,specimen04,tibia,raw,10deg_10mm,2,4,,1.2407058570777358,1.0,1.269480572331836,0.5792517978293318,0.2118138679943513,0.8951666666666667,
,specimen04,tibia,raw,20deg_20mm,3,0,,1.2407058570777592,1.0,1.2694805723329847,0.5357606182794706,0.23187963900272734,0.8951666666666667,
,specimen04,tibia,raw,20deg_20mm,3,1,,1.2407058570777405,1.0,1.2694805723312619,1.011999693693331,0.20566985997720622,0.8951666666666667,
,specimen04,tibia,raw,20deg_20mm,3,2,,30.3354699975656,0.0,25.421479296299957,16.552042945556124,0.3482013139873743,0.6315,
,specimen04,tibia,raw,20deg_20mm,3,3,,41.55932576642396,0.0,109.78151688138287,25.32138158264435,0.3496099599869922,0.6658333333333334,
,specimen04,tibia,raw,20deg_20mm,3,4,,1.2407058570777403,1.0,1.2694805723289648,0.4025450223502248,0.2172553050040733,0.8951666666666667,
,specimen04,tibia,all_refined,aligned,0,0,1.0,1.2347525100395802,1.0,1.2453395368778355,0.6746815895376427,0.1566751310019754,0.8943333333333333,
,specimen04,tibia,all_refined,5deg_5mm,1,0,1.0,1.2347524858457506,1.0,1.2453395198072184,0.7238721523074219,0.15129705498111434,0.8943333333333333,
,specimen04,tibia,all_refined,5deg_5mm,1,1,1.0,1.2347525100395849,1.0,1.245339536880177,0.6983982068048435,0.15083390902145766,0.8943333333333333,
,specimen04,tibia,all_refined,5deg_5mm,1,2,1.0,1.2347525100395682,1.0,1.2453395368795914,0.6684695523670569,0.150578795990441,0.8943333333333333,
,specimen04,tibia,all_refined,5deg_5mm,1,3,1.0,1.2347525100395889,1.0,1.2453395368790063,0.595267189747509,0.14772428502328694,0.8943333333333333,
,specimen04,tibia,all_refined,5deg_5mm,1,4,1.0,1.2347525100395735,1.0,1.2453395368784208,0.7620232128494333,0.1459323540038895,0.8943333333333333,
,specimen04,tibia,all_refined,10deg_10mm,2,0,1.0,1.2347525100395802,1.0,1.2453395368784208,0.7822159725929418,0.15514028898905963,0.8943333333333333,
,specimen04,tibia,all_refined,10deg_10mm,2,1,1.0,1.23475251003956,1.0,1.2453395368766649,0.4773207445680167,0.24234886598424055,0.8943333333333333,
,specimen04,tibia,all_refined,10deg_10mm,2,2,1.0,1.2347525100395702,1.0,1.2453395368778355,0.5650093843443428,0.26546933501958847,0.8943333333333333,
,specimen04,tibia,all_refined,10deg_10mm,2,3,1.0,1.2347524858457428,1.0,1.2453395198078039,0.6622628177941278,0.17648653601645492,0.8943333333333333,
,specimen04,tibia,all_refined,10deg_10mm,2,4,1.0,1.2347524858457328,1.0,1.2453395198072184,0.5922815247797274,0.21441219598636962,0.8943333333333333,
,specimen04,tibia,all_refined,20deg_20mm,3,0,1.0,1.23475251003958,1.0,1.2453395368778355,0.5388255891515996,0.22875593599746935,0.8943333333333333,
,specimen04,tibia,all_refined,20deg_20mm,3,1,1.0,1.2347524858457277,1.0,1.2453395198078039,1.009094671537609,0.16326998599106446,0.8943333333333333,
,specimen04,tibia,all_refined,20deg_20mm,3,2,1.0,27.68322107767248,0.0,27.564580575302866,8.176775550363399,0.36506245099008083,0.6545,
,specimen04,tibia,all_refined,20deg_20mm,3,3,1.0,48.937681998950104,0.0,83.78618870499625,19.63554426088257,0.3530111360014416,0.6528333333333334,
,specimen04,tibia,all_refined,20deg_20mm,3,4,1.0,1.2347524858457493,1.0,1.2453395198078039,0.4285554253584739,0.22247693900135346,0.8943333333333333,
,specimen04,tibia,random_policy,aligned,0,0,0.9,1.2690746167581326,1.0,1.3578878758909902,0.6645346248929257,0.14321992598706856,0.896,
,specimen04,tibia,random_policy,5deg_5mm,1,0,0.9,1.269074616758114,1.0,1.3578878758872324,0.7213508902060483,0.2055666070082225,0.896,
,specimen04,tibia,random_policy,5deg_5mm,1,1,0.9,1.2690746167581552,1.0,1.3578878758893798,0.6878910751472818,0.15209935599705204,0.896,
,specimen04,tibia,random_policy,5deg_5mm,1,2,0.9,1.2690746167581428,1.0,1.3578878758915272,0.6598806184687502,0.15217531297821552,0.896,
,specimen04,tibia,random_policy,5deg_5mm,1,3,0.9,1.2690746167581393,1.0,1.3578878758904533,0.578557905068162,0.15552050500991754,0.896,
,specimen04,tibia,random_policy,5deg_5mm,1,4,0.9,1.269074616758129,1.0,1.3578878758899164,0.7632266525803846,0.15059993500472046,0.896,
,specimen04,tibia,random_policy,10deg_10mm,2,0,0.9,1.269074616758159,1.0,1.357887875892064,0.791054996340569,0.15472221598611213,0.896,
,specimen04,tibia,random_policy,10deg_10mm,2,1,0.9,1.2690746167581388,1.0,1.3578878758899164,0.44162615603495137,0.24338242199155502,0.896,
,specimen04,tibia,random_policy,10deg_10mm,2,2,0.9,1.269074616758132,1.0,1.3578878758904533,0.5529597449419755,0.2490282479848247,0.896,
,specimen04,tibia,random_policy,10deg_10mm,2,3,0.9,1.2690746167581426,1.0,1.3578878758904533,0.6620037297817362,0.211450289003551,0.896,
,specimen04,tibia,random_policy,10deg_10mm,2,4,0.9,1.2690746167581202,1.0,1.3578878758888429,0.5685924588879608,0.21805703500285745,0.896,
,specimen04,tibia,random_policy,20deg_20mm,3,0,0.9,1.2690746167581182,1.0,1.3578878758888429,0.5133116416288028,0.23421052200137638,0.896,
,specimen04,tibia,random_policy,20deg_20mm,3,1,0.9,1.2690746167581473,1.0,1.3578878758904533,1.0314700410364313,0.17069386001094244,0.896,
,specimen04,tibia,random_policy,20deg_20mm,3,2,0.9,31.6015139038739,0.0,21.48467907682423,20.280408079507374,0.3564203109999653,0.6445,
,specimen04,tibia,random_policy,20deg_20mm,3,3,0.9,42.29028762301079,0.0,117.81036338098242,27.15635319802507,0.3424215610139072,0.695,
,specimen04,tibia,random_policy,20deg_20mm,3,4,0.9,1.2690746167581375,1.0,1.3578878758909902,0.38619005875190837,0.22245375698548742,0.896,
,specimen04,tibia,geometry_policy,aligned,0,0,0.9,1.1850194401694647,1.0,1.2248620669019057,0.6593377283143281,0.16133147000800818,0.958,
,specimen04,tibia,geometry_policy,5deg_5mm,1,0,0.9,1.1850194401694802,1.0,1.2248620669048815,0.7107059549858473,0.12392981501761824,0.958,
,specimen04,tibia,geometry_policy,5deg_5mm,1,1,0.9,1.1850194401694745,1.0,1.2248620669013106,0.6797505704864513,0.1722969840047881,0.958,
,specimen04,tibia,geometry_policy,5deg_5mm,1,2,0.9,1.1850194401694623,1.0,1.224862066903096,0.6534269566879848,0.16931285199825652,0.958,
,specimen04,tibia,geometry_policy,5deg_5mm,1,3,0.9,1.1850194401694472,1.0,1.224862066906667,0.582849709011749,0.1670297320233658,0.958,
,specimen04,tibia,geometry_policy,5deg_5mm,1,4,0.9,1.1850194401694498,1.0,1.2248620669036911,0.7468179645526838,0.16588505302206613,0.958,
,specimen04,tibia,geometry_policy,10deg_10mm,2,0,0.9,1.1850194401694594,1.0,1.2248620669019057,0.7710588920295648,0.17361656602588482,0.958,
,specimen04,tibia,geometry_policy,10deg_10mm,2,1,0.9,30.970135629653765,0.0,38.744591023274296,19.13288009833785,0.31896129497908987,0.7123333333333334,
,specimen04,tibia,geometry_policy,10deg_10mm,2,2,0.9,30.961971324105264,0.0,38.734533911607535,23.701895445583652,0.3149929569917731,0.7118333333333333,
,specimen04,tibia,geometry_policy,10deg_10mm,2,3,0.9,1.1850194401694585,1.0,1.2248620669013106,0.65291570557134,0.1358270549972076,0.958,
,specimen04,tibia,geometry_policy,10deg_10mm,2,4,0.9,1.1850194401694734,1.0,1.2248620669013106,0.5711180143684371,0.13784169300924987,0.958,
,specimen04,tibia,geometry_policy,20deg_20mm,3,0,0.9,33.344880301965595,0.0,34.94030333553844,17.743083508731658,0.31293047399958596,0.7163333333333334,
,specimen04,tibia,geometry_policy,20deg_20mm,3,1,0.9,1.1850194401694731,1.0,1.224862066902501,0.9847051678333547,0.1706399170216173,0.958,
,specimen04,tibia,geometry_policy,20deg_20mm,3,2,0.9,28.86079511357205,0.0,34.779586979367224,7.986994928425925,0.3218920820218045,0.7048333333333333,
,specimen04,tibia,geometry_policy,20deg_20mm,3,3,0.9,48.712442354787704,0.0,104.18702593955567,21.45975249370747,0.3099409169808496,0.7115,
,specimen04,tibia,geometry_policy,20deg_20mm,3,4,0.9,32.423603100376944,0.0,36.4028659937609,16.578251405472,0.28994972401415,0.707,
,specimen04,tibia,pfad_policy,aligned,0,0,0.9,1.2670041481144168,1.0,1.4719690518321942,0.618217050307171,0.11515892602619715,0.9658333333333333,
,specimen04,tibia,pfad_policy,5deg_5mm,1,0,0.9,1.2670041481144174,1.0,1.4719690518331847,0.683701019176327,0.12044807599158958,0.9658333333333333,
,specimen04,tibia,pfad_policy,5deg_5mm,1,1,0.9,1.2670041481144145,1.0,1.4719690518331847,0.640299450689989,0.11723232999793254,0.9658333333333333,
,specimen04,tibia,pfad_policy,5deg_5mm,1,2,0.9,1.2670041481144005,1.0,1.4719690518321942,0.6152679500333345,0.12236434099031612,0.9658333333333333,
,specimen04,tibia,pfad_policy,5deg_5mm,1,3,0.9,1.2670041481144125,1.0,1.4719690518307085,0.5291114768571816,0.1225724229880143,0.9658333333333333,
,specimen04,tibia,pfad_policy,5deg_5mm,1,4,0.9,1.267004148114411,1.0,1.4719690518321942,0.7274048046428447,0.12616493899258785,0.9658333333333333,
,specimen04,tibia,pfad_policy,10deg_10mm,2,0,0.9,1.26700414811441,1.0,1.4719690518321942,0.7668872746688753,0.12835757998982444,0.9658333333333333,
,specimen04,tibia,pfad_policy,10deg_10mm,2,1,0.9,1.267004148114435,1.0,1.4719690518331847,0.3743902519264625,0.2266830709995702,0.9658333333333333,
,specimen04,tibia,pfad_policy,10deg_10mm,2,2,0.9,32.99904769352493,0.0,31.433586769938422,22.369550719273786,0.3085770739999134,0.704,
,specimen04,tibia,pfad_policy,10deg_10mm,2,3,0.9,1.267004148114416,1.0,1.4719690518341753,0.632794075507262,0.16843262701877393,0.9658333333333333,
,specimen04,tibia,pfad_policy,10deg_10mm,2,4,0.9,1.2670041481144112,1.0,1.4719690518321942,0.5111077956221101,0.13178556601633318,0.9658333333333333,
,specimen04,tibia,pfad_policy,20deg_20mm,3,0,0.9,1.2670041481144148,1.0,1.4719690518307085,0.45919779126503135,0.1709299850044772,0.9658333333333333,
,specimen04,tibia,pfad_policy,20deg_20mm,3,1,0.9,1.2670041481144179,1.0,1.4719690518307085,1.0112665008498167,0.13054156498401426,0.9658333333333333,
,specimen04,tibia,pfad_policy,20deg_20mm,3,2,0.9,33.0055063858387,0.0,31.416504683225227,13.499337048258566,0.30972975699114613,0.7043333333333334,
,specimen04,tibia,pfad_policy,20deg_20mm,3,3,0.9,49.0289919980914,0.0,96.09685081399913,17.062967979324036,0.3152677270118147,0.7095,
,specimen04,tibia,pfad_policy,20deg_20mm,3,4,0.9,1.2670041481143888,1.0,1.4719690518292226,0.3264873129523854,0.154974494013004,0.9658333333333333,
,specimen04,fibula,raw,aligned,0,0,,0.8397096100705536,1.0,0.6539952443736059,0.823639994406705,0.11255520998383872,0.9648333333333333,
,specimen04,fibula,raw,5deg_5mm,1,0,,0.8396998113335944,1.0,0.653882979048062,0.8165860153322414,0.11055518299690448,0.9648333333333333,
,specimen04,fibula,raw,5deg_5mm,1,1,,0.8396998113335439,1.0,0.6538829790469473,0.8335930428367695,0.11198827199405059,0.9648333333333333,
,specimen04,fibula,raw,5deg_5mm,1,2,,0.838550590786013,1.0,0.6559047243298803,0.8308068748360277,0.09259212599135935,0.9648333333333333,
,specimen04,fibula,raw,5deg_5mm,1,3,,0.838550590786014,1.0,0.6559047243354371,0.831241767382242,0.09197915700497106,0.9648333333333333,
,specimen04,fibula,raw,5deg_5mm,1,4,,0.8396998113335076,1.0,0.6538829790458325,0.8278353782336935,0.1130536129930988,0.9648333333333333,
,specimen04,fibula,raw,10deg_10mm,2,0,,0.8385505907860078,1.0,0.6559047243343257,0.8258996834059532,0.09279975699610077,0.9648333333333333,
,specimen04,fibula,raw,10deg_10mm,2,1,,0.8397096100705009,1.0,0.6539952443780643,0.8128423434335598,0.11191337101627141,0.9648333333333333,
,specimen04,fibula,raw,10deg_10mm,2,2,,0.8385505907859816,1.0,0.6559047243309917,0.8239182228774533,0.09132965400931425,0.9648333333333333,
,specimen04,fibula,raw,10deg_10mm,2,3,,0.8385505907860157,1.0,0.6559047243343257,0.818588734155606,0.09188652300508693,0.9648333333333333,
,specimen04,fibula,raw,10deg_10mm,2,4,,0.839699811333553,1.0,0.6538829790458325,0.8176059820146628,0.1134184029942844,0.9648333333333333,
,specimen04,fibula,raw,20deg_20mm,3,0,,0.8385505907859927,1.0,0.6559047243298803,0.8136199173150627,0.0932798029971309,0.9648333333333333,
,specimen04,fibula,raw,20deg_20mm,3,1,,0.8396998113335579,1.0,0.6538829790458325,0.8134875862509897,0.11155218098429032,0.9648333333333333,
,specimen04,fibula,raw,20deg_20mm,3,2,,0.8385505907859889,1.0,0.6559047243343257,0.8430117985046319,0.09436698499484919,0.9648333333333333,
,specimen04,fibula,raw,20deg_20mm,3,3,,0.8397096100703726,1.0,0.6539952443769497,0.8158502715113748,0.11933600998600014,0.9648333333333333,
,specimen04,fibula,raw,20deg_20mm,3,4,,0.8385505907860256,1.0,0.6559047243254349,0.8216797880566873,0.09275158398668282,0.9648333333333333,
,specimen04,fibula,all_refined,aligned,0,0,1.0,0.917575058412614,1.0,0.6869783572489945,0.902842704590602,0.08405242400476709,0.9631666666666666,
,specimen04,fibula,all_refined,5deg_5mm,1,0,1.0,0.9175750584125767,1.0,0.6869783572468723,0.8976122868073392,0.08801395699265413,0.9631666666666666,
,specimen04,fibula,all_refined,5deg_5mm,1,1,1.0,0.9175750584125816,1.0,0.6869783572532389,0.9110709917258475,0.09484486799919978,0.9631666666666666,
,specimen04,fibula,all_refined,5deg_5mm,1,2,1.0,0.9175750584126285,1.0,0.6869783572553609,0.9105898693817203,0.09943056802148931,0.9631666666666666,
,specimen04,fibula,all_refined,5deg_5mm,1,3,1.0,0.9175750584126113,1.0,0.6869783572511167,0.910661407758715,0.09787273101392202,0.9631666666666666,
,specimen04,fibula,all_refined,5deg_5mm,1,4,1.0,0.9175750584126732,1.0,0.6869783572543,0.9072393254855992,0.09670080299838446,0.9631666666666666,
,specimen04,fibula,all_refined,10deg_10mm,2,0,1.0,0.9175750584125827,1.0,0.6869783572500555,0.9081361890759754,0.10281287800171413,0.9631666666666666,
,specimen04,fibula,all_refined,10deg_10mm,2,1,1.0,0.9175750584125996,1.0,0.6869783572521777,0.8958667612157173,0.10033651601406746,0.9631666666666666,
,specimen04,fibula,all_refined,10deg_10mm,2,2,1.0,0.9175750584126168,1.0,0.6869783572574832,0.9039245559351835,0.10823973699007183,0.9631666666666666,
,specimen04,fibula,all_refined,10deg_10mm,2,3,1.0,0.9175750584126423,1.0,0.6869783572511167,0.902058156254797,0.09709343299618922,0.9631666666666666,
,specimen04,fibula,all_refined,10deg_10mm,2,4,1.0,0.9175750584126059,1.0,0.6869783572511167,0.8978399924146,0.09230477499659173,0.9631666666666666,
,specimen04,fibula,all_refined,20deg_20mm,3,0,1.0,0.9175750584126309,1.0,0.6869783572511167,0.9003407000118726,0.10014639800647274,0.9631666666666666,
,specimen04,fibula,all_refined,20deg_20mm,3,1,1.0,0.9175750584126086,1.0,0.6869783572479334,0.8952649217792713,0.09796863200608641,0.9631666666666666,
,specimen04,fibula,all_refined,20deg_20mm,3,2,1.0,0.9175750584125671,1.0,0.6869783572532389,0.9217960256084735,0.09460313798626885,0.9631666666666666,
,specimen04,fibula,all_refined,20deg_20mm,3,3,1.0,0.9175750584126297,1.0,0.6869783572553609,0.8998114380294371,0.09470087100635283,0.9631666666666666,
,specimen04,fibula,all_refined,20deg_20mm,3,4,1.0,0.9175750584126086,1.0,0.6869783572500555,0.9032043155608265,0.09969621698837727,0.9631666666666666,
,specimen04,fibula,random_policy,aligned,0,0,0.9,1.0136935523782566,1.0,0.7379325709267706,1.0008122418162684,0.07693342299899086,0.9618333333333333,
,specimen04,fibula,random_policy,5deg_5mm,1,0,0.9,1.0136935523783042,1.0,0.7379325709247949,0.9969067613778375,0.07348535599885508,0.9618333333333333,
,specimen04,fibula,random_policy,5deg_5mm,1,1,0.9,1.0136935523782875,1.0,0.7379325709218314,1.007843941792337,0.08038339798804373,0.9618333333333333,
,specimen04,fibula,random_policy,5deg_5mm,1,2,0.9,1.0136935523782613,1.0,0.7379325709277584,1.0086079397077212,0.0817108119954355,0.9618333333333333,
,specimen04,fibula,random_policy,5deg_5mm,1,3,0.9,1.0136935523783226,1.0,0.7379325709257828,1.0082240064551256,0.07961289200466126,0.9618333333333333,
,specimen04,fibula,random_policy,5deg_5mm,1,4,0.9,1.013693552378295,1.0,0.7379325709257828,1.0058405208819148,0.07887846298399381,0.9618333333333333,
,specimen04,fibula,random_policy,10deg_10mm,2,0,0.9,1.0136935523782278,1.0,0.7379325709277584,1.008141176891393,0.08117502499953844,0.9618333333333333,
,specimen04,fibula,random_policy,10deg_10mm,2,1,0.9,1.013693552378318,1.0,0.7379325709257828,0.9966906124181545,0.08155532300588675,0.9618333333333333,
,specimen04,fibula,random_policy,10deg_10mm,2,2,0.9,1.0136935523782777,1.0,0.737932570923807,1.0011888965449012,0.08550219400785863,0.9618333333333333,
,specimen04,fibula,random_policy,10deg_10mm,2,3,0.9,1.0136935523782726,1.0,0.7379325709257828,1.002825626685661,0.08313513998291455,0.9618333333333333,
,specimen04,fibula,random_policy,10deg_10mm,2,4,0.9,1.013693552378317,1.0,0.737932570923807,0.9963873957966013,0.08286015698104165,0.9618333333333333,
,specimen04,fibula,random_policy,20deg_20mm,3,0,0.9,1.0136935523782298,1.0,0.7379325709257828,1.0032350406296975,0.08716271299635991,0.9618333333333333,
,specimen04,fibula,random_policy,20deg_20mm,3,1,0.9,1.0136935523782387,1.0,0.7379325709267706,0.9945055479573843,0.07798397398437373,0.9618333333333333,
,specimen04,fibula,random_policy,20deg_20mm,3,2,0.9,1.0136935523782702,1.0,0.7379325709228193,1.018018442368148,0.0818928689986933,0.9618333333333333,
,specimen04,fibula,random_policy,20deg_20mm,3,3,0.9,1.013693552378179,1.0,0.737932570923807,1.0020443864117519,0.08414189299219288,0.9618333333333333,
,specimen04,fibula,random_policy,20deg_20mm,3,4,0.9,1.0136935523782298,1.0,0.7379325709257828,1.0015716469230849,0.08767953899223357,0.9618333333333333,
,specimen04,fibula,geometry_policy,aligned,0,0,0.9,0.48059565910425633,1.0,0.38419750399040237,0.4612691095370904,0.08304357301676646,0.9955,
,specimen04,fibula,geometry_policy,5deg_5mm,1,0,0.9,0.4814861855869347,1.0,0.3847219503649201,0.45355784824380707,0.10798055300256237,0.9955,
,specimen04,fibula,geometry_policy,5deg_5mm,1,1,0.9,0.48059565910447904,1.0,0.3841975039828132,0.47204902285592115,0.08902823197422549,0.9955,
,specimen04,fibula,geometry_policy,5deg_5mm,1,2,0.9,0.48059565910430496,1.0,0.3841975039866078,0.4653422950315852,0.09297024001716636,0.9955,
,specimen04,fibula,geometry_policy,5deg_5mm,1,3,0.9,0.48148618558683787,1.0,0.3847219503649201,0.46824347778460934,0.11196223000297323,0.9955,
,specimen04,fibula,geometry_policy,5deg_5mm,1,4,0.9,0.48148618558681777,1.0,0.3847219503743936,0.4617604478794773,0.11247021501185372,0.9955,
,specimen04,fibula,geometry_policy,10deg_10mm,2,0,0.9,0.4814861855868412,1.0,0.38472195036870954,0.45614578527171845,0.11136530200019479,0.9955,
,specimen04,fibula,geometry_policy,10deg_10mm,2,1,0.9,0.4814861855867134,1.0,0.3847219503781831,0.4467393539905475,0.11382841700105928,0.9955,
,specimen04,fibula,geometry_policy,10deg_10mm,2,2,0.9,0.48148618558691714,1.0,0.3847219503630254,0.4672521025119585,0.11025253901607357,0.9955,
,specimen04,fibula,geometry_policy,10deg_10mm,2,3,0.9,0.480595659104405,1.0,0.3841975039866078,0.4490658645253082,0.09123641299083829,0.9955,
,specimen04,fibula,geometry_policy,10deg_10mm,2,4,0.9,0.48148618558676476,1.0,0.38472195036870954,0.4576651785248311,0.10914387198863551,0.9955,
,specimen04,fibula,geometry_policy,20deg_20mm,3,0,0.9,0.48059565910428936,1.0,0.38419750399040237,0.4410349701930176,0.09025227098027244,0.9955,
,specimen04,fibula,geometry_policy,20deg_20mm,3,1,0.9,0.48148618558669093,1.0,0.38472195037060425,0.45470834999534193,0.11463051300961524,0.9955,
,specimen04,fibula,geometry_policy,20deg_20mm,3,2,0.9,0.4814861855867823,1.0,0.38472195038197243,0.4872693031627653,0.1097531590203289,0.9955,
,specimen04,fibula,geometry_policy,20deg_20mm,3,3,0.9,0.48148618558669204,1.0,0.38472195037628837,0.44451076482572793,0.11199316300917417,0.9955,
,specimen04,fibula,geometry_policy,20deg_20mm,3,4,0.9,0.4805956591042723,1.0,0.384197503994197,0.46459472909513566,0.08854453099775128,0.9955,
,specimen04,fibula,pfad_policy,aligned,0,0,0.9,1.192889921906985,1.0,0.6882193870068323,1.179044034237525,0.06733830401208252,0.9998333333333334,
,specimen04,fibula,pfad_policy,5deg_5mm,1,0,0.9,1.192889921839521,1.0,0.6882193865810426,1.1728688025286447,0.07058072701329365,0.9998333333333334,
,specimen04,fibula,pfad_policy,5deg_5mm,1,1,0.9,1.1928899218395166,1.0,0.6882193865799835,1.1870242095827956,0.0723158149921801,0.9998333333333334,
,specimen04,fibula,pfad_policy,5deg_5mm,1,2,0.9,1.1928899219069555,1.0,0.6882193870184832,1.187766502613542,0.07106593900243752,0.9998333333333334,
,specimen04,fibula,pfad_policy,5deg_5mm,1,3,0.9,1.1928899219069182,1.0,0.6882193870163649,1.1878163792250283,0.05129238902009092,0.9998333333333334,
,specimen04,fibula,pfad_policy,5deg_5mm,1,4,0.9,1.1928899219069862,1.0,0.6882193870131874,1.1841427327240015,0.07208047801395878,0.9998333333333334,
,specimen04,fibula,pfad_policy,10deg_10mm,2,0,0.9,1.192889921839466,1.0,0.6882193865873977,1.1842999049788872,0.07005787699017674,0.9998333333333334,
,specimen04,fibula,pfad_policy,10deg_10mm,2,1,0.9,1.1928899219069746,1.0,0.6882193870174241,1.1691300075059172,0.07065135799348354,0.9998333333333334,
,specimen04,fibula,pfad_policy,10deg_10mm,2,2,0.9,1.1928899219069793,1.0,0.6882193870174241,1.1782348736182233,0.07144640901242383,0.9998333333333334,
,specimen04,fibula,pfad_policy,10deg_10mm,2,3,0.9,1.19288992183954,1.0,0.6882193865810426,1.1768321857579536,0.07337196700973436,0.9998333333333334,
,specimen04,fibula,pfad_policy,10deg_10mm,2,4,0.9,14.937537571243203,0.0,30.312334934435906,13.139392828472193,0.18106477698893286,0.9746666666666667,
,specimen04,fibula,pfad_policy,20deg_20mm,3,0,0.9,1.1928899218394968,1.0,0.688219386583161,1.170122305661711,0.06997594001586549,0.9998333333333334,
,specimen04,fibula,pfad_policy,20deg_20mm,3,1,0.9,1.1928899219069922,1.0,0.6882193870142466,1.1668693685953542,0.07066426399978809,0.9998333333333334,
,specimen04,fibula,pfad_policy,20deg_20mm,3,2,0.9,1.192889921906966,1.0,0.6882193870142466,1.1893996971189416,0.05157177199725993,0.9998333333333334,
,specimen04,fibula,pfad_policy,20deg_20mm,3,3,0.9,1.1928899218395304,1.0,0.6882193865821019,1.1717156922924665,0.07291016899398528,0.9998333333333334,
,specimen04,fibula,pfad_policy,20deg_20mm,3,4,0.9,1.1928899218395472,1.0,0.6882193865768059,1.1728434912741177,0.07240945301600732,0.9998333333333334,
,specimen05,foot,raw,aligned,0,0,,4.367374346115295,1.0,2.2714504170243,2.084298335698157,0.14579948000027798,0.8428333333333333,
,specimen05,foot,raw,5deg_5mm,1,0,,4.35021414699264,1.0,2.2621804558352996,1.89935883430289,0.16655596499913372,0.8428333333333333,
,specimen05,foot,raw,5deg_5mm,1,1,,4.350214146960748,1.0,2.262180455820796,2.1176594572536405,0.15769746000296436,0.8428333333333333,
,specimen05,foot,raw,5deg_5mm,1,2,,4.367373806242275,1.0,2.271450232021076,2.1863743697098124,0.15835134399821982,0.8428333333333333,
,specimen05,foot,raw,5deg_5mm,1,3,,4.36737434611531,1.0,2.271450417025263,2.0373874082757535,0.14720408999710344,0.8428333333333333,
,specimen05,foot,raw,5deg_5mm,1,4,,4.367374346115296,1.0,2.271450417023979,1.9759198161810345,0.14633234799839556,0.8428333333333333,
,specimen05,foot,raw,10deg_10mm,2,0,,4.367311359430686,1.0,2.2712750532033983,1.7426362948539835,0.14650451400666498,0.8428333333333333,
,specimen05,foot,raw,10deg_10mm,2,1,,4.350214146992603,1.0,2.262180455835622,2.4378088237622135,0.1680429129919503,0.8428333333333333,
,specimen05,foot,raw,10deg_10mm,2,2,,4.367375804158156,1.0,2.271451292982485,2.0492777597299776,0.16197666700463742,0.8428333333333333,
,specimen05,foot,raw,10deg_10mm,2,3,,4.3673758300419205,1.0,2.2714513042323334,1.7690521765038838,0.14585284900385886,0.8428333333333333,
,specimen05,foot,raw,10deg_10mm,2,4,,4.367375804135567,1.0,2.271451292970608,2.0148768776906216,0.1613026830018498,0.8428333333333333,
,specimen05,foot,raw,20deg_20mm,3,0,,4.36723877795717,1.0,2.2712309368266452,1.6670888928877108,0.1606242379930336,0.8428333333333333,
,specimen05,foot,raw,20deg_20mm,3,1,,4.350214146960804,1.0,2.2621804558198293,1.9758685447379614,0.16868928400799632,0.8428333333333333,
,specimen05,foot,raw,20deg_20mm,3,2,,4.350214146992655,1.0,2.2621804558359444,1.7244025029772123,0.1692041420028545,0.8428333333333333,
,specimen05,foot,raw,20deg_20mm,3,3,,4.350214065785122,1.0,2.2621804176063476,1.8067922443940734,0.17451151899877004,0.8428333333333333,
,specimen05,foot,raw,20deg_20mm,3,4,,4.35021416428127,1.0,2.2621804672662753,2.7454885908456776,0.17450272699352354,0.8428333333333333,
,specimen05,foot,all_refined,aligned,0,0,1.0,4.157966781515136,1.0,2.133335497363861,2.063043997910936,0.15978362900204957,0.8485,
,specimen05,foot,all_refined,5deg_5mm,1,0,1.0,4.157966781521526,1.0,2.1333354973676206,1.8894413905160177,0.16239459699136205,0.8485,
,specimen05,foot,all_refined,5deg_5mm,1,1,1.0,4.157966781496424,1.0,2.1333354973549756,2.089528503951251,0.15792082899133675,0.8485,
,specimen05,foot,all_refined,5deg_5mm,1,2,1.0,4.157966781496349,1.0,2.1333354973532663,2.1526573374368505,0.16280977698625065,0.8485,
,specimen05,foot,all_refined,5deg_5mm,1,3,1.0,4.157966781515117,1.0,2.133335497364203,2.012629218415134,0.15957919499487616,0.8485,
,specimen05,foot,all_refined,5deg_5mm,1,4,1.0,4.157966781521514,1.0,2.1333354973662537,1.9637083850150303,0.1577190310053993,0.8485,
,specimen05,foot,all_refined,10deg_10mm,2,0,1.0,4.15796678149634,1.0,2.1333354973542917,1.7457911462529032,0.15620054199825972,0.8485,
,specimen05,foot,all_refined,10deg_10mm,2,1,1.0,4.157966781496389,1.0,2.1333354973536083,2.392040790532646,0.1512353849830106,0.8485,
,specimen05,foot,all_refined,10deg_10mm,2,2,1.0,4.157966781496389,1.0,2.1333354973542917,2.025211059865918,0.15849046199582517,0.8485,
,specimen05,foot,all_refined,10deg_10mm,2,3,1.0,4.157966781521411,1.0,2.1333354973659118,1.7761809101948756,0.1563119009952061,0.8485,
,specimen05,foot,all_refined,10deg_10mm,2,4,1.0,4.157486321575909,1.0,2.132696043858465,1.9888695283372655,0.15612635598517954,0.8485,
,specimen05,foot,all_refined,20deg_20mm,3,0,1.0,4.1579667815214085,1.0,2.133335497368988,1.6719957066258868,0.15739471002598293,0.8485,
,specimen05,foot,all_refined,20deg_20mm,3,1,1.0,4.157966781496344,1.0,2.1333354973549756,1.9725115429182143,0.15962377897812985,0.8485,
,specimen05,foot,all_refined,20deg_20mm,3,2,1.0,4.15796678149639,1.0,2.1333354973542917,1.7043802662607996,0.16185337901697494,0.8485,
,specimen05,foot,all_refined,20deg_20mm,3,3,1.0,4.157486239128263,1.0,2.132695998976835,1.814068452965196,0.16480088199023157,0.8485,
,specimen05,foot,all_refined,20deg_20mm,3,4,1.0,4.157486397510417,1.0,2.1326960810822797,2.6758738407844365,0.16362127600586973,0.8485,
,specimen05,foot,random_policy,aligned,0,0,0.9,4.220174995078696,1.0,2.125908468948858,2.035527460001176,0.16005903299083002,0.8365,
,specimen05,foot,random_policy,5deg_5mm,1,0,0.9,4.220174951754491,1.0,2.125908449349167,1.8656137803834771,0.16101313900435343,0.8365,
,specimen05,foot,random_policy,5deg_5mm,1,1,0.9,4.220174995078713,1.0,2.125908468948515,2.0756508396380857,0.1650901620159857,0.8365,
,specimen05,foot,random_policy,5deg_5mm,1,2,0.9,4.2201749950777785,1.0,2.125908468947486,2.1365191559102144,0.16274817701196298,0.8365,
,specimen05,foot,random_policy,5deg_5mm,1,3,0.9,4.220174951754465,1.0,2.12590844934951,1.9984293091004537,0.16612188899307512,0.8365,
,specimen05,foot,random_policy,5deg_5mm,1,4,0.9,4.2201749950787155,1.0,2.125908468950573,1.9307441431774939,0.16656566099845804,0.8365,
,specimen05,foot,random_policy,10deg_10mm,2,0,0.9,4.220174995077779,1.0,2.125908468949544,1.713455368182206,0.16309033500147052,0.8365,
,specimen05,foot,random_policy,10deg_10mm,2,1,0.9,4.220174995078734,1.0,2.125908468948858,2.3720703450346625,0.16196133202174678,0.8365,
,specimen05,foot,random_policy,10deg_10mm,2,2,0.9,4.220174951754469,1.0,2.125908449349167,2.008845802159628,0.16242255800170824,0.8365,
,specimen05,foot,random_policy,10deg_10mm,2,3,0.9,4.220174995078734,1.0,2.125908468948515,1.7327445246740367,0.15880163799738511,0.8365,
,specimen05,foot,random_policy,10deg_10mm,2,4,0.9,4.2201749950787075,1.0,2.1259084689481718,1.9799327347891236,0.1643868790124543,0.8365,
,specimen05,foot,random_policy,20deg_20mm,3,0,0.9,4.220174985529081,1.0,2.1259084644074115,1.6370941638571106,0.1638113590015564,0.8365,
,specimen05,foot,random_policy,20deg_20mm,3,1,0.9,4.220174995077826,1.0,2.125908468948858,1.89137061433728,0.16355337799177505,0.8365,
,specimen05,foot,random_policy,20deg_20mm,3,2,0.9,4.217841958499924,1.0,2.1272779109699558,1.719314551463597,0.15383250900777057,0.8365,
,specimen05,foot,random_policy,20deg_20mm,3,3,0.9,4.220174995077946,1.0,2.125908468949544,1.7758510386500672,0.16649134099134244,0.8365,
,specimen05,foot,random_policy,20deg_20mm,3,4,0.9,4.220174995077694,1.0,2.125908468948515,2.666897326993854,0.1642441959993448,0.8365,
,specimen05,foot,geometry_policy,aligned,0,0,1.0,4.157966781515136,1.0,2.133335497363861,2.063043997910936,0.15978362900204957,0.8485,
,specimen05,foot,geometry_policy,5deg_5mm,1,0,1.0,4.157966781521526,1.0,2.1333354973676206,1.8894413905160177,0.16239459699136205,0.8485,
,specimen05,foot,geometry_policy,5deg_5mm,1,1,1.0,4.157966781496424,1.0,2.1333354973549756,2.089528503951251,0.15792082899133675,0.8485,
,specimen05,foot,geometry_policy,5deg_5mm,1,2,1.0,4.157966781496349,1.0,2.1333354973532663,2.1526573374368505,0.16280977698625065,0.8485,
,specimen05,foot,geometry_policy,5deg_5mm,1,3,1.0,4.157966781515117,1.0,2.133335497364203,2.012629218415134,0.15957919499487616,0.8485,
,specimen05,foot,geometry_policy,5deg_5mm,1,4,1.0,4.157966781521514,1.0,2.1333354973662537,1.9637083850150303,0.1577190310053993,0.8485,
,specimen05,foot,geometry_policy,10deg_10mm,2,0,1.0,4.15796678149634,1.0,2.1333354973542917,1.7457911462529032,0.15620054199825972,0.8485,
,specimen05,foot,geometry_policy,10deg_10mm,2,1,1.0,4.157966781496389,1.0,2.1333354973536083,2.392040790532646,0.1512353849830106,0.8485,
,specimen05,foot,geometry_policy,10deg_10mm,2,2,1.0,4.157966781496389,1.0,2.1333354973542917,2.025211059865918,0.15849046199582517,0.8485,
,specimen05,foot,geometry_policy,10deg_10mm,2,3,1.0,4.157966781521411,1.0,2.1333354973659118,1.7761809101948756,0.1563119009952061,0.8485,
,specimen05,foot,geometry_policy,10deg_10mm,2,4,1.0,4.157486321575909,1.0,2.132696043858465,1.9888695283372655,0.15612635598517954,0.8485,
,specimen05,foot,geometry_policy,20deg_20mm,3,0,1.0,4.1579667815214085,1.0,2.133335497368988,1.6719957066258868,0.15739471002598293,0.8485,
,specimen05,foot,geometry_policy,20deg_20mm,3,1,1.0,4.157966781496344,1.0,2.1333354973549756,1.9725115429182143,0.15962377897812985,0.8485,
,specimen05,foot,geometry_policy,20deg_20mm,3,2,1.0,4.15796678149639,1.0,2.1333354973542917,1.7043802662607996,0.16185337901697494,0.8485,
,specimen05,foot,geometry_policy,20deg_20mm,3,3,1.0,4.157486239128263,1.0,2.132695998976835,1.814068452965196,0.16480088199023157,0.8485,
,specimen05,foot,geometry_policy,20deg_20mm,3,4,1.0,4.157486397510417,1.0,2.1326960810822797,2.6758738407844365,0.16362127600586973,0.8485,
,specimen05,foot,pfad_policy,aligned,0,0,0.9,4.626173164102961,1.0,2.3526841247735506,2.0281957741636907,0.12715163599932566,0.903,
,specimen05,foot,pfad_policy,5deg_5mm,1,0,0.9,4.626173164102928,1.0,2.35268412477448,1.840695994901005,0.12604202498914674,0.903,
,specimen05,foot,pfad_policy,5deg_5mm,1,1,0.9,4.626173164102916,1.0,2.3526841247751,2.082577475985429,0.12657746698823757,0.903,
,specimen05,foot,pfad_policy,5deg_5mm,1,2,0.9,4.62617316410294,1.0,2.35268412477479,2.1477787727459385,0.12629375598044135,0.903,
,specimen05,foot,pfad_policy,5deg_5mm,1,3,0.9,4.626173164102999,1.0,2.35268412477448,1.9993100993378563,0.12710911402245983,0.903,
,specimen05,foot,pfad_policy,5deg_5mm,1,4,0.9,4.62617316410298,1.0,2.3526841247751,1.9147374800481392,0.12534554398735054,0.903,
,specimen05,foot,pfad_policy,10deg_10mm,2,0,0.9,4.626173164102927,1.0,2.3526841247735506,1.6768042308389661,0.12702080700546503,0.903,
,specimen05,foot,pfad_policy,10deg_10mm,2,1,0.9,4.626173164102959,1.0,2.35268412477479,2.4098474885463284,0.09556892199907452,0.903,
,specimen05,foot,pfad_policy,10deg_10mm,2,2,0.9,4.62617316410294,1.0,2.35268412477448,1.9963603426303922,0.1300011339772027,0.903,
,specimen05,foot,pfad_policy,10deg_10mm,2,3,0.9,4.626173164102968,1.0,2.3526841247741705,1.6828242490643595,0.12534947198582813,0.903,
,specimen05,foot,pfad_policy,10deg_10mm,2,4,0.9,4.626173164102977,1.0,2.3526841247751,1.9921405200713418,0.12891870900057256,0.903,
,specimen05,foot,pfad_policy,20deg_20mm,3,0,0.9,4.626173164103028,1.0,2.35268412477479,1.6214073256546062,0.12650100298924372,0.903,
,specimen05,foot,pfad_policy,20deg_20mm,3,1,0.9,4.626173164102957,1.0,2.35268412477479,1.8622594174908529,0.12743593301274814,0.903,
,specimen05,foot,pfad_policy,20deg_20mm,3,2,0.9,4.626173164102948,1.0,2.3526841247741705,1.7059978582550421,0.10172245700960048,0.903,
,specimen05,foot,pfad_policy,20deg_20mm,3,3,0.9,4.626173164102934,1.0,2.3526841247732406,1.710612194395901,0.1320935600087978,0.903,
,specimen05,foot,pfad_policy,20deg_20mm,3,4,0.9,4.626173164102979,1.0,2.35268412477541,2.7348090031667946,0.11379560199566185,0.903,
,specimen05,tibia,raw,aligned,0,0,,3.750023125085048,1.0,3.1462181594501155,3.529900760915913,0.09874485898762941,0.9663333333333334,
,specimen05,tibia,raw,5deg_5mm,1,0,,3.7500231250851153,1.0,3.1462181594498837,3.5112081806909146,0.10049453299143352,0.9663333333333334,
,specimen05,tibia,raw,5deg_5mm,1,1,,3.7500231250850606,1.0,3.146218159450811,3.5746336754696104,0.10251390398479998,0.9663333333333334,
,specimen05,tibia,raw,5deg_5mm,1,2,,3.750023125085025,1.0,3.1462181594512746,3.522832228868744,0.09455123500083573,0.9663333333333334,
,specimen05,tibia,raw,5deg_5mm,1,3,,3.7500231250850824,1.0,3.1462181594503473,3.509197349954275,0.10365735998493619,0.9663333333333334,
,specimen05,tibia,raw,5deg_5mm,1,4,,3.750023125085097,1.0,3.1462181594501155,3.4671753780925467,0.10500368100474589,0.9663333333333334,
,specimen05,tibia,raw,10deg_10mm,2,0,,3.7500231250850415,1.0,3.1462181594512746,3.5161867542113323,0.10508983899489976,0.9663333333333334,
,specimen05,tibia,raw,10deg_10mm,2,1,,3.7500231250850424,1.0,3.1462181594498837,3.437949209561487,0.10480866697616875,0.9663333333333334,
,specimen05,tibia,raw,10deg_10mm,2,2,,3.750023125085092,1.0,3.146218159449652,3.734532854494895,0.10260523998294957,0.9663333333333334,
,specimen05,tibia,raw,10deg_10mm,2,3,,3.750023125085137,1.0,3.1462181594489564,3.549416451817763,0.11065080499975011,0.9663333333333334,
,specimen05,tibia,raw,10deg_10mm,2,4,,3.7500231250849936,1.0,3.14621815944942,3.4562864013914423,0.10215320700081065,0.9663333333333334,
,specimen05,tibia,raw,20deg_20mm,3,0,,3.7500231250852294,1.0,3.1462181594480296,3.566932092032755,0.14784577800310217,0.9663333333333334,
,specimen05,tibia,raw,20deg_20mm,3,1,,3.7500231250850296,1.0,3.1462181594501155,3.922099651130806,0.13066181598696858,0.9663333333333334,
,specimen05,tibia,raw,20deg_20mm,3,2,,33.1218618061445,0.0,53.194801954553746,33.41394511035134,0.29709613899467513,0.6735,
,specimen05,tibia,raw,20deg_20mm,3,3,,3.7500231250851037,1.0,3.1462181594503473,3.4829090588894225,0.11452480702428147,0.9663333333333334,
,specimen05,tibia,raw,20deg_20mm,3,4,,3.7500231250850193,1.0,3.14621815944942,3.836718169471261,0.15199086599750444,0.9663333333333334,
,specimen05,tibia,all_refined,aligned,0,0,1.0,3.879904701439608,1.0,2.9936527289646326,3.6751360037005782,0.086749105976196,0.9671666666666666,
,specimen05,tibia,all_refined,5deg_5mm,1,0,1.0,3.879904701439601,1.0,2.9936527289658503,3.6549292807976137,0.09478941900306381,0.9671666666666666,
,specimen05,tibia,all_refined,5deg_5mm,1,1,1.0,3.8799047014395804,1.0,2.993652728964876,3.7121228037766927,0.09466318899649195,0.9671666666666666,
,specimen05,tibia,all_refined,5deg_5mm,1,2,1.0,3.879904701439604,1.0,2.993652728966581,3.6690584190005215,0.09076918999198824,0.9671666666666666,
,specimen05,tibia,all_refined,5deg_5mm,1,3,1.0,3.8799047014395702,1.0,2.993652728966094,3.652575380339025,0.09675625601084903,0.9671666666666666,
,specimen05,tibia,all_refined,5deg_5mm,1,4,1.0,3.879904701439532,1.0,2.9936527289658503,3.6160781908536337,0.09577184298541397,0.9671666666666666,
,specimen05,tibia,all_refined,10deg_10mm,2,0,1.0,3.879904701439505,1.0,2.993652728966094,3.6591261203341316,0.10184667399153113,0.9671666666666666,
,specimen05,tibia,all_refined,10deg_10mm,2,1,1.0,3.879904701439585,1.0,2.993652728965363,3.5901376092304584,0.1000626570021268,0.9671666666666666,
,specimen05,tibia,all_refined,10deg_10mm,2,2,1.0,3.8799047014395116,1.0,2.9936527289658503,3.8629419957006053,0.09458046802319586,0.9671666666666666,
,specimen05,tibia,all_refined,10deg_10mm,2,3,1.0,3.8799047014395684,1.0,2.9936527289656065,3.689743820766332,0.09819639701163396,0.9671666666666666,
,specimen05,tibia,all_refined,10deg_10mm,2,4,1.0,3.8799047014396275,1.0,2.9936527289651194,3.600800278859169,0.10131714399904013,0.9671666666666666,
,specimen05,tibia,all_refined,20deg_20mm,3,0,1.0,3.879904701439556,1.0,2.9936527289651194,3.692747672206551,0.11260947200935334,0.9671666666666666,
,specimen05,tibia,all_refined,20deg_20mm,3,1,1.0,3.8799047014395738,0.0,2.9936527289651194,4.033893627474071,0.12485859199659899,0.9671666666666666,
,specimen05,tibia,all_refined,20deg_20mm,3,2,1.0,32.664888774499104,0.0,51.01754277659753,32.77198280007033,0.3078955200035125,0.6621666666666667,
,specimen05,tibia,all_refined,20deg_20mm,3,3,1.0,3.8799047014395587,1.0,2.993652728964876,3.6379474160807,0.10972351100645028,0.9671666666666666,
,specimen05,tibia,all_refined,20deg_20mm,3,4,1.0,3.879904701439596,1.0,2.993652728965363,3.953446805241635,0.12703104998217896,0.9671666666666666,
,specimen05,tibia,random_policy,aligned,0,0,0.9,3.8074095490671147,1.0,2.9386377914084574,3.5987173178945344,0.1325402420188766,0.9665,
,specimen05,tibia,random_policy,5deg_5mm,1,0,0.9,3.8074095490672657,1.0,2.93863779140672,3.5789919849362257,0.13544881498091854,0.9665,
,specimen05,tibia,random_policy,5deg_5mm,1,1,0.9,3.8074095490672404,1.0,2.938637791406969,3.6333340435251844,0.13731717198970728,0.9665,
,specimen05,tibia,random_policy,5deg_5mm,1,2,0.9,3.807409549067143,1.0,2.938637791407465,3.5935043366863155,0.09517544700065628,0.9665,
,specimen05,tibia,random_policy,5deg_5mm,1,3,0.9,3.807409549067265,1.0,2.9386377914064723,3.5770038470800456,0.1369676259928383,0.9665,
,specimen05,tibia,random_policy,5deg_5mm,1,4,0.9,3.8074095490671835,1.0,2.938637791407465,3.5425163937931052,0.14160583398188464,0.9665,
,specimen05,tibia,random_policy,10deg_10mm,2,0,0.9,3.8074095490672075,1.0,2.938637791406224,3.583719296617056,0.09545062700635754,0.9665,
,specimen05,tibia,random_policy,10deg_10mm,2,1,0.9,3.807409549067191,1.0,2.938637791407465,3.5189712015087244,0.1366718299977947,0.9665,
,specimen05,tibia,random_policy,10deg_10mm,2,2,0.9,3.807409549067225,1.0,2.938637791407465,3.7784997595887795,0.13724880100926384,0.9665,
,specimen05,tibia,random_policy,10deg_10mm,2,3,0.9,3.8074095490671653,1.0,2.938637791407465,3.611516104000347,0.13470899398089387,0.9665,
,specimen05,tibia,random_policy,10deg_10mm,2,4,0.9,3.8074095490671933,1.0,2.938637791405976,3.5283026657837624,0.13836252500186674,0.9665,
,specimen05,tibia,random_policy,20deg_20mm,3,0,0.9,3.807409549067177,1.0,2.938637791407465,3.6157354596620337,0.14320206400589086,0.9665,
,specimen05,tibia,random_policy,20deg_20mm,3,1,0.9,3.8074095490670947,1.0,2.938637791406969,3.941925387600574,0.14665634999983013,0.9665,
,specimen05,tibia,random_policy,20deg_20mm,3,2,0.9,33.151237633378095,0.0,51.916522654364265,33.35616868417877,0.30409487697761506,0.6663333333333333,
,specimen05,tibia,random_policy,20deg_20mm,3,3,0.9,3.8074095490671485,1.0,2.938637791407713,3.5636412806648767,0.13954859299701639,0.9665,
,specimen05,tibia,random_policy,20deg_20mm,3,4,0.9,3.8074095490671676,1.0,2.9386377914064723,3.8675463238372774,0.14703844499308616,0.9665,
,specimen05,tibia,geometry_policy,aligned,0,0,1.0,3.879904701439608,1.0,2.9936527289646326,3.6751360037005782,0.086749105976196,0.9671666666666666,
,specimen05,tibia,geometry_policy,5deg_5mm,1,0,1.0,3.879904701439601,1.0,2.9936527289658503,3.6549292807976137,0.09478941900306381,0.9671666666666666,
,specimen05,tibia,geometry_policy,5deg_5mm,1,1,1.0,3.8799047014395804,1.0,2.993652728964876,3.7121228037766927,0.09466318899649195,0.9671666666666666,
,specimen05,tibia,geometry_policy,5deg_5mm,1,2,1.0,3.879904701439604,1.0,2.993652728966581,3.6690584190005215,0.09076918999198824,0.9671666666666666,
,specimen05,tibia,geometry_policy,5deg_5mm,1,3,1.0,3.8799047014395702,1.0,2.993652728966094,3.652575380339025,0.09675625601084903,0.9671666666666666,
,specimen05,tibia,geometry_policy,5deg_5mm,1,4,1.0,3.879904701439532,1.0,2.9936527289658503,3.6160781908536337,0.09577184298541397,0.9671666666666666,
,specimen05,tibia,geometry_policy,10deg_10mm,2,0,1.0,3.879904701439505,1.0,2.993652728966094,3.6591261203341316,0.10184667399153113,0.9671666666666666,
,specimen05,tibia,geometry_policy,10deg_10mm,2,1,1.0,3.879904701439585,1.0,2.993652728965363,3.5901376092304584,0.1000626570021268,0.9671666666666666,
,specimen05,tibia,geometry_policy,10deg_10mm,2,2,1.0,3.8799047014395116,1.0,2.9936527289658503,3.8629419957006053,0.09458046802319586,0.9671666666666666,
,specimen05,tibia,geometry_policy,10deg_10mm,2,3,1.0,3.8799047014395684,1.0,2.9936527289656065,3.689743820766332,0.09819639701163396,0.9671666666666666,
,specimen05,tibia,geometry_policy,10deg_10mm,2,4,1.0,3.8799047014396275,1.0,2.9936527289651194,3.600800278859169,0.10131714399904013,0.9671666666666666,
,specimen05,tibia,geometry_policy,20deg_20mm,3,0,1.0,3.879904701439556,1.0,2.9936527289651194,3.692747672206551,0.11260947200935334,0.9671666666666666,
,specimen05,tibia,geometry_policy,20deg_20mm,3,1,1.0,3.8799047014395738,0.0,2.9936527289651194,4.033893627474071,0.12485859199659899,0.9671666666666666,
,specimen05,tibia,geometry_policy,20deg_20mm,3,2,1.0,32.664888774499104,0.0,51.01754277659753,32.77198280007033,0.3078955200035125,0.6621666666666667,
,specimen05,tibia,geometry_policy,20deg_20mm,3,3,1.0,3.8799047014395587,1.0,2.993652728964876,3.6379474160807,0.10972351100645028,0.9671666666666666,
,specimen05,tibia,geometry_policy,20deg_20mm,3,4,1.0,3.879904701439596,1.0,2.993652728965363,3.953446805241635,0.12703104998217896,0.9671666666666666,
,specimen05,tibia,pfad_policy,aligned,0,0,0.9,3.9351433103610973,1.0,3.3828169690677874,3.6982534646688805,0.07814208799391054,0.998,
,specimen05,tibia,pfad_policy,5deg_5mm,1,0,0.9,3.935143310361225,1.0,3.382816969067572,3.674939511973009,0.07942159799858928,0.998,
,specimen05,tibia,pfad_policy,5deg_5mm,1,1,0.9,3.9351433103611715,1.0,3.382816969068003,3.7451991077605395,0.0803760010167025,0.998,
,specimen05,tibia,pfad_policy,5deg_5mm,1,2,0.9,3.9351433103612115,1.0,3.3828169690664938,3.6913234608309895,0.07939564200933091,0.998,
,specimen05,tibia,pfad_policy,5deg_5mm,1,3,0.9,3.9351433103612026,1.0,3.382816969068003,3.6726587939265944,0.08618373400531709,0.998,
,specimen05,tibia,pfad_policy,5deg_5mm,1,4,0.9,3.9351433103611786,1.0,3.3828169690677874,3.6269448054308087,0.08221661500283517,0.998,
,specimen05,tibia,pfad_policy,10deg_10mm,2,0,0.9,3.935143310361175,1.0,3.3828169690677874,3.681246397585525,0.08893793899915181,0.998,
,specimen05,tibia,pfad_policy,10deg_10mm,2,1,0.9,3.93514331036118,1.0,3.3828169690677874,3.59593604619866,0.08337275497615337,0.998,
,specimen05,tibia,pfad_policy,10deg_10mm,2,2,0.9,3.9351433103611324,1.0,3.382816969067572,3.9266441185573644,0.07723776099737734,0.998,
,specimen05,tibia,pfad_policy,10deg_10mm,2,3,0.9,3.935143310361143,1.0,3.3828169690669254,3.7169152380474832,0.08427742798812687,0.998,
,specimen05,tibia,pfad_policy,10deg_10mm,2,4,0.9,3.9351433103611444,1.0,3.382816969067572,3.611484562656973,0.08139942100387998,0.998,
,specimen05,tibia,pfad_policy,20deg_20mm,3,0,0.9,3.93514331036109,1.0,3.382816969068003,3.729460136505743,0.08765046499320306,0.998,
,specimen05,tibia,pfad_policy,20deg_20mm,3,1,0.9,3.935143310361299,0.0,3.3828169690664938,4.132788112025586,0.10681341000599787,0.998,
,specimen05,tibia,pfad_policy,20deg_20mm,3,2,0.9,41.170009978753974,0.0,27.87939070269838,38.028649771515866,0.3128431549994275,0.6913333333333334,
,specimen05,tibia,pfad_policy,20deg_20mm,3,3,0.9,3.9351433103611195,1.0,3.382816969067356,3.6481428986852755,0.08735870700911619,0.998,
,specimen05,tibia,pfad_policy,20deg_20mm,3,4,0.9,3.935143310361122,0.0,3.3828169690677874,4.041537615387227,0.1127541989844758,0.998,
,specimen05,fibula,raw,aligned,0,0,,28.366980464079628,0.0,12.173375513186084,28.129285159088287,0.18381375700118951,0.8071666666666667,
,specimen05,fibula,raw,5deg_5mm,1,0,,28.367919272534696,0.0,12.158090314243077,28.056863277194815,0.1835277980135288,0.8071666666666667,
,specimen05,fibula,raw,5deg_5mm,1,1,,66.03937887384978,0.0,16.27171461111985,66.08878259767417,0.22487399997771718,0.7885,
,specimen05,fibula,raw,5deg_5mm,1,2,,28.370233303710734,0.0,12.161099811423062,28.23763133785109,0.18392789500649087,0.8071666666666667,
,specimen05,fibula,raw,5deg_5mm,1,3,,28.366980359119843,0.0,12.173375464947366,28.124987165631307,0.18618025199975818,0.8071666666666667,
,specimen05,fibula,raw,5deg_5mm,1,4,,66.07843095018818,0.0,16.302973266217247,66.10089419094993,0.20877900000778027,0.7885,
,specimen05,fibula,raw,10deg_10mm,2,0,,28.3587767913394,0.0,12.158974228942757,28.069625221923225,0.18637144501553848,0.8071666666666667,
,specimen05,fibula,raw,10deg_10mm,2,1,,66.04974116300237,0.0,16.27900997732128,66.04421194167959,0.22190148799563758,0.7885,
,specimen05,fibula,raw,10deg_10mm,2,2,,66.04152406850856,0.0,16.323123324704348,66.45421256005216,0.22459486898151226,0.7885,
,specimen05,fibula,raw,10deg_10mm,2,3,,28.367941970590625,0.0,12.155375976530117,28.03886516439854,0.18859884899575263,0.8071666666666667,
,specimen05,fibula,raw,10deg_10mm,2,4,,66.03836929880525,0.0,16.276667941397754,66.33256203751087,0.22312661999603733,0.7885,
,specimen05,fibula,raw,20deg_20mm,3,0,,28.36382296705067,0.0,12.160852346952217,28.096978628279448,0.18599982501473278,0.8071666666666667,
,specimen05,fibula,raw,20deg_20mm,3,1,,28.380706115974498,0.0,12.164700600603801,28.607789293540197,0.1859583269979339,0.807,
,specimen05,fibula,raw,20deg_20mm,3,2,,28.367919272532934,0.0,12.158090314242294,28.827740421373367,0.1901123620045837,0.8071666666666667,
,specimen05,fibula,raw,20deg_20mm,3,3,,28.361395310344452,0.0,12.166098165132393,28.386298709237494,0.18685288398410194,0.8071666666666667,
,specimen05,fibula,raw,20deg_20mm,3,4,,28.358883811153255,0.0,12.163965416207732,28.45267349975056,0.18799527699593455,0.8071666666666667,
,specimen05,fibula,all_refined,aligned,0,0,1.0,29.274802000566755,0.0,12.23084129305843,29.054172121294414,0.17333118099486455,0.8131666666666667,
,specimen05,fibula,all_refined,5deg_5mm,1,0,1.0,29.153544068536014,0.0,12.216375193265405,28.86101198564775,0.18107064298237674,0.8128333333333333,
,specimen05,fibula,all_refined,5deg_5mm,1,1,1.0,29.274802000238452,0.0,12.230841292943069,29.06548519364215,0.17557143000885844,0.8131666666666667,
,specimen05,fibula,all_refined,5deg_5mm,1,2,1.0,29.224630079485394,0.0,12.235637258177643,29.106481127872122,0.18378785997629166,0.813,
,specimen05,fibula,all_refined,5deg_5mm,1,3,1.0,29.224630095940018,0.0,12.235637264202087,28.999620752619922,0.17959531300584786,0.813,
,specimen05,fibula,all_refined,5deg_5mm,1,4,1.0,67.949663116498,0.0,16.977361273095145,67.9978702251745,0.22008294198894873,0.792,
,specimen05,fibula,all_refined,10deg_10mm,2,0,1.0,29.274802000644904,0.0,12.230841293086536,29.003559673234058,0.18123188999015838,0.8131666666666667,
,specimen05,fibula,all_refined,10deg_10mm,2,1,1.0,67.95554116630609,0.0,16.94504957637134,67.97590795543087,0.2232597940019332,0.792,
,specimen05,fibula,all_refined,10deg_10mm,2,2,1.0,67.91592009953891,0.0,16.949315125672364,68.34180581739622,0.22268982700188644,0.792,
,specimen05,fibula,all_refined,10deg_10mm,2,3,1.0,29.296569038803312,0.0,12.212849664942762,28.986091332053846,0.16987776997848414,0.8131666666666667,
,specimen05,fibula,all_refined,10deg_10mm,2,4,1.0,68.00620098941212,0.0,17.026264416522082,68.31072381622326,0.22195208599441685,0.7918333333333333,
,specimen05,fibula,all_refined,20deg_20mm,3,0,1.0,29.29656584980089,0.0,12.21284837902407,29.04645769600137,0.17236301800585352,0.8131666666666667,
,specimen05,fibula,all_refined,20deg_20mm,3,1,1.0,29.271828075966294,0.0,12.217514900375228,29.507556157753328,0.17669514499721117,0.8131666666666667,
,specimen05,fibula,all_refined,20deg_20mm,3,2,1.0,29.26527588906808,0.0,12.210354684380663,29.728195749347897,0.18731733100139536,0.8131666666666667,
,specimen05,fibula,all_refined,20deg_20mm,3,3,1.0,29.270226469558136,0.0,12.223914458460731,29.304434169401162,0.1850082970049698,0.8131666666666667,
,specimen05,fibula,all_refined,20deg_20mm,3,4,1.0,29.22095489581762,0.0,12.233162531209196,29.323532397361024,0.18328726300387643,0.813,
,specimen05,fibula,random_policy,aligned,0,0,0.9,30.747812719100217,0.0,12.020149592439385,30.537725085401657,0.18367657999624498,0.8045,
,specimen05,fibula,random_policy,5deg_5mm,1,0,0.9,30.74684898237796,0.0,12.020162083707811,30.44959806287583,0.16440688399598002,0.8045,
,specimen05,fibula,random_policy,5deg_5mm,1,1,0.9,30.750506040027595,0.0,12.021074148595451,30.546129284681143,0.18879097499302588,0.8045,
,specimen05,fibula,random_policy,5deg_5mm,1,2,0.9,30.74714067280093,0.0,12.02103581194996,30.652568728454106,0.17358358899946325,0.8045,
,specimen05,fibula,random_policy,5deg_5mm,1,3,0.9,30.745906979134766,0.0,12.020939934173994,30.525490191099355,0.16274614000576548,0.8045,
,specimen05,fibula,random_policy,5deg_5mm,1,4,0.9,66.33685405937072,0.0,16.47677542008528,66.38489937886371,0.21709156900760718,0.7766666666666666,
,specimen05,fibula,random_policy,10deg_10mm,2,0,0.9,30.74697076809534,0.0,12.02052224836236,30.4594956728909,0.1722932199772913,0.8045,
,specimen05,fibula,random_policy,10deg_10mm,2,1,0.9,66.34151265051618,0.0,16.512615513933156,66.36049100734738,0.2216160419920925,0.7766666666666666,
,specimen05,fibula,random_policy,10deg_10mm,2,2,0.9,66.15686956363837,0.0,16.447436630339315,66.58072901677554,0.22110172398970462,0.7771666666666667,
,specimen05,fibula,random_policy,10deg_10mm,2,3,0.9,30.75100894111705,0.0,12.021832626808811,30.423937709457082,0.17463174799922854,0.8045,
,specimen05,fibula,random_policy,10deg_10mm,2,4,0.9,66.34358649992045,0.0,16.484213923787674,66.65220988717681,0.22175870797946118,0.7766666666666666,
,specimen05,fibula,random_policy,20deg_20mm,3,0,0.9,30.746832409449667,0.0,12.02015463823226,30.502971282823665,0.16471260899561457,0.8045,
,specimen05,fibula,random_policy,20deg_20mm,3,1,0.9,30.74713921731437,0.0,12.021035689929708,31.014599714258875,0.17950089398073032,0.8045,
,specimen05,fibula,random_policy,20deg_20mm,3,2,0.9,30.74714067280079,0.0,12.021035811949899,31.252775793108647,0.17752693500369787,0.8045,
,specimen05,fibula,random_policy,20deg_20mm,3,3,0.9,30.746832409449546,0.0,12.02015463823226,30.805314677191767,0.17034720999072306,0.8045,
,specimen05,fibula,random_policy,20deg_20mm,3,4,0.9,30.74781693511787,0.0,12.0201512221837,30.875010445454073,0.18230442600906827,0.8045,
,specimen05,fibula,geometry_policy,aligned,0,0,1.0,29.274802000566755,0.0,12.23084129305843,29.054172121294414,0.17333118099486455,0.8131666666666667,
,specimen05,fibula,geometry_policy,5deg_5mm,1,0,1.0,29.153544068536014,0.0,12.216375193265405,28.86101198564775,0.18107064298237674,0.8128333333333333,
,specimen05,fibula,geometry_policy,5deg_5mm,1,1,1.0,29.274802000238452,0.0,12.230841292943069,29.06548519364215,0.17557143000885844,0.8131666666666667,
,specimen05,fibula,geometry_policy,5deg_5mm,1,2,1.0,29.224630079485394,0.0,12.235637258177643,29.106481127872122,0.18378785997629166,0.813,
,specimen05,fibula,geometry_policy,5deg_5mm,1,3,1.0,29.224630095940018,0.0,12.235637264202087,28.999620752619922,0.17959531300584786,0.813,
,specimen05,fibula,geometry_policy,5deg_5mm,1,4,1.0,67.949663116498,0.0,16.977361273095145,67.9978702251745,0.22008294198894873,0.792,
,specimen05,fibula,geometry_policy,10deg_10mm,2,0,1.0,29.274802000644904,0.0,12.230841293086536,29.003559673234058,0.18123188999015838,0.8131666666666667,
,specimen05,fibula,geometry_policy,10deg_10mm,2,1,1.0,67.95554116630609,0.0,16.94504957637134,67.97590795543087,0.2232597940019332,0.792,
,specimen05,fibula,geometry_policy,10deg_10mm,2,2,1.0,67.91592009953891,0.0,16.949315125672364,68.34180581739622,0.22268982700188644,0.792,
,specimen05,fibula,geometry_policy,10deg_10mm,2,3,1.0,29.296569038803312,0.0,12.212849664942762,28.986091332053846,0.16987776997848414,0.8131666666666667,
,specimen05,fibula,geometry_policy,10deg_10mm,2,4,1.0,68.00620098941212,0.0,17.026264416522082,68.31072381622326,0.22195208599441685,0.7918333333333333,
,specimen05,fibula,geometry_policy,20deg_20mm,3,0,1.0,29.29656584980089,0.0,12.21284837902407,29.04645769600137,0.17236301800585352,0.8131666666666667,
,specimen05,fibula,geometry_policy,20deg_20mm,3,1,1.0,29.271828075966294,0.0,12.217514900375228,29.507556157753328,0.17669514499721117,0.8131666666666667,
,specimen05,fibula,geometry_policy,20deg_20mm,3,2,1.0,29.26527588906808,0.0,12.210354684380663,29.728195749347897,0.18731733100139536,0.8131666666666667,
,specimen05,fibula,geometry_policy,20deg_20mm,3,3,1.0,29.270226469558136,0.0,12.223914458460731,29.304434169401162,0.1850082970049698,0.8131666666666667,
,specimen05,fibula,geometry_policy,20deg_20mm,3,4,1.0,29.22095489581762,0.0,12.233162531209196,29.323532397361024,0.18328726300387643,0.813,
,specimen05,fibula,pfad_policy,aligned,0,0,0.9,30.38761154175314,0.0,12.392116135856101,30.16713494299763,0.16837840600055642,0.8875,
,specimen05,fibula,pfad_policy,5deg_5mm,1,0,0.9,30.387679349652146,0.0,12.394142806637365,30.090727266469113,0.15027006997843273,0.8875,
,specimen05,fibula,pfad_policy,5deg_5mm,1,1,0.9,30.387611541751028,0.0,12.392116135855153,30.174702227237013,0.17157058598240837,0.8875,
,specimen05,fibula,pfad_policy,5deg_5mm,1,2,0.9,30.387611541751,0.0,12.392116135855568,30.275062907175407,0.1708975940127857,0.8875,
,specimen05,fibula,pfad_policy,5deg_5mm,1,3,0.9,30.38121028923165,0.0,12.380225390726292,30.153444438878896,0.1671335309802089,0.8875,
,specimen05,fibula,pfad_policy,5deg_5mm,1,4,0.9,67.64067526486001,0.0,17.118551757420853,67.70241938699942,0.20424223301233724,0.8656666666666667,
,specimen05,fibula,pfad_policy,10deg_10mm,2,0,0.9,30.387611541660423,0.0,12.392116135815316,30.105122922319325,0.17011707701021805,0.8875,
,specimen05,fibula,pfad_policy,10deg_10mm,2,1,0.9,67.59739520826498,0.0,17.132657335243337,67.63178180960779,0.19895361197995953,0.8656666666666667,
,specimen05,fibula,pfad_policy,10deg_10mm,2,2,0.9,67.60108542281553,0.0,17.13583338346128,68.05639519577468,0.17341616298654117,0.8656666666666667,
,specimen05,fibula,pfad_policy,10deg_10mm,2,3,0.9,30.387611541750797,0.0,12.392116135855332,30.07080823288831,0.17004852401441894,0.8875,
,specimen05,fibula,pfad_policy,10deg_10mm,2,4,0.9,67.56551271307822,0.0,17.087097964917092,67.90071724030344,0.1950255199917592,0.8656666666666667,
,specimen05,fibula,pfad_policy,20deg_20mm,3,0,0.9,30.385488052989587,0.0,12.390081215665727,30.13324584999474,0.16816653101705015,0.8875,
,specimen05,fibula,pfad_policy,20deg_20mm,3,1,0.9,30.381210289342704,0.0,12.380225390771091,30.634666503074186,0.1690246969810687,0.8875,
,specimen05,fibula,pfad_policy,20deg_20mm,3,2,0.9,30.387611541753255,0.0,12.39211613585622,30.866611929993212,0.1669487569888588,0.8875,
,specimen05,fibula,pfad_policy,20deg_20mm,3,3,0.9,30.3876115417533,0.0,12.392116135856043,30.43459776293131,0.1710860530147329,0.8875,
,specimen05,fibula,pfad_policy,20deg_20mm,3,4,0.9,30.38761154175082,0.0,12.392116135855213,30.503933343863622,0.16547578998142853,0.8875,
,specimen06,foot,raw,aligned,0,0,,1.027767103531897,1.0,0.8303136336302033,0.8555458597398367,0.13564120000228286,0.9108333333333334,
,specimen06,foot,raw,5deg_5mm,1,0,,1.0277671035318932,1.0,0.8303136336302033,0.8890082834930407,0.1373846470087301,0.9108333333333334,
,specimen06,foot,raw,5deg_5mm,1,1,,1.0277671035319411,1.0,0.8303136336275695,0.8742243557554543,0.13568913799826987,0.9108333333333334,
,specimen06,foot,raw,5deg_5mm,1,2,,1.0277671035319493,1.0,0.8303136336266915,0.8726709847283532,0.13674029399408028,0.9108333333333334,
,specimen06,foot,raw,5deg_5mm,1,3,,1.027767103531915,1.0,0.8303136336231798,0.8428987949408336,0.13787030999083072,0.9108333333333334,
,specimen06,foot,raw,5deg_5mm,1,4,,1.0277671035318974,1.0,0.8303136336328371,0.8585177970719771,0.1368062590190675,0.9108333333333334,
,specimen06,foot,raw,10deg_10mm,2,0,,1.0277671035319393,1.0,0.8303136336275695,0.9360530129198457,0.1376461039762944,0.9108333333333334,
,specimen06,foot,raw,10deg_10mm,2,1,,1.0277671035318896,1.0,0.8303136336284473,0.8333519814851222,0.1374450680159498,0.9108333333333334,
,specimen06,foot,raw,10deg_10mm,2,2,,1.027767103531956,1.0,0.8303136336231798,0.8158489688053915,0.13844699002220295,0.9108333333333334,
,specimen06,foot,raw,10deg_10mm,2,3,,1.0277671035319254,1.0,0.8303136336293253,0.8431138650961076,0.13755022498662584,0.9108333333333334,
,specimen06,foot,raw,10deg_10mm,2,4,,1.0277671035318932,1.0,0.8303136336284473,0.91685150882351,0.13776049800799228,0.9108333333333334,
,specimen06,foot,raw,20deg_20mm,3,0,,1.0277671035319171,1.0,0.8303136336258136,0.8024883539586275,0.1382272409973666,0.9108333333333334,
,specimen06,foot,raw,20deg_20mm,3,1,,1.027767103531898,1.0,0.8303136336266915,0.9698030501847082,0.13996462602517568,0.9108333333333334,
,specimen06,foot,raw,20deg_20mm,3,2,,1.027767103531853,1.0,0.8303136336302033,0.8819900104078677,0.13645079999696463,0.9108333333333334,
,specimen06,foot,raw,20deg_20mm,3,3,,1.027767103531937,1.0,0.8303136336240577,0.9813334131413408,0.14736971497768536,0.9108333333333334,
,specimen06,foot,raw,20deg_20mm,3,4,,40.63832362460678,0.0,28.179385341759314,29.869601181451053,0.21971500699874014,0.8703333333333333,
,specimen06,foot,all_refined,aligned,0,0,1.0,0.8652036346533916,1.0,0.705480547706536,0.8347980523237103,0.1722308559983503,0.9116666666666666,
,specimen06,foot,all_refined,5deg_5mm,1,0,1.0,0.8652036346534906,1.0,0.7054805476993031,0.8618821699314548,0.1650756779999938,0.9116666666666666,
,specimen06,foot,all_refined,5deg_5mm,1,1,1.0,0.8652036346534531,1.0,0.705480547702403,0.841473303673711,0.1701747309998609,0.9116666666666666,
,specimen06,foot,all_refined,5deg_5mm,1,2,1.0,0.8652036346534345,1.0,0.705480547706536,0.8590504083098387,0.1613585719896946,0.9116666666666666,
,specimen06,foot,all_refined,5deg_5mm,1,3,1.0,0.8652036346533769,1.0,0.7054805477086026,0.8333796756243009,0.1671117130026687,0.9116666666666666,
,specimen06,foot,all_refined,5deg_5mm,1,4,1.0,0.8652036346534259,1.0,0.705480547702403,0.8456885691858337,0.16784538800129667,0.9116666666666666,
,specimen06,foot,all_refined,10deg_10mm,2,0,1.0,0.8652036346533782,1.0,0.7054805477044694,0.9175720459997972,0.1722017840074841,0.9116666666666666,
,specimen06,foot,all_refined,10deg_10mm,2,1,1.0,0.8652036346534207,1.0,0.7054805477044694,0.831204505127832,0.1566656890208833,0.9116666666666666,
,specimen06,foot,all_refined,10deg_10mm,2,2,1.0,0.8652036346534379,1.0,0.7054805477003364,0.7873688806517788,0.1676013460091781,0.9116666666666666,
,specimen06,foot,all_refined,10deg_10mm,2,3,1.0,0.8652036346534324,1.0,0.7054805477034363,0.7972773663197137,0.14478923301794566,0.9116666666666666,
,specimen06,foot,all_refined,10deg_10mm,2,4,1.0,0.8652036346534151,1.0,0.705480547702403,0.9068877637452617,0.15705924900248647,0.9116666666666666,
,specimen06,foot,all_refined,20deg_20mm,3,0,1.0,0.8652036346534341,1.0,0.7054805477044694,0.8014993284025139,0.17224093101685867,0.9116666666666666,
,specimen06,foot,all_refined,20deg_20mm,3,1,1.0,0.8652036346534238,1.0,0.705480547702403,0.9082111230543337,0.15539620598428883,0.9116666666666666,
,specimen06,foot,all_refined,20deg_20mm,3,2,1.0,0.8652036346534057,1.0,0.705480547702403,0.8529189203840157,0.1712251249991823,0.9116666666666666,
,specimen06,foot,all_refined,20deg_20mm,3,3,1.0,0.8652036346533848,1.0,0.7054805477117023,0.9824480764449308,0.18015034298878163,0.9116666666666666,
,specimen06,foot,all_refined,20deg_20mm,3,4,1.0,35.19731342928657,0.0,24.355249382938286,27.165410614481164,0.2202451339981053,0.861,
,specimen06,foot,random_policy,aligned,0,0,0.9,1.0583321206605676,1.0,0.9078525955580506,0.8031135290124278,0.14130496702273376,0.9141666666666667,
,specimen06,foot,random_policy,5deg_5mm,1,0,0.9,1.0583321206605638,1.0,0.9078525955580506,0.8441950793121261,0.14050243599922396,0.9141666666666667,
,specimen06,foot,random_policy,5deg_5mm,1,1,0.9,1.0583321206605543,1.0,0.9078525955564448,0.8293119331320357,0.14285984498565085,0.9141666666666667,
,specimen06,foot,random_policy,5deg_5mm,1,2,0.9,1.0583321206605798,1.0,0.9078525955604595,0.8199440992406071,0.14334402000531554,0.9141666666666667,
,specimen06,foot,random_policy,5deg_5mm,1,3,0.9,1.05833212066062,1.0,0.907852595553233,0.7840144061343093,0.14221306701074354,0.9141666666666667,
,specimen06,foot,random_policy,5deg_5mm,1,4,0.9,1.0583321206605307,1.0,0.9078525955588537,0.8040685463823019,0.14093003200832754,0.9141666666666667,
,specimen06,foot,random_policy,10deg_10mm,2,0,0.9,1.0583321206605696,1.0,0.9078525955556417,0.8952381114128933,0.14180205602315255,0.9141666666666667,
,specimen06,foot,random_policy,10deg_10mm,2,1,0.9,1.0575965186770344,1.0,0.9076071695870623,0.7692425870630907,0.14346574200317264,0.9141666666666667,
,specimen06,foot,random_policy,10deg_10mm,2,2,0.9,1.058332120660595,1.0,0.9078525955516271,0.7598438545249365,0.14047766500152647,0.9141666666666667,
,specimen06,foot,random_policy,10deg_10mm,2,3,0.9,1.0575965186770433,1.0,0.9076071695870623,0.7968924281451437,0.11791999699198641,0.9141666666666667,
,specimen06,foot,random_policy,10deg_10mm,2,4,0.9,1.0583321206605487,1.0,0.9078525955604595,0.8700505389931934,0.1477848999784328,0.9141666666666667,
,specimen06,foot,random_policy,20deg_20mm,3,0,0.9,1.058332120660537,1.0,0.9078525955580506,0.7359663452228508,0.14468161200056784,0.9141666666666667,
,specimen06,foot,random_policy,20deg_20mm,3,1,0.9,1.0575965186770067,1.0,0.907607169585456,0.9492974383517954,0.14366814700770192,0.9141666666666667,
,specimen06,foot,random_policy,20deg_20mm,3,2,0.9,1.0583321206605945,1.0,0.9078525955524299,0.8425694228468856,0.1418986450007651,0.9141666666666667,
,specimen06,foot,random_policy,20deg_20mm,3,3,0.9,1.0575965186770533,1.0,0.907607169585456,0.9373584140259011,0.15122516598785296,0.9141666666666667,
,specimen06,foot,random_policy,20deg_20mm,3,4,0.9,40.635745183780486,0.0,28.34711463855105,30.18151133203778,0.21742020902456716,0.8645,
,specimen06,foot,geometry_policy,aligned,0,0,0.9,0.983845369293534,1.0,0.637775952618653,0.7764022467120583,0.12286275401129387,0.9401666666666667,
,specimen06,foot,geometry_policy,5deg_5mm,1,0,0.9,0.9838453692935712,1.0,0.6377759526117953,0.7874518408281441,0.12307471100939438,0.9401666666666667,
,specimen06,foot,geometry_policy,5deg_5mm,1,1,0.9,0.9838453692935627,1.0,0.6377759526072235,0.7849964922063651,0.12401964198215865,0.9401666666666667,
,specimen06,foot,geometry_policy,5deg_5mm,1,2,0.9,0.981361298330184,1.0,0.6373240196184939,0.7811670425539742,0.1358164669945836,0.9401666666666667,
,specimen06,foot,geometry_policy,5deg_5mm,1,3,0.9,0.9838453692936167,1.0,0.6377759526117953,0.77194780522819,0.12233603600179777,0.9401666666666667,
,specimen06,foot,geometry_policy,5deg_5mm,1,4,0.9,0.98384536929358,1.0,0.6377759526117953,0.776363975102511,0.1213428329792805,0.9401666666666667,
,specimen06,foot,geometry_policy,10deg_10mm,2,0,0.9,0.983845369293539,1.0,0.6377759526083665,0.8026518518009321,0.12366953998571262,0.9401666666666667,
,specimen06,foot,geometry_policy,10deg_10mm,2,1,0.9,0.9813612983301977,1.0,0.6373240196116314,0.7710123704693254,0.1376386949850712,0.9401666666666667,
,specimen06,foot,geometry_policy,10deg_10mm,2,2,0.9,0.9838453692935285,1.0,0.6377759526117953,0.7690207028400321,0.12265321501763538,0.9401666666666667,
,specimen06,foot,geometry_policy,10deg_10mm,2,3,0.9,0.9813612983302049,1.0,0.6373240196139189,0.7821499911732124,0.13656476500909775,0.9401666666666667,
,specimen06,foot,geometry_policy,10deg_10mm,2,4,0.9,0.9813612983302265,1.0,0.6373240196162064,0.7966301952645132,0.1390232929843478,0.9401666666666667,
,specimen06,foot,geometry_policy,20deg_20mm,3,0,0.9,0.983845369293568,1.0,0.6377759526072235,0.7670729787960484,0.13049755501560867,0.9401666666666667,
,specimen06,foot,geometry_policy,20deg_20mm,3,1,0.9,0.9813612983302167,1.0,0.6373240196139189,0.824610601001496,0.13753110100515187,0.9401666666666667,
,specimen06,foot,geometry_policy,20deg_20mm,3,2,0.9,0.9838453692935816,1.0,0.6377759526072235,0.7849222573363155,0.12203205202240497,0.9401666666666667,
,specimen06,foot,geometry_policy,20deg_20mm,3,3,0.9,0.9813612983302737,1.0,0.6373240196070563,0.8263505735838312,0.14391063697985373,0.9401666666666667,
,specimen06,foot,geometry_policy,20deg_20mm,3,4,0.9,48.32514437706438,0.0,34.276686292336755,34.91253643366824,0.18636377301299945,0.8888333333333334,
,specimen06,foot,pfad_policy,aligned,0,0,0.9,0.9753634081500261,1.0,0.721880639518033,0.746188194840809,0.1440044199989643,0.9513333333333334,
,specimen06,foot,pfad_policy,5deg_5mm,1,0,0.9,0.9753634081500239,1.0,0.7218806395150037,0.7728484585486578,0.1397123430215288,0.9513333333333334,
,specimen06,foot,pfad_policy,5deg_5mm,1,1,0.9,0.9753634081499426,1.0,0.7218806395251015,0.7654807532847586,0.1391482200124301,0.9513333333333334,
,specimen06,foot,pfad_policy,5deg_5mm,1,2,0.9,0.975363408149984,1.0,0.721880639518033,0.7548865886787305,0.14150054199853912,0.9513333333333334,
,specimen06,foot,pfad_policy,5deg_5mm,1,3,0.9,0.9753634081500355,1.0,0.7218806395160134,0.7322745114679077,0.14036828101961873,0.9513333333333334,
,specimen06,foot,pfad_policy,5deg_5mm,1,4,0.9,0.9753634081499882,1.0,0.721880639518033,0.7453378116651891,0.14142891101073474,0.9513333333333334,
,specimen06,foot,pfad_policy,10deg_10mm,2,0,0.9,0.975363408149963,1.0,0.7218806395200527,0.80404282164227,0.14112260399269871,0.9513333333333334,
,specimen06,foot,pfad_policy,10deg_10mm,2,1,0.9,0.9753634081500259,1.0,0.721880639518033,0.721662161972876,0.1447136510105338,0.9513333333333334,
,specimen06,foot,pfad_policy,10deg_10mm,2,2,0.9,0.9753634081500495,1.0,0.7218806395160134,0.7220399166843351,0.14316718801273964,0.9513333333333334,
,specimen06,foot,pfad_policy,10deg_10mm,2,3,0.9,0.9753634081499857,1.0,0.7218806395170232,0.7484992302817722,0.1425200590165332,0.9513333333333334,
,specimen06,foot,pfad_policy,10deg_10mm,2,4,0.9,0.9753634081499513,1.0,0.7218806395200527,0.7864716310074839,0.1402829269936774,0.9513333333333334,
,specimen06,foot,pfad_policy,20deg_20mm,3,0,0.9,0.975363408149937,1.0,0.7218806395200527,0.7001483010384365,0.1446651800069958,0.9513333333333334,
,specimen06,foot,pfad_policy,20deg_20mm,3,1,0.9,0.975363408149998,1.0,0.7218806395160134,0.8453726135078284,0.14145978100714274,0.9513333333333334,
,specimen06,foot,pfad_policy,20deg_20mm,3,2,0.9,0.9753634081499801,1.0,0.721880639512984,0.7720409052389151,0.14355392000288703,0.9513333333333334,
,specimen06,foot,pfad_policy,20deg_20mm,3,3,0.9,0.9753634081500142,1.0,0.7218806395099547,0.8292994486511246,0.14867817898630165,0.9513333333333334,
,specimen06,foot,pfad_policy,20deg_20mm,3,4,0.9,0.9753634081500199,1.0,0.7218806395109645,0.7269395486627499,0.1517510220000986,0.9513333333333334,
,specimen06,tibia,raw,aligned,0,0,,1.9261741561852284,1.0,1.7610233356451812,1.625460099234909,0.10482775900163688,0.917,
,specimen06,tibia,raw,5deg_5mm,1,0,,1.9264041253800934,1.0,1.7601503574345183,1.6490402232571915,0.1548617859953083,0.917,
,specimen06,tibia,raw,5deg_5mm,1,1,,1.9264041253800803,1.0,1.7601503574341042,1.6258941390515345,0.15834043300128542,0.917,
,specimen06,tibia,raw,5deg_5mm,1,2,,1.9264041253800932,1.0,1.7601503574353468,1.6416611475139855,0.15657889199792407,0.917,
,specimen06,tibia,raw,5deg_5mm,1,3,,1.9264041253800956,1.0,1.7601503574328614,1.6378820860536238,0.15226670500123873,0.917,
,specimen06,tibia,raw,5deg_5mm,1,4,,1.9261741561852022,1.0,1.7610233356464233,1.6184741361474126,0.11622291299863718,0.917,
,specimen06,tibia,raw,10deg_10mm,2,0,,1.9264041253800788,1.0,1.7601503574345183,1.6174365103150061,0.159605560998898,0.917,
,specimen06,tibia,raw,10deg_10mm,2,1,,1.926404125380086,1.0,1.7601503574324475,1.6651241920632547,0.15541559402481653,0.917,
,specimen06,tibia,raw,10deg_10mm,2,2,,1.9261741561852155,1.0,1.7610233356468372,1.660361559743265,0.12560250799288042,0.917,
,specimen06,tibia,raw,10deg_10mm,2,3,,1.9264041253800748,1.0,1.7601503574332757,1.6627896603191492,0.15714400098659098,0.917,
,specimen06,tibia,raw,10deg_10mm,2,4,,1.9264041253800985,1.0,1.7601503574345183,1.6242328171381277,0.17066517399507575,0.917,
,specimen06,tibia,raw,20deg_20mm,3,0,,1.9264041253800852,1.0,1.7601503574316189,1.6481682409891585,0.1890141099866014,0.917,
,specimen06,tibia,raw,20deg_20mm,3,1,,1.9264041253801083,1.0,1.7601503574341042,1.6185392286297953,0.16172832500888035,0.917,
,specimen06,tibia,raw,20deg_20mm,3,2,,1.9264041253801198,1.0,1.7601503574341042,1.7841632222616242,0.1648543189803604,0.917,
,specimen06,tibia,raw,20deg_20mm,3,3,,1.9264041253800874,1.0,1.7601503574332757,1.6402062048400543,0.16119275501114316,0.917,
,specimen06,tibia,raw,20deg_20mm,3,4,,1.9264041253800948,1.0,1.7601503574341042,1.6988825625985318,0.16323951401864178,0.917,
,specimen06,tibia,all_refined,aligned,0,0,1.0,1.8774542294896106,1.0,1.51766506107928,1.6075186645233854,0.14581363499746658,0.906,
,specimen06,tibia,all_refined,5deg_5mm,1,0,1.0,1.8774542294896237,1.0,1.5176650610812012,1.631790166017926,0.145288313011406,0.906,
,specimen06,tibia,all_refined,5deg_5mm,1,1,1.0,1.8774542294895635,1.0,1.517665061076398,1.6062333374160542,0.14790726598585024,0.906,
,specimen06,tibia,all_refined,5deg_5mm,1,2,1.0,1.877454229489626,1.0,1.51766506107928,1.6254013263107012,0.14937012598966248,0.906,
,specimen06,tibia,all_refined,5deg_5mm,1,3,1.0,1.8774542294895586,1.0,1.51766506107928,1.621481711668316,0.14643986799637787,0.906,
,specimen06,tibia,all_refined,5deg_5mm,1,4,1.0,1.877454229489575,1.0,1.5176650610768783,1.5973089332066612,0.1433573139947839,0.906,
,specimen06,tibia,all_refined,10deg_10mm,2,0,1.0,1.8774542294895507,1.0,1.5176650610797604,1.590493872441459,0.1529672360047698,0.906,
,specimen06,tibia,all_refined,10deg_10mm,2,1,1.0,1.8774542294895729,1.0,1.517665061076398,1.6472220009810867,0.1497798030031845,0.906,
,specimen06,tibia,all_refined,10deg_10mm,2,2,1.0,1.8774542294896122,1.0,1.5176650610768783,1.6402180613796424,0.1476261079951655,0.906,
,specimen06,tibia,all_refined,10deg_10mm,2,3,1.0,1.8774542294895953,1.0,1.5176650610778388,1.645405975864808,0.14999409101437777,0.906,
,specimen06,tibia,all_refined,10deg_10mm,2,4,1.0,1.8774542294896455,1.0,1.517665061078319,1.6053841133023765,0.1594995470077265,0.906,
,specimen06,tibia,all_refined,20deg_20mm,3,0,1.0,1.8774542294895842,1.0,1.517665061078319,1.5969384902307246,0.1829426530166529,0.906,
,specimen06,tibia,all_refined,20deg_20mm,3,1,1.0,1.877454229489599,1.0,1.517665061078319,1.5961856943312098,0.15876588100218214,0.906,
,specimen06,tibia,all_refined,20deg_20mm,3,2,1.0,1.8774542294895997,1.0,1.5176650610754372,1.7538158146913294,0.15658764299587347,0.906,
,specimen06,tibia,all_refined,20deg_20mm,3,3,1.0,1.8774542294895955,1.0,1.5176650610759175,1.6196563790939595,0.1558735680009704,0.906,
,specimen06,tibia,all_refined,20deg_20mm,3,4,1.0,1.8774542294895844,1.0,1.517665061076398,1.6489952121154983,0.15550450701266527,0.906,
,specimen06,tibia,random_policy,aligned,0,0,0.9,1.9871292038703205,1.0,2.0076237444514566,1.6784531772557791,0.08803681100835092,0.9146666666666666,
,specimen06,tibia,random_policy,5deg_5mm,1,0,0.9,1.9871291556218595,1.0,2.0076231384582313,1.6989927186713885,0.15507677901769057,0.9146666666666666,
,specimen06,tibia,random_policy,5deg_5mm,1,1,0.9,1.9871292038702921,1.0,2.0076237444521827,1.6842645719851137,0.07618038699729368,0.9146666666666666,
,specimen06,tibia,random_policy,5deg_5mm,1,2,0.9,1.9871291556218809,1.0,2.007623138458595,1.6945743457127924,0.15812377800466493,0.9146666666666666,
,specimen06,tibia,random_policy,5deg_5mm,1,3,0.9,1.9871291556218493,1.0,2.0076231384567786,1.69001152529624,0.15610460797324777,0.9146666666666666,
,specimen06,tibia,random_policy,5deg_5mm,1,4,0.9,1.98712915562186,1.0,2.007623138456416,1.6778066868164596,0.15530350100016221,0.9146666666666666,
,specimen06,tibia,random_policy,10deg_10mm,2,0,0.9,1.9871291556218453,1.0,2.0076231384596843,1.6829051679156575,0.1592453469929751,0.9146666666666666,
,specimen06,tibia,random_policy,10deg_10mm,2,1,0.9,1.987129203870313,1.0,2.007623744450004,1.714371757963109,0.08871100799296983,0.9146666666666666,
,specimen06,tibia,random_policy,10deg_10mm,2,2,0.9,1.9871292034898522,1.0,2.007623741060678,1.7236828808980302,0.12783819600008428,0.9146666666666666,
,specimen06,tibia,random_policy,10deg_10mm,2,3,0.9,1.9871291556218762,1.0,2.0076231384578684,1.7193221886544714,0.15651273497496732,0.9146666666666666,
,specimen06,tibia,random_policy,10deg_10mm,2,4,0.9,1.9871291556218933,1.0,2.0076231384604104,1.6772767352432785,0.16788070899201557,0.9146666666666666,
,specimen06,tibia,random_policy,20deg_20mm,3,0,0.9,1.9871292034898498,1.0,2.0076237410595885,1.7326831428623422,0.1566968130064197,0.9146666666666666,
,specimen06,tibia,random_policy,20deg_20mm,3,1,0.9,1.9871291556218684,1.0,2.007623138456053,1.6792223936415511,0.16138798301108181,0.9146666666666666,
,specimen06,tibia,random_policy,20deg_20mm,3,2,0.9,1.9871291556218527,1.0,2.0076231384582313,1.8582539870675427,0.16161594801815227,0.9146666666666666,
,specimen06,tibia,random_policy,20deg_20mm,3,3,0.9,1.9871292038703041,1.0,2.00762374445073,1.6896044885887294,0.11152054101694375,0.9146666666666666,
,specimen06,tibia,random_policy,20deg_20mm,3,4,0.9,1.9871291556218755,1.0,2.0076231384578684,1.77006796208218,0.16508419401361607,0.9146666666666666,
,specimen06,tibia,geometry_policy,aligned,0,0,0.9,1.8131835744873102,1.0,1.652844109470173,1.5335441080386605,0.1293881580058951,0.9468333333333333,
,specimen06,tibia,geometry_policy,5deg_5mm,1,0,0.9,1.8131835744872913,1.0,1.6528441094697317,1.5501147063513034,0.1273756769951433,0.9468333333333333,
,specimen06,tibia,geometry_policy,5deg_5mm,1,1,0.9,1.8131835744872618,1.0,1.6528441094728192,1.5407726261079668,0.12888983899028972,0.9468333333333333,
,specimen06,tibia,geometry_policy,5deg_5mm,1,2,0.9,1.8131835744872375,1.0,1.652844109470173,1.5498669637757083,0.1297990610182751,0.9468333333333333,
,specimen06,tibia,geometry_policy,5deg_5mm,1,3,0.9,1.8131835744872848,1.0,1.6528441094723783,1.545118123656995,0.1300271590007469,0.9468333333333333,
,specimen06,tibia,geometry_policy,5deg_5mm,1,4,0.9,1.8131835744872664,1.0,1.6528441094692907,1.5335213451700804,0.12696033099200577,0.9468333333333333,
,specimen06,tibia,geometry_policy,10deg_10mm,2,0,0.9,1.8131835744872968,1.0,1.6528441094684085,1.5346435595934358,0.09742310500587337,0.9468333333333333,
,specimen06,tibia,geometry_policy,10deg_10mm,2,1,0.9,1.8131835744873062,1.0,1.652844109470173,1.5633586615216555,0.08708675298839808,0.9468333333333333,
,specimen06,tibia,geometry_policy,10deg_10mm,2,2,0.9,1.813183574487272,1.0,1.652844109470173,1.5766385145926465,0.13125703699188307,0.9468333333333333,
,specimen06,tibia,geometry_policy,10deg_10mm,2,3,0.9,1.8131835744873077,1.0,1.6528441094706139,1.5724161722921024,0.13050442899111658,0.9468333333333333,
,specimen06,tibia,geometry_policy,10deg_10mm,2,4,0.9,1.813183574487303,1.0,1.652844109471055,1.5314231230046766,0.16811982699437067,0.9468333333333333,
,specimen06,tibia,geometry_policy,20deg_20mm,3,0,0.9,26.34393279975078,0.0,50.103421909090486,27.497787086799782,0.31434845700277947,0.7333333333333333,
,specimen06,tibia,geometry_policy,20deg_20mm,3,1,0.9,1.8131835744872964,1.0,1.6528441094662032,1.533414870433369,0.13927328700083308,0.9468333333333333,
,specimen06,tibia,geometry_policy,20deg_20mm,3,2,0.9,1.8131835744873037,1.0,1.652844109471055,1.6868048006159637,0.13842238200595602,0.9468333333333333,
,specimen06,tibia,geometry_policy,20deg_20mm,3,3,0.9,1.8131835744872915,1.0,1.6528441094697317,1.5405921550278698,0.10149003798142076,0.9468333333333333,
,specimen06,tibia,geometry_policy,20deg_20mm,3,4,0.9,1.8131835744872635,1.0,1.6528441094666442,1.5858907188181475,0.1345574609877076,0.9468333333333333,
,specimen06,tibia,pfad_policy,aligned,0,0,0.9,1.9648467708195774,1.0,1.731604995743297,1.6773866858851416,0.1285293530090712,0.9948333333333333,
,specimen06,tibia,pfad_policy,5deg_5mm,1,0,0.9,1.964846770819614,1.0,1.731604995744139,1.7001379052607652,0.12575334301800467,0.9948333333333333,
,specimen06,tibia,pfad_policy,5deg_5mm,1,1,0.9,1.964846770819612,1.0,1.7316049957462443,1.6801615516543085,0.12792563802213408,0.9948333333333333,
,specimen06,tibia,pfad_policy,5deg_5mm,1,2,0.9,1.964846770819603,1.0,1.731604995743297,1.6958342193431053,0.1270347870013211,0.9948333333333333,
,specimen06,tibia,pfad_policy,5deg_5mm,1,3,0.9,1.964898020279089,1.0,1.7325596231642593,1.691132118163664,0.09225041599711403,0.9948333333333333,
,specimen06,tibia,pfad_policy,5deg_5mm,1,4,0.9,1.9648467708196113,1.0,1.7316049957470863,1.6713859192974176,0.12536573098623194,0.9948333333333333,
,specimen06,tibia,pfad_policy,10deg_10mm,2,0,0.9,1.9648467708195743,1.0,1.731604995744139,1.668628360560695,0.1312899189942982,0.9948333333333333,
,specimen06,tibia,pfad_policy,10deg_10mm,2,1,0.9,1.9648467708196093,1.0,1.731604995740771,1.7160756952043208,0.1272712050122209,0.9948333333333333,
,specimen06,tibia,pfad_policy,10deg_10mm,2,2,0.9,1.9648467708195878,1.0,1.731604995743297,1.718301904157372,0.12998555900412612,0.9948333333333333,
,specimen06,tibia,pfad_policy,10deg_10mm,2,3,0.9,1.9648467708195856,1.0,1.731604995743297,1.7194176952923945,0.13151871698210016,0.9948333333333333,
,specimen06,tibia,pfad_policy,10deg_10mm,2,4,0.9,1.9648980202790944,1.0,1.7325596231646803,1.6749715775342042,0.10943063400918618,0.9948333333333333,
,specimen06,tibia,pfad_policy,20deg_20mm,3,0,0.9,1.964846770819593,1.0,1.731604995744139,1.688521083204933,0.15948373600258492,0.9948333333333333,
,specimen06,tibia,pfad_policy,20deg_20mm,3,1,0.9,1.9648467708195982,1.0,1.731604995741613,1.67143971241458,0.13604154900531285,0.9948333333333333,
,specimen06,tibia,pfad_policy,20deg_20mm,3,2,0.9,1.9648467708195754,1.0,1.731604995744981,1.8420298730353535,0.1323782260005828,0.9948333333333333,
,specimen06,tibia,pfad_policy,20deg_20mm,3,3,0.9,1.964846770819599,1.0,1.731604995742455,1.6881991768126967,0.1368066160066519,0.9948333333333333,
,specimen06,tibia,pfad_policy,20deg_20mm,3,4,0.9,1.9648467708196165,1.0,1.731604995742455,1.731035037062957,0.13779740600148216,0.9948333333333333,
,specimen06,fibula,raw,aligned,0,0,,21.531092524758456,0.0,0.8602543058885556,21.5105699678541,0.1982207830005791,0.7585,
,specimen06,fibula,raw,5deg_5mm,1,0,,25.53981364240771,0.0,116.02491818343914,23.64225883896253,0.22175393399083987,0.7721666666666667,
,specimen06,fibula,raw,5deg_5mm,1,1,,25.520188161245656,0.0,116.02485551253675,20.57735308157793,0.21910381500492804,0.7721666666666667,
,specimen06,fibula,raw,5deg_5mm,1,2,,25.52087100519026,0.0,115.93277829046055,20.68980838137067,0.22596823301864788,0.7721666666666667,
,specimen06,fibula,raw,5deg_5mm,1,3,,25.53557879353626,0.0,115.92544342565219,20.722612028417586,0.22098295300384052,0.7721666666666667,
,specimen06,fibula,raw,5deg_5mm,1,4,,21.525068837857013,0.0,0.8534803653310742,21.52957833395742,0.2035158649960067,0.7585,
,specimen06,fibula,raw,10deg_10mm,2,0,,21.531092525240965,0.0,0.8602543039811176,21.549833810953878,0.1776728889963124,0.7585,
,specimen06,fibula,raw,10deg_10mm,2,1,,25.520799024848493,0.0,116.01700478291595,22.230055232670733,0.225161982991267,0.7721666666666667,
,specimen06,fibula,raw,10deg_10mm,2,2,,25.535646109140497,0.0,115.93741680154369,23.387476705581395,0.2239715619944036,0.7721666666666667,
,specimen06,fibula,raw,10deg_10mm,2,3,,25.533634918420702,0.0,115.98003023270961,29.220954868295017,0.22181053200620227,0.7721666666666667,
,specimen06,fibula,raw,10deg_10mm,2,4,,25.53480989200594,0.0,116.0062375724592,23.324022405549343,0.22890642200945877,0.7721666666666667,
,specimen06,fibula,raw,20deg_20mm,3,0,,21.52704502180121,0.0,0.8540812453412175,21.568310707230737,0.1969347299891524,0.7585,
,specimen06,fibula,raw,20deg_20mm,3,1,,25.534448001054947,0.0,116.00357622186596,43.10283514740499,0.21980105401598848,0.7721666666666667,
,specimen06,fibula,raw,20deg_20mm,3,2,,21.534646898353145,0.0,0.8571802344524287,21.35205493682057,0.20953887299401686,0.7585,
,specimen06,fibula,raw,20deg_20mm,3,3,,21.53195899282505,0.0,0.8614112816241245,21.491136938079652,0.1983645359869115,0.7585,
,specimen06,fibula,raw,20deg_20mm,3,4,,25.533058325617493,0.0,115.92035375689827,29.680292551415715,0.22387798599083908,0.7721666666666667,
,specimen06,fibula,all_refined,aligned,0,0,1.0,21.418495016886656,0.0,0.9172940873984273,21.394507951550295,0.1935323390061967,0.7561666666666667,
,specimen06,fibula,all_refined,5deg_5mm,1,0,1.0,26.532942983067887,0.0,123.22263727412563,24.569437743961277,0.2183713970007375,0.7665,
,specimen06,fibula,all_refined,5deg_5mm,1,1,1.0,26.530021618502232,0.0,123.22041845139574,21.377060204342715,0.21904684501350857,0.7665,
,specimen06,fibula,all_refined,5deg_5mm,1,2,1.0,26.533846880490323,0.0,123.20466844766504,21.496931787488528,0.21822261399938725,0.7665,
,specimen06,fibula,all_refined,5deg_5mm,1,3,1.0,26.532359905206196,0.0,123.2069864975068,21.502031949228826,0.22118244200828485,0.7665,
,specimen06,fibula,all_refined,5deg_5mm,1,4,1.0,21.41847004645781,0.0,0.9163955026523642,21.41954841283165,0.15125771198654547,0.7561666666666667,
,specimen06,fibula,all_refined,10deg_10mm,2,0,1.0,21.418644280035494,0.0,0.9174550240945758,21.431613081918623,0.19648960101767443,0.7561666666666667,
,specimen06,fibula,all_refined,10deg_10mm,2,1,1.0,26.533656161877904,0.0,123.24064404209584,23.0945728052499,0.21824655798263848,0.7665,
,specimen06,fibula,all_refined,10deg_10mm,2,2,1.0,26.534580385933136,0.0,123.23552923422422,24.27183842598171,0.21658533500158228,0.7665,
,specimen06,fibula,all_refined,10deg_10mm,2,3,1.0,26.567878797005992,0.0,122.21124866062665,30.397386230387795,0.20120244700228795,0.767,
,specimen06,fibula,all_refined,10deg_10mm,2,4,1.0,26.534030711347473,0.0,123.17096119366744,24.216069286616673,0.2153373589972034,0.7665,
,specimen06,fibula,all_refined,20deg_20mm,3,0,1.0,21.416532522776432,0.0,0.9157454460548823,21.45806082753249,0.1553357130032964,0.7561666666666667,
,specimen06,fibula,all_refined,20deg_20mm,3,1,1.0,26.532371640769853,0.0,123.2394729682773,44.88951177825931,0.22040433500660583,0.7665,
,specimen06,fibula,all_refined,20deg_20mm,3,2,1.0,21.41864427992728,0.0,0.9174550231172838,21.230849560926064,0.15558848602813669,0.7561666666666667,
,specimen06,fibula,all_refined,20deg_20mm,3,3,1.0,21.412856893861363,0.0,0.9149198736220842,21.375062564187758,0.1964359279954806,0.7561666666666667,
,specimen06,fibula,all_refined,20deg_20mm,3,4,1.0,26.53343601730613,0.0,123.24151812780616,30.926118292334554,0.21912610801518895,0.7665,
,specimen06,fibula,random_policy,aligned,0,0,0.9,21.1523632768341,0.0,0.8622392051558264,21.13265427629984,0.15278556500561535,0.743,
,specimen06,fibula,random_policy,5deg_5mm,1,0,0.9,26.067231122284834,0.0,119.62614518233501,24.126275177072106,0.2197776430111844,0.7551666666666667,
,specimen06,fibula,random_policy,5deg_5mm,1,1,0.9,26.08328400170035,0.0,119.64199980280549,20.994368939429126,0.21597885800292715,0.7555,
,specimen06,fibula,random_policy,5deg_5mm,1,2,0.9,26.08289552797972,0.0,119.64478582707483,21.105954906269673,0.21406810800544918,0.7555,
,specimen06,fibula,random_policy,5deg_5mm,1,3,0.9,26.08806762511617,0.0,119.62664036456948,21.120221899340596,0.21842855200520717,0.7558333333333334,
,specimen06,fibula,random_policy,5deg_5mm,1,4,0.9,21.152342541710777,0.0,0.8637075273153536,21.156842288816705,0.17438347099232487,0.743,
,specimen06,fibula,random_policy,10deg_10mm,2,0,0.9,21.152343959455415,0.0,0.8637025387099516,21.167764767070643,0.17712376799318008,0.743,
,specimen06,fibula,random_policy,10deg_10mm,2,1,0.9,26.0826415966942,0.0,119.65384977163345,22.685238828704694,0.21512831299332902,0.7555,
,specimen06,fibula,random_policy,10deg_10mm,2,2,0.9,26.0736609687138,0.0,119.60953640836814,23.82674917131123,0.21516936397529207,0.7553333333333333,
,specimen06,fibula,random_policy,10deg_10mm,2,3,0.9,26.086300390561522,0.0,119.63586275024365,29.931057400694456,0.21510730200679973,0.7558333333333334,
,specimen06,fibula,random_policy,10deg_10mm,2,4,0.9,26.086732599276164,0.0,119.60239380827394,23.792590393565956,0.21720586402807385,0.7556666666666667,
,specimen06,fibula,random_policy,20deg_20mm,3,0,0.9,21.152343959401737,0.0,0.863702538964837,21.20091334879682,0.18061219601077028,0.743,
,specimen06,fibula,random_policy,20deg_20mm,3,1,0.9,26.07351045003825,0.0,119.60743385983508,44.15818030579314,0.2165992490190547,0.7553333333333333,
,specimen06,fibula,random_policy,20deg_20mm,3,2,0.9,21.15234406232267,0.0,0.8637018885886131,20.971327808498046,0.17850578401703387,0.743,
,specimen06,fibula,random_policy,20deg_20mm,3,3,0.9,21.15234300186642,0.0,0.8637069037571842,21.121478242903635,0.16940270000486635,0.743,
,specimen06,fibula,random_policy,20deg_20mm,3,4,0.9,26.066024692737425,0.0,119.60782259084793,30.421936171476766,0.21962937101488933,0.7551666666666667,
,specimen06,fibula,geometry_policy,aligned,0,0,0.9,20.88186053027871,0.0,1.1917434110829144,20.867263033373913,0.16494985300232656,0.7973333333333333,
,specimen06,fibula,geometry_policy,5deg_5mm,1,0,0.9,25.504455852932956,0.0,125.51796597417878,23.406582171506386,0.17603627999778837,0.8155,
,specimen06,fibula,geometry_policy,5deg_5mm,1,1,0.9,25.512681506819792,0.0,125.46408335731651,20.06156541113642,0.19183563100523315,0.8155,
,specimen06,fibula,geometry_policy,5deg_5mm,1,2,0.9,25.50359786770729,0.0,125.47976182607587,20.154090636967698,0.18752602199674584,0.8155,
,specimen06,fibula,geometry_policy,5deg_5mm,1,3,0.9,25.513287900314833,0.0,125.46795742409758,20.205302679843133,0.19155641700490378,0.8155,
,specimen06,fibula,geometry_policy,5deg_5mm,1,4,0.9,20.87767671466975,0.0,1.2021100266612859,20.885776043786528,0.13719954100088216,0.7973333333333333,
,specimen06,fibula,geometry_policy,10deg_10mm,2,0,0.9,20.881233486244746,0.0,1.1949781440748968,20.8969632105798,0.1489708180015441,0.7973333333333333,
,specimen06,fibula,geometry_policy,10deg_10mm,2,1,0.9,25.51334689870588,0.0,125.46897431192176,21.949770495154294,0.19244498200714588,0.8155,
,specimen06,fibula,geometry_policy,10deg_10mm,2,2,0.9,25.512587570078196,0.0,125.47239156482819,23.225723976536745,0.19512609799858183,0.8155,
,specimen06,fibula,geometry_policy,10deg_10mm,2,3,0.9,25.5117475795521,0.0,125.4680910813338,29.538535515668805,0.1929090250050649,0.8155,
,specimen06,fibula,geometry_policy,10deg_10mm,2,4,0.9,25.512695773577466,0.0,125.47550288921424,23.158163183641978,0.19058402499649674,0.8155,
,specimen06,fibula,geometry_policy,20deg_20mm,3,0,0.9,20.881261397142108,0.0,1.2016053430537916,20.943703248578093,0.13800510900910012,0.7973333333333333,
,specimen06,fibula,geometry_policy,20deg_20mm,3,1,0.9,25.50099080830748,0.0,125.42980353929035,44.45613218929655,0.19447874499019235,0.8155,
,specimen06,fibula,geometry_policy,20deg_20mm,3,2,0.9,20.881858229569577,0.0,1.1918112740700042,20.710248108944825,0.16223513899603859,0.7973333333333333,
,specimen06,fibula,geometry_policy,20deg_20mm,3,3,0.9,20.881331129035345,0.0,1.1991107812833504,20.86757293243008,0.13783513501402922,0.7973333333333333,
,specimen06,fibula,geometry_policy,20deg_20mm,3,4,0.9,25.512581867379083,0.0,125.46874057931966,30.1285544569457,0.19539034998160787,0.8155,
,specimen06,fibula,pfad_policy,aligned,0,0,0.9,20.19557369238877,0.0,0.7876801125585915,20.17306798811501,0.1812501109961886,0.8131666666666667,
,specimen06,fibula,pfad_policy,5deg_5mm,1,0,0.9,20.197035128034685,0.0,0.7877211617072466,20.173775438044228,0.16865154699189588,0.8131666666666667,
,specimen06,fibula,pfad_policy,5deg_5mm,1,1,0.9,23.049379183099514,0.0,6.452838062997265,23.041360848242903,0.20080798299750313,0.8088333333333333,
,specimen06,fibula,pfad_policy,5deg_5mm,1,2,0.9,23.02514983882238,0.0,6.359747902882559,23.009528818068787,0.1994929560169112,0.8088333333333333,
,specimen06,fibula,pfad_policy,5deg_5mm,1,3,0.9,23.03221181672388,0.0,6.363684063174901,23.03170362603864,0.2019094740098808,0.8088333333333333,
,specimen06,fibula,pfad_policy,5deg_5mm,1,4,0.9,20.194572219316235,0.0,0.78768261199812,20.19696503259802,0.18565962099819444,0.8131666666666667,
,specimen06,fibula,pfad_policy,10deg_10mm,2,0,0.9,20.195732846946317,0.0,0.7877147714566439,20.21244445462143,0.18510284699732438,0.8131666666666667,
,specimen06,fibula,pfad_policy,10deg_10mm,2,1,0.9,22.986905494120645,0.0,6.3367574021335376,22.997910020229714,0.20242146498640068,0.8088333333333333,
,specimen06,fibula,pfad_policy,10deg_10mm,2,2,0.9,23.04791003324854,0.0,6.392985569793441,23.07147551250799,0.20027751100133173,0.8088333333333333,
,specimen06,fibula,pfad_policy,10deg_10mm,2,3,0.9,23.033593874277464,0.0,6.368269004700908,22.914182546194994,0.20325495398719795,0.8088333333333333,
,specimen06,fibula,pfad_policy,10deg_10mm,2,4,0.9,20.19548553889264,0.0,0.7876760199427971,20.214246239858642,0.1801216550229583,0.8131666666666667,
,specimen06,fibula,pfad_policy,20deg_20mm,3,0,0.9,20.192774703506796,0.0,0.7879204988592062,20.23101648677571,0.17643201499595307,0.8131666666666667,
,specimen06,fibula,pfad_policy,20deg_20mm,3,1,0.9,20.194564598332775,0.0,0.7876822275076346,19.942831971023296,0.1888321879960131,0.8131666666666667,
,specimen06,fibula,pfad_policy,20deg_20mm,3,2,0.9,20.194572263287476,0.0,0.7876826022393631,20.008614374083802,0.17117928000516258,0.8131666666666667,
,specimen06,fibula,pfad_policy,20deg_20mm,3,3,0.9,20.194522837515965,0.0,0.7876830099970478,20.15032539190568,0.18959397700382397,0.8131666666666667,
,specimen06,fibula,pfad_policy,20deg_20mm,3,4,0.9,23.004036707867044,0.0,6.3364127032766255,22.868762181780284,0.2036541839770507,0.8088333333333333,
,specimen07,foot,raw,aligned,0,0,,2.6884371103083953,1.0,1.9426968952222485,1.4042395296905212,0.11000935998163186,0.939,
,specimen07,foot,raw,5deg_5mm,1,0,,2.6884371103083544,1.0,1.942696895224125,1.3265949317084447,0.1436862169939559,0.939,
,specimen07,foot,raw,5deg_5mm,1,1,,2.6884371103083966,1.0,1.9426968952229993,1.3986075272631693,0.11154133902164176,0.939,
,specimen07,foot,raw,5deg_5mm,1,2,,2.6884371103083877,1.0,1.9426968952226238,1.3593848693049317,0.1101961119857151,0.939,
,specimen07,foot,raw,5deg_5mm,1,3,,2.688437110308389,1.0,1.9426968952226238,1.3984218311153613,0.09186657599639148,0.939,
,specimen07,foot,raw,5deg_5mm,1,4,,2.68843711030839,1.0,1.942696895224125,1.2945243953538115,0.142331531009404,0.939,
,specimen07,foot,raw,10deg_10mm,2,0,,2.6884371103083757,1.0,1.9426968952229993,1.4128450812623778,0.14399927499471232,0.939,
,specimen07,foot,raw,10deg_10mm,2,1,,2.6884371103083886,1.0,1.9426968952218733,1.6161736640185695,0.1461298079811968,0.939,
,specimen07,foot,raw,10deg_10mm,2,2,,2.6884371103083984,1.0,1.9426968952218733,1.3937713425859528,0.1466717389994301,0.939,
,specimen07,foot,raw,10deg_10mm,2,3,,2.6884371103083873,1.0,1.9426968952218733,1.4205820700466765,0.1095797739981208,0.939,
,specimen07,foot,raw,10deg_10mm,2,4,,2.688437110308375,1.0,1.9426968952226238,1.2146903755089637,0.11365876099443994,0.939,
,specimen07,foot,raw,20deg_20mm,3,0,,2.688437110308377,1.0,1.9426968952218733,1.7271831276147065,0.14644540299195796,0.939,
,specimen07,foot,raw,20deg_20mm,3,1,,2.688437110308387,1.0,1.9426968952237498,1.5137861998204627,0.14675629301927984,0.939,
,specimen07,foot,raw,20deg_20mm,3,2,,2.688437110308381,1.0,1.9426968952218733,1.763010657184004,0.1489852289960254,0.939,
,specimen07,foot,raw,20deg_20mm,3,3,,2.6884371103083846,1.0,1.9426968952218733,1.205114318515679,0.1568106210033875,0.939,
,specimen07,foot,raw,20deg_20mm,3,4,,2.688437110308374,1.0,1.9426968952233745,1.5153267830399266,0.1436547420162242,0.939,
,specimen07,foot,all_refined,aligned,0,0,1.0,2.865052026404203,1.0,1.807005963479036,1.3962041047177018,0.11160324900993146,0.9368333333333333,
,specimen07,foot,all_refined,5deg_5mm,1,0,1.0,2.8650520264041868,1.0,1.8070059634802462,1.321623210425165,0.14546722499653697,0.9368333333333333,
,specimen07,foot,all_refined,5deg_5mm,1,1,1.0,2.865052026404207,1.0,1.8070059634786324,1.4001544098042205,0.10954219801351428,0.9368333333333333,
,specimen07,foot,all_refined,5deg_5mm,1,2,1.0,2.8650520264041854,1.0,1.8070059634798428,1.3470583976845354,0.11300068398122676,0.9368333333333333,
,specimen07,foot,all_refined,5deg_5mm,1,3,1.0,2.8650520264042,1.0,1.8070059634786324,1.3999380591026473,0.1037041980016511,0.9368333333333333,
,specimen07,foot,all_refined,5deg_5mm,1,4,1.0,2.8650520264041917,1.0,1.8070059634802462,1.2783316863678804,0.11471735799568705,0.9368333333333333,
,specimen07,foot,all_refined,10deg_10mm,2,0,1.0,2.86505202640421,1.0,1.8070059634794395,1.41630855636527,0.11241296998923644,0.9368333333333333,
,specimen07,foot,all_refined,10deg_10mm,2,1,1.0,2.865052026404238,1.0,1.8070059634778255,1.6192744387413425,0.1106085549981799,0.9368333333333333,
,specimen07,foot,all_refined,10deg_10mm,2,2,1.0,2.865052026404209,1.0,1.8070059634798428,1.408379501399215,0.10332992902840488,0.9368333333333333,
,specimen07,foot,all_refined,10deg_10mm,2,3,1.0,2.865052026404172,1.0,1.8070059634786324,1.3818512003849035,0.11247244401602075,0.9368333333333333,
,specimen07,foot,all_refined,10deg_10mm,2,4,1.0,2.8650520264042205,1.0,1.8070059634774218,1.1838824190802777,0.11272626600111835,0.9368333333333333,
,specimen07,foot,all_refined,20deg_20mm,3,0,1.0,2.86505202640418,1.0,1.8070059634778255,1.7510398495264061,0.1167756200011354,0.9368333333333333,
,specimen07,foot,all_refined,20deg_20mm,3,1,1.0,2.865052026404211,1.0,1.807005963479036,1.4866540374929607,0.12228392899851315,0.9368333333333333,
,specimen07,foot,all_refined,20deg_20mm,3,2,1.0,2.86505202640421,1.0,1.807005963479036,1.7032109502223027,0.1192356440005824,0.9368333333333333,
,specimen07,foot,all_refined,20deg_20mm,3,3,1.0,2.8650520264042174,1.0,1.807005963478229,1.1786926197113519,0.1593397079850547,0.9368333333333333,
,specimen07,foot,all_refined,20deg_20mm,3,4,1.0,2.8650520264042236,1.0,1.8070059634778255,1.5435734151100895,0.1118718310026452,0.9368333333333333,
,specimen07,foot,random_policy,aligned,0,0,0.9,2.843642578957435,1.0,1.8333421579035118,1.3611838595478587,0.16191599698504433,0.9376666666666666,
,specimen07,foot,random_policy,5deg_5mm,1,0,0.9,2.8436425789574518,1.0,1.8333421579039095,1.2780612284225534,0.16085279098479077,0.9376666666666666,
,specimen07,foot,random_policy,5deg_5mm,1,1,0.9,2.8436425789574344,1.0,1.8333421579039095,1.3547180105977876,0.16092942899558693,0.9376666666666666,
,specimen07,foot,random_policy,5deg_5mm,1,2,0.9,2.8436425789574247,1.0,1.8333421579043074,1.3208887037754968,0.16281599999638274,0.9376666666666666,
,specimen07,foot,random_policy,5deg_5mm,1,3,0.9,2.8436425789574327,1.0,1.8333421579043074,1.354488656567316,0.15919617799227126,0.9376666666666666,
,specimen07,foot,random_policy,5deg_5mm,1,4,0.9,2.843642578957434,1.0,1.8333421579043074,1.2434627960905509,0.16097834301763214,0.9376666666666666,
,specimen07,foot,random_policy,10deg_10mm,2,0,0.9,2.8436425789574526,1.0,1.8333421579031144,1.360733039257442,0.16081059200223535,0.9376666666666666,
,specimen07,foot,random_policy,10deg_10mm,2,1,0.9,2.8436425789574846,1.0,1.8333421579039095,1.57268074045419,0.1628037029877305,0.9376666666666666,
,specimen07,foot,random_policy,10deg_10mm,2,2,0.9,2.843642578957459,1.0,1.8333421579015237,1.3666204250869878,0.162518987985095,0.9376666666666666,
,specimen07,foot,random_policy,10deg_10mm,2,3,0.9,2.8436425789574233,1.0,1.8333421579043074,1.3647526899122562,0.13009226802387275,0.9376666666666666,
,specimen07,foot,random_policy,10deg_10mm,2,4,0.9,2.843642578957416,1.0,1.8333421579058982,1.153297556577493,0.1644181860028766,0.9376666666666666,
,specimen07,foot,random_policy,20deg_20mm,3,0,0.9,2.8436425789574677,1.0,1.8333421579039095,1.6931855113806606,0.16421426099259406,0.9376666666666666,
,specimen07,foot,random_policy,20deg_20mm,3,1,0.9,2.843642578957397,1.0,1.8333421579035118,1.4464433435495936,0.16414901101961732,0.9376666666666666,
,specimen07,foot,random_policy,20deg_20mm,3,2,0.9,2.8436425789574336,1.0,1.8333421579043074,1.6975287728947777,0.16314378898823634,0.9376666666666666,
,specimen07,foot,random_policy,20deg_20mm,3,3,0.9,2.8436425789574185,1.0,1.8333421579031144,1.1155101356153128,0.17508824000833556,0.9376666666666666,
,specimen07,foot,random_policy,20deg_20mm,3,4,0.9,2.8436425789574056,1.0,1.8333421579035118,1.5179952698318047,0.16206346999388188,0.9376666666666666,
,specimen07,foot,geometry_policy,aligned,0,0,1.0,2.865052026404203,1.0,1.807005963479036,1.3962041047177018,0.11160324900993146,0.9368333333333333,
,specimen07,foot,geometry_policy,5deg_5mm,1,0,1.0,2.8650520264041868,1.0,1.8070059634802462,1.321623210425165,0.14546722499653697,0.9368333333333333,
,specimen07,foot,geometry_policy,5deg_5mm,1,1,1.0,2.865052026404207,1.0,1.8070059634786324,1.4001544098042205,0.10954219801351428,0.9368333333333333,
,specimen07,foot,geometry_policy,5deg_5mm,1,2,1.0,2.8650520264041854,1.0,1.8070059634798428,1.3470583976845354,0.11300068398122676,0.9368333333333333,
,specimen07,foot,geometry_policy,5deg_5mm,1,3,1.0,2.8650520264042,1.0,1.8070059634786324,1.3999380591026473,0.1037041980016511,0.9368333333333333,
,specimen07,foot,geometry_policy,5deg_5mm,1,4,1.0,2.8650520264041917,1.0,1.8070059634802462,1.2783316863678804,0.11471735799568705,0.9368333333333333,
,specimen07,foot,geometry_policy,10deg_10mm,2,0,1.0,2.86505202640421,1.0,1.8070059634794395,1.41630855636527,0.11241296998923644,0.9368333333333333,
,specimen07,foot,geometry_policy,10deg_10mm,2,1,1.0,2.865052026404238,1.0,1.8070059634778255,1.6192744387413425,0.1106085549981799,0.9368333333333333,
,specimen07,foot,geometry_policy,10deg_10mm,2,2,1.0,2.865052026404209,1.0,1.8070059634798428,1.408379501399215,0.10332992902840488,0.9368333333333333,
,specimen07,foot,geometry_policy,10deg_10mm,2,3,1.0,2.865052026404172,1.0,1.8070059634786324,1.3818512003849035,0.11247244401602075,0.9368333333333333,
,specimen07,foot,geometry_policy,10deg_10mm,2,4,1.0,2.8650520264042205,1.0,1.8070059634774218,1.1838824190802777,0.11272626600111835,0.9368333333333333,
,specimen07,foot,geometry_policy,20deg_20mm,3,0,1.0,2.86505202640418,1.0,1.8070059634778255,1.7510398495264061,0.1167756200011354,0.9368333333333333,
,specimen07,foot,geometry_policy,20deg_20mm,3,1,1.0,2.865052026404211,1.0,1.807005963479036,1.4866540374929607,0.12228392899851315,0.9368333333333333,
,specimen07,foot,geometry_policy,20deg_20mm,3,2,1.0,2.86505202640421,1.0,1.807005963479036,1.7032109502223027,0.1192356440005824,0.9368333333333333,
,specimen07,foot,geometry_policy,20deg_20mm,3,3,1.0,2.8650520264042174,1.0,1.807005963478229,1.1786926197113519,0.1593397079850547,0.9368333333333333,
,specimen07,foot,geometry_policy,20deg_20mm,3,4,1.0,2.8650520264042236,1.0,1.8070059634778255,1.5435734151100895,0.1118718310026452,0.9368333333333333,
,specimen07,foot,pfad_policy,aligned,0,0,0.7,3.4869810481271952,1.0,2.4319559159365336,1.4394777777373935,0.04064331101835705,0.9998333333333334,
,specimen07,foot,pfad_policy,5deg_5mm,1,0,0.7,3.486981048127202,1.0,2.4319559159362334,1.3201513535439269,0.04037776601035148,0.9998333333333334,
,specimen07,foot,pfad_policy,5deg_5mm,1,1,0.7,3.4869810481272188,1.0,2.4319559159365336,1.40979155027482,0.03891979600302875,0.9998333333333334,
,specimen07,foot,pfad_policy,5deg_5mm,1,2,0.7,3.4869810481272285,1.0,2.4319559159365336,1.406166749523882,0.04063759002019651,0.9998333333333334,
,specimen07,foot,pfad_policy,5deg_5mm,1,3,0.7,3.486981048127216,1.0,2.431955915937433,1.4095106414749214,0.039476601989008486,0.9998333333333334,
,specimen07,foot,pfad_policy,5deg_5mm,1,4,0.7,3.486981048127223,1.0,2.431955915937133,1.2966156073231778,0.039589588006492704,0.9998333333333334,
,specimen07,foot,pfad_policy,10deg_10mm,2,0,0.7,3.486981048127204,1.0,2.4319559159362334,1.4047630938580091,0.04095290999975987,0.9998333333333334,
,specimen07,foot,pfad_policy,10deg_10mm,2,1,0.7,3.486981048127205,1.0,2.4319559159362334,1.6867701107281154,0.04088682899600826,0.9998333333333334,
,specimen07,foot,pfad_policy,10deg_10mm,2,2,0.7,3.4869810481272197,1.0,2.4319559159365336,1.4216298049162484,0.0426287809968926,0.9998333333333334,
,specimen07,foot,pfad_policy,10deg_10mm,2,3,0.7,3.4869810481272214,1.0,2.4319559159368334,1.4897623046026804,0.04096049800864421,0.9998333333333334,
,specimen07,foot,pfad_policy,10deg_10mm,2,4,0.7,3.486981048127184,1.0,2.4319559159365336,1.2004210081071238,0.041653246007626876,0.9998333333333334,
,specimen07,foot,pfad_policy,20deg_20mm,3,0,0.7,3.486981048127211,1.0,2.4319559159359336,1.806259876139438,0.04184240798349492,0.9998333333333334,
,specimen07,foot,pfad_policy,20deg_20mm,3,1,0.7,3.486981048127178,1.0,2.4319559159359336,1.5708783574038248,0.042457948002265766,0.9998333333333334,
,specimen07,foot,pfad_policy,20deg_20mm,3,2,0.7,3.4869810481271992,1.0,2.4319559159365336,1.9422993617340736,0.04302113701123744,0.9998333333333334,
,specimen07,foot,pfad_policy,20deg_20mm,3,3,0.7,3.4869810481271957,1.0,2.4319559159368334,1.1326661861501264,0.04815945398877375,0.9998333333333334,
,specimen07,foot,pfad_policy,20deg_20mm,3,4,0.7,3.486981048127184,1.0,2.4319559159365336,1.646811852906335,0.04162574402289465,0.9998333333333334,
,specimen07,tibia,raw,aligned,0,0,,2.305987392802017,1.0,0.6635487565828123,2.2601217548485977,0.10452208298374899,0.9358333333333333,
,specimen07,tibia,raw,5deg_5mm,1,0,,2.3059873928020593,1.0,0.663548756583911,2.2723028642785765,0.10568716400302947,0.9358333333333333,
,specimen07,tibia,raw,5deg_5mm,1,1,,2.3059873928018555,1.0,0.6635487565872066,2.2634490901023354,0.11387008600286208,0.9358333333333333,
,specimen07,tibia,raw,5deg_5mm,1,2,,2.305987392802024,1.0,0.6635487565861081,2.260140400663409,0.10364832400227897,0.9358333333333333,
,specimen07,tibia,raw,5deg_5mm,1,3,,2.305987392802031,1.0,0.6635487565861081,2.2620738943204035,0.11143810898647644,0.9358333333333333,
,specimen07,tibia,raw,5deg_5mm,1,4,,2.3059873928020083,1.0,0.663548756583911,2.2535539752435296,0.1129310260002967,0.9358333333333333,
,specimen07,tibia,raw,10deg_10mm,2,0,,2.3059873928022245,1.0,0.6635487565751225,2.280165918793815,0.15572526899632066,0.9358333333333333,
,specimen07,tibia,raw,10deg_10mm,2,1,,2.305987392801949,1.0,0.6635487565861081,2.2706212228882006,0.131438081007218,0.9358333333333333,
,specimen07,tibia,raw,10deg_10mm,2,2,,2.3059873928019625,1.0,0.6635487565905023,2.2679798684754915,0.12829360601608641,0.9358333333333333,
,specimen07,tibia,raw,10deg_10mm,2,3,,2.305987392801937,1.0,0.663548756583911,2.233002700776485,0.12134676400455646,0.9358333333333333,
,specimen07,tibia,raw,10deg_10mm,2,4,,2.305987392802039,1.0,0.663548756583911,2.2799339476096363,0.09975107898935676,0.9358333333333333,
,specimen07,tibia,raw,20deg_20mm,3,0,,2.305987392802009,1.0,0.6635487565850096,2.259572471851594,0.13122167400433682,0.9358333333333333,
,specimen07,tibia,raw,20deg_20mm,3,1,,2.305987392801945,1.0,0.663548756583911,2.3061179777206005,0.13788479400682263,0.9358333333333333,
,specimen07,tibia,raw,20deg_20mm,3,2,,2.305987392801969,1.0,0.6635487565883051,2.275852574739909,0.12668046698672697,0.9358333333333333,
,specimen07,tibia,raw,20deg_20mm,3,3,,2.305987392802014,1.0,0.6635487565828123,2.300294711528831,0.11068504300783388,0.9358333333333333,
,specimen07,tibia,raw,20deg_20mm,3,4,,2.30598739280197,1.0,0.6635487565872066,2.315230842782346,0.1249658860033378,0.9358333333333333,
,specimen07,tibia,all_refined,aligned,0,0,1.0,2.4789145959389116,1.0,0.5177285113560245,2.4364305261045796,0.10788189701270312,0.9296666666666666,
,specimen07,tibia,all_refined,5deg_5mm,1,0,1.0,2.4789145959388397,1.0,0.5177285113489848,2.4479207482612444,0.12135803102864884,0.9296666666666666,
,specimen07,tibia,all_refined,5deg_5mm,1,1,1.0,2.4789145959388335,1.0,0.5177285113574325,2.4410547674028105,0.10723286800202914,0.9296666666666666,
,specimen07,tibia,all_refined,5deg_5mm,1,2,1.0,2.478914595938616,1.0,0.5177285113518006,2.434179226383262,0.10870819399133325,0.9296666666666666,
,specimen07,tibia,all_refined,5deg_5mm,1,3,1.0,2.478914595938529,1.0,0.5177285113616564,2.437874947839013,0.10905933199683204,0.9296666666666666,
,specimen07,tibia,all_refined,5deg_5mm,1,4,1.0,2.478914595938787,1.0,0.5177285113518006,2.4288376746704428,0.11012013201252557,0.9296666666666666,
,specimen07,tibia,all_refined,10deg_10mm,2,0,1.0,2.478914595938679,1.0,0.5177285113588405,2.45006582644676,0.11228309699799865,0.9296666666666666,
,specimen07,tibia,all_refined,10deg_10mm,2,1,1.0,2.478914595938899,1.0,0.5177285113574325,2.44053649982771,0.11288153400528245,0.9296666666666666,
,specimen07,tibia,all_refined,10deg_10mm,2,2,1.0,2.4789145959387753,1.0,0.5177285113546166,2.440067104301758,0.11368531300104223,0.9296666666666666,
,specimen07,tibia,all_refined,10deg_10mm,2,3,1.0,2.47891459593862,1.0,0.5177285113588405,2.414021659524144,0.11012869898695499,0.9296666666666666,
,specimen07,tibia,all_refined,10deg_10mm,2,4,1.0,2.4789145959384684,1.0,0.5177285113616564,2.4550176921833087,0.11038864398142323,0.9296666666666666,
,specimen07,tibia,all_refined,20deg_20mm,3,0,1.0,2.478914595938767,1.0,0.5177285113518006,2.4253666983961986,0.11682040200685151,0.9296666666666666,
,specimen07,tibia,all_refined,20deg_20mm,3,1,1.0,2.478914595938775,1.0,0.5177285113546166,2.4789530230008867,0.11728122798376717,0.9296666666666666,
,specimen07,tibia,all_refined,20deg_20mm,3,2,1.0,2.478914595938766,1.0,0.5177285113532086,2.451500983167898,0.1140855880221352,0.9296666666666666,
,specimen07,tibia,all_refined,20deg_20mm,3,3,1.0,2.4789145959388366,1.0,0.5177285113447608,2.473005831643216,0.10904746598680504,0.9296666666666666,
,specimen07,tibia,all_refined,20deg_20mm,3,4,1.0,2.47891459593865,1.0,0.5177285113574325,2.4855964246046103,0.11136159900343046,0.9296666666666666,
,specimen07,tibia,random_policy,aligned,0,0,0.9,2.383854978058726,1.0,0.6797337363587649,2.3382925581914407,0.06340729098883457,0.9351666666666667,
,specimen07,tibia,random_policy,5deg_5mm,1,0,0.9,2.3838549780588134,1.0,0.6797337363555477,2.3501501238023432,0.11809398100012913,0.9351666666666667,
,specimen07,tibia,random_policy,5deg_5mm,1,1,0.9,2.38385497805882,1.0,0.6797337363555477,2.341572503146319,0.11359630001243204,0.9351666666666667,
,specimen07,tibia,random_policy,5deg_5mm,1,2,0.9,2.383854978058748,1.0,0.6797337363598372,2.338324081881991,0.11468470099498518,0.9351666666666667,
,specimen07,tibia,random_policy,5deg_5mm,1,3,0.9,2.3838549780588028,1.0,0.6797337363576925,2.340207738422149,0.1147122589754872,0.9351666666666667,
,specimen07,tibia,random_policy,5deg_5mm,1,4,0.9,2.3838549780587686,1.0,0.6797337363555477,2.3319461478681394,0.11486444598995149,0.9351666666666667,
,specimen07,tibia,random_policy,10deg_10mm,2,0,0.9,2.383854978058873,1.0,0.6797337363544753,2.357763910754642,0.11557201598770916,0.9351666666666667,
,specimen07,tibia,random_policy,10deg_10mm,2,1,0.9,2.3838549780588596,1.0,0.6797337363566202,2.3485556558296268,0.11747193898190744,0.9351666666666667,
,specimen07,tibia,random_policy,10deg_10mm,2,2,0.9,2.3838549780587375,1.0,0.6797337363587649,2.345993217863488,0.12104242498753592,0.9351666666666667,
,specimen07,tibia,random_policy,10deg_10mm,2,3,0.9,2.3838549780587686,1.0,0.6797337363576925,2.3121621559028784,0.11746899000718258,0.9351666666666667,
,specimen07,tibia,random_policy,10deg_10mm,2,4,0.9,2.3838549780588005,1.0,0.6797337363566202,2.3575933565116083,0.1172523379791528,0.9351666666666667,
,specimen07,tibia,random_policy,20deg_20mm,3,0,0.9,2.383854978058714,1.0,0.6797337363566202,2.3381085464749884,0.11723096697824076,0.9351666666666667,
,specimen07,tibia,random_policy,20deg_20mm,3,1,0.9,2.383854978058714,1.0,0.6797337363587649,2.3834867908884743,0.12466875498648733,0.9351666666666667,
,specimen07,tibia,random_policy,20deg_20mm,3,2,0.9,2.383854978058791,1.0,0.6797337363512581,2.353688897610877,0.12097319701570086,0.9351666666666667,
,specimen07,tibia,random_policy,20deg_20mm,3,3,0.9,2.3838549780588507,1.0,0.6797337363576925,2.3776002671010747,0.11654255000757985,0.9351666666666667,
,specimen07,tibia,random_policy,20deg_20mm,3,4,0.9,2.3838549780588223,1.0,0.6797337363544753,2.3922969125376583,0.11703888000920415,0.9351666666666667,
,specimen07,tibia,geometry_policy,aligned,0,0,1.0,2.4789145959389116,1.0,0.5177285113560245,2.4364305261045796,0.10788189701270312,0.9296666666666666,
,specimen07,tibia,geometry_policy,5deg_5mm,1,0,1.0,2.4789145959388397,1.0,0.5177285113489848,2.4479207482612444,0.12135803102864884,0.9296666666666666,
,specimen07,tibia,geometry_policy,5deg_5mm,1,1,1.0,2.4789145959388335,1.0,0.5177285113574325,2.4410547674028105,0.10723286800202914,0.9296666666666666,
,specimen07,tibia,geometry_policy,5deg_5mm,1,2,1.0,2.478914595938616,1.0,0.5177285113518006,2.434179226383262,0.10870819399133325,0.9296666666666666,
,specimen07,tibia,geometry_policy,5deg_5mm,1,3,1.0,2.478914595938529,1.0,0.5177285113616564,2.437874947839013,0.10905933199683204,0.9296666666666666,
,specimen07,tibia,geometry_policy,5deg_5mm,1,4,1.0,2.478914595938787,1.0,0.5177285113518006,2.4288376746704428,0.11012013201252557,0.9296666666666666,
,specimen07,tibia,geometry_policy,10deg_10mm,2,0,1.0,2.478914595938679,1.0,0.5177285113588405,2.45006582644676,0.11228309699799865,0.9296666666666666,
,specimen07,tibia,geometry_policy,10deg_10mm,2,1,1.0,2.478914595938899,1.0,0.5177285113574325,2.44053649982771,0.11288153400528245,0.9296666666666666,
,specimen07,tibia,geometry_policy,10deg_10mm,2,2,1.0,2.4789145959387753,1.0,0.5177285113546166,2.440067104301758,0.11368531300104223,0.9296666666666666,
,specimen07,tibia,geometry_policy,10deg_10mm,2,3,1.0,2.47891459593862,1.0,0.5177285113588405,2.414021659524144,0.11012869898695499,0.9296666666666666,
,specimen07,tibia,geometry_policy,10deg_10mm,2,4,1.0,2.4789145959384684,1.0,0.5177285113616564,2.4550176921833087,0.11038864398142323,0.9296666666666666,
,specimen07,tibia,geometry_policy,20deg_20mm,3,0,1.0,2.478914595938767,1.0,0.5177285113518006,2.4253666983961986,0.11682040200685151,0.9296666666666666,
,specimen07,tibia,geometry_policy,20deg_20mm,3,1,1.0,2.478914595938775,1.0,0.5177285113546166,2.4789530230008867,0.11728122798376717,0.9296666666666666,
,specimen07,tibia,geometry_policy,20deg_20mm,3,2,1.0,2.478914595938766,1.0,0.5177285113532086,2.451500983167898,0.1140855880221352,0.9296666666666666,
,specimen07,tibia,geometry_policy,20deg_20mm,3,3,1.0,2.4789145959388366,1.0,0.5177285113447608,2.473005831643216,0.10904746598680504,0.9296666666666666,
,specimen07,tibia,geometry_policy,20deg_20mm,3,4,1.0,2.47891459593865,1.0,0.5177285113574325,2.4855964246046103,0.11136159900343046,0.9296666666666666,
,specimen07,tibia,pfad_policy,aligned,0,0,0.7,2.446293811135016,1.0,0.2297698689586974,2.3876888253172064,0.07375996498740278,0.9998333333333334,
,specimen07,tibia,pfad_policy,5deg_5mm,1,0,0.7,2.446293811135041,1.0,0.2297698689586974,2.3986145002006753,0.0773640559928026,0.9998333333333334,
,specimen07,tibia,pfad_policy,5deg_5mm,1,1,0.7,2.446293811135257,1.0,0.2297698689586974,2.3941215305969443,0.07185525400564075,0.9998333333333334,
,specimen07,tibia,pfad_policy,5deg_5mm,1,2,0.7,2.446293811135098,1.0,0.2297698689586974,2.3824685752632435,0.07700305999605916,0.9998333333333334,
,specimen07,tibia,pfad_policy,5deg_5mm,1,3,0.7,2.4462938111352157,1.0,0.22976986895235246,2.388031393260431,0.07994551700539887,0.9998333333333334,
,specimen07,tibia,pfad_policy,5deg_5mm,1,4,0.7,2.4462938111352215,1.0,0.22976986895235246,2.3785094417831347,0.07611486900714226,0.9998333333333334,
,specimen07,tibia,pfad_policy,10deg_10mm,2,0,0.7,2.446293811134887,1.0,0.22976986895552493,2.394414890699636,0.08224738200078718,0.9998333333333334,
,specimen07,tibia,pfad_policy,10deg_10mm,2,1,0.7,2.44629381113494,1.0,0.22976986897138715,2.383978563636268,0.08311128098284826,0.9998333333333334,
,specimen07,tibia,pfad_policy,10deg_10mm,2,2,0.7,2.446293811134873,1.0,0.22976986897455956,2.385037313110842,0.08597631601151079,0.9998333333333334,
,specimen07,tibia,pfad_policy,10deg_10mm,2,3,0.7,2.4462938111350163,1.0,0.2297698689618698,2.3708675359286815,0.0810526869900059,0.9998333333333334,
,specimen07,tibia,pfad_policy,10deg_10mm,2,4,0.7,2.446293811134929,1.0,0.22976986895552493,2.4059911121807507,0.07858926799963228,0.9998333333333334,
,specimen07,tibia,pfad_policy,20deg_20mm,3,0,0.7,2.446293811134985,1.0,0.2297698689586974,2.36463851695266,0.08578665400273167,0.9998333333333334,
,specimen07,tibia,pfad_policy,20deg_20mm,3,1,0.7,2.446293811134975,1.0,0.22976986894600762,2.4281274403964317,0.08324064299813472,0.9998333333333334,
,specimen07,tibia,pfad_policy,20deg_20mm,3,2,0.7,17.011955294118735,0.0,5.690123048130823,12.264804969562931,0.2713181939907372,0.7491666666666666,
,specimen07,tibia,pfad_policy,20deg_20mm,3,3,0.7,2.4462938111349644,1.0,0.2297698689618698,2.4201675328700274,0.08075774999451824,0.9998333333333334,
,specimen07,tibia,pfad_policy,20deg_20mm,3,4,0.7,2.4462938111350048,1.0,0.2297698689618698,2.4319862105566523,0.08580873601022176,0.9998333333333334,
,specimen07,fibula,raw,aligned,0,0,,0.8602513969228885,1.0,0.2864923166270523,0.7914137626099105,0.19335096699069254,0.8418333333333333,
,specimen07,fibula,raw,5deg_5mm,1,0,,0.8602513969230074,1.0,0.28649231661433067,0.7947314301645019,0.19266878100461327,0.8418333333333333,
,specimen07,fibula,raw,5deg_5mm,1,1,,0.8602513969229229,1.0,0.28649231660924196,0.7920646341785555,0.1877562720037531,0.8418333333333333,
,specimen07,fibula,raw,5deg_5mm,1,2,,0.8602513969229454,1.0,0.2864923166066976,0.7948928968197119,0.19184211301035248,0.8418333333333333,
,specimen07,fibula,raw,5deg_5mm,1,3,,0.8602513969229649,1.0,0.28649231661941926,0.7921641609827617,0.19174129201564938,0.8418333333333333,
,specimen07,fibula,raw,5deg_5mm,1,4,,0.8602513969228827,1.0,0.28649231661687496,0.795149624380658,0.18881796600180678,0.8418333333333333,
,specimen07,fibula,raw,10deg_10mm,2,0,,0.8602513969229337,1.0,0.28649231661433067,0.7864250182500243,0.19313165298081003,0.8418333333333333,
,specimen07,fibula,raw,10deg_10mm,2,1,,0.8602513969228776,1.0,0.28649231661433067,0.7903921904823387,0.18781235101050697,0.8418333333333333,
,specimen07,fibula,raw,10deg_10mm,2,2,,0.860251396922834,1.0,0.28649231661941926,0.7817262798251953,0.19150538300164044,0.8418333333333333,
,specimen07,fibula,raw,10deg_10mm,2,3,,0.8602513969229408,1.0,0.28649231660924196,0.7981036996212628,0.18655742800910957,0.8418333333333333,
,specimen07,fibula,raw,10deg_10mm,2,4,,0.8602513969228984,1.0,0.28649231661687496,0.7983205613858916,0.19032756899832748,0.8418333333333333,
,specimen07,fibula,raw,20deg_20mm,3,0,,0.8602513969229069,1.0,0.28649231661687496,0.7951446284541335,0.19441150300554,0.8418333333333333,
,specimen07,fibula,raw,20deg_20mm,3,1,,0.8602513969229056,1.0,0.28649231661433067,0.784644532344155,0.20386754200444557,0.8418333333333333,
,specimen07,fibula,raw,20deg_20mm,3,2,,0.8602513969229193,1.0,0.28649231660924196,0.7874002319013758,0.19077726500108838,0.8418333333333333,
,specimen07,fibula,raw,20deg_20mm,3,3,,0.8602513969228937,1.0,0.28649231661433067,0.7765429039374838,0.1947614779928699,0.8418333333333333,
,specimen07,fibula,raw,20deg_20mm,3,4,,0.8602513969229141,1.0,0.28649231660924196,0.7768734203649376,0.19177471002331004,0.8418333333333333,
,specimen07,fibula,all_refined,aligned,0,0,1.0,0.8514786278873181,1.0,0.17387796544520018,0.8062508218562898,0.18325121901580133,0.8385,
,specimen07,fibula,all_refined,5deg_5mm,1,0,1.0,0.8514786278872742,1.0,0.17387796545358455,0.8048298100970748,0.18673842298449017,0.8385,
,specimen07,fibula,all_refined,5deg_5mm,1,1,1.0,0.8514786278873515,1.0,0.17387796546196893,0.8027756070006948,0.19071028800681233,0.8385,
,specimen07,fibula,all_refined,5deg_5mm,1,2,1.0,0.8514786278872966,1.0,0.17387796545358455,0.8035513076578038,0.1860016990103759,0.8385,
,specimen07,fibula,all_refined,5deg_5mm,1,3,1.0,0.8514786278873309,1.0,0.17387796547035334,0.8083223877794323,0.18642395199276507,0.8385,
,specimen07,fibula,all_refined,5deg_5mm,1,4,1.0,0.8514786278873073,1.0,0.17387796546616113,0.8103982245150658,0.18741980599588715,0.8385,
,specimen07,fibula,all_refined,10deg_10mm,2,0,1.0,0.85147862788729,1.0,0.17387796546196893,0.8033787151516953,0.18684481797390617,0.8385,
,specimen07,fibula,all_refined,10deg_10mm,2,1,1.0,0.8514786278872898,1.0,0.17387796545358455,0.8051110951887896,0.15256165200844407,0.8385,
,specimen07,fibula,all_refined,10deg_10mm,2,2,1.0,0.8514786278873161,1.0,0.17387796543262357,0.8064427827288047,0.18928303898428567,0.8385,
,specimen07,fibula,all_refined,10deg_10mm,2,3,1.0,0.8514786278873628,1.0,0.17387796544100798,0.8055829429334558,0.18929739500163123,0.8385,
,specimen07,fibula,all_refined,10deg_10mm,2,4,1.0,0.851478627887376,1.0,0.17387796544100798,0.8005084546197219,0.1878753529745154,0.8385,
,specimen07,fibula,all_refined,20deg_20mm,3,0,1.0,0.8514786278873124,1.0,0.17387796543262357,0.7950486283724132,0.18828561800182797,0.8385,
,specimen07,fibula,all_refined,20deg_20mm,3,1,1.0,0.8514786278872533,1.0,0.17387796546616113,0.8180975090467529,0.18902532398351468,0.8385,
,specimen07,fibula,all_refined,20deg_20mm,3,2,1.0,0.851478627887324,1.0,0.1738779654284314,0.8137005591816114,0.1904337400046643,0.8385,
,specimen07,fibula,all_refined,20deg_20mm,3,3,1.0,0.8514786278873148,1.0,0.17387796545358455,0.8113003890355575,0.19133351399796084,0.8385,
,specimen07,fibula,all_refined,20deg_20mm,3,4,1.0,0.8514786278873513,1.0,0.1738779654242392,0.812152617442497,0.18840675600222312,0.8385,
,specimen07,fibula,random_policy,aligned,0,0,0.9,1.1113317649595862,1.0,0.38684125205154246,1.0602864984055853,0.18267853098222986,0.8495,
,specimen07,fibula,random_policy,5deg_5mm,1,0,0.9,1.1113317649596486,1.0,0.38684125205154246,1.0651790047023575,0.15532376698683947,0.8495,
,specimen07,fibula,random_policy,5deg_5mm,1,1,0.9,1.1113317649596477,1.0,0.38684125205154246,1.0611063987896412,0.18622268000035547,0.8495,
,specimen07,fibula,random_policy,5deg_5mm,1,2,0.9,1.1113317649596783,1.0,0.38684125203646785,1.0641097659187488,0.18658402099390514,0.8495,
,specimen07,fibula,random_policy,5deg_5mm,1,3,0.9,1.1113317649596333,1.0,0.38684125204400516,1.0604637586309413,0.16597366498899646,0.8495,
,specimen07,fibula,random_policy,5deg_5mm,1,4,0.9,1.1113317649596215,1.0,0.38684125204965814,1.065911899405612,0.17048846199759282,0.8495,
,specimen07,fibula,random_policy,10deg_10mm,2,0,0.9,1.1113317649595922,1.0,0.38684125204400516,1.0554431373881126,0.1850094870023895,0.8495,
,specimen07,fibula,random_policy,10deg_10mm,2,1,0.9,1.1113317649596386,1.0,0.3868412520383522,1.056704540650163,0.16243337900959887,0.8495,
,specimen07,fibula,random_policy,10deg_10mm,2,2,0.9,1.1113317649597,1.0,0.3868412520402365,1.0470622797122042,0.18970112499664538,0.8495,
,specimen07,fibula,random_policy,10deg_10mm,2,3,0.9,1.1113317649596703,1.0,0.3868412520345835,1.0709460015677519,0.1782567820046097,0.8495,
,specimen07,fibula,random_policy,10deg_10mm,2,4,0.9,1.1113317649596273,1.0,0.38684125204400516,1.0681522240703452,0.18126208800822496,0.8495,
,specimen07,fibula,random_policy,20deg_20mm,3,0,0.9,1.1113317649596373,1.0,0.3868412520402365,1.0612880544853363,0.18915191499399953,0.8495,
,specimen07,fibula,random_policy,20deg_20mm,3,1,0.9,1.1113317649595733,1.0,0.3868412520383522,1.055690832369824,0.1876263409794774,0.8495,
,specimen07,fibula,random_policy,20deg_20mm,3,2,0.9,1.1113317649595686,1.0,0.38684125204400516,1.0608284101878849,0.18941618202370591,0.8495,
,specimen07,fibula,random_policy,20deg_20mm,3,3,0.9,1.1113317649595937,1.0,0.38684125204400516,1.0440122099766709,0.1918651570158545,0.8495,
,specimen07,fibula,random_policy,20deg_20mm,3,4,0.9,1.1113317649595937,1.0,0.3868412520383522,1.0411136768996996,0.18397093698149547,0.8495,
,specimen07,fibula,geometry_policy,aligned,0,0,1.0,0.8514786278873181,1.0,0.17387796544520018,0.8062508218562898,0.18325121901580133,0.8385,
,specimen07,fibula,geometry_policy,5deg_5mm,1,0,1.0,0.8514786278872742,1.0,0.17387796545358455,0.8048298100970748,0.18673842298449017,0.8385,
,specimen07,fibula,geometry_policy,5deg_5mm,1,1,1.0,0.8514786278873515,1.0,0.17387796546196893,0.8027756070006948,0.19071028800681233,0.8385,
,specimen07,fibula,geometry_policy,5deg_5mm,1,2,1.0,0.8514786278872966,1.0,0.17387796545358455,0.8035513076578038,0.1860016990103759,0.8385,
,specimen07,fibula,geometry_policy,5deg_5mm,1,3,1.0,0.8514786278873309,1.0,0.17387796547035334,0.8083223877794323,0.18642395199276507,0.8385,
,specimen07,fibula,geometry_policy,5deg_5mm,1,4,1.0,0.8514786278873073,1.0,0.17387796546616113,0.8103982245150658,0.18741980599588715,0.8385,
,specimen07,fibula,geometry_policy,10deg_10mm,2,0,1.0,0.85147862788729,1.0,0.17387796546196893,0.8033787151516953,0.18684481797390617,0.8385,
,specimen07,fibula,geometry_policy,10deg_10mm,2,1,1.0,0.8514786278872898,1.0,0.17387796545358455,0.8051110951887896,0.15256165200844407,0.8385,
,specimen07,fibula,geometry_policy,10deg_10mm,2,2,1.0,0.8514786278873161,1.0,0.17387796543262357,0.8064427827288047,0.18928303898428567,0.8385,
,specimen07,fibula,geometry_policy,10deg_10mm,2,3,1.0,0.8514786278873628,1.0,0.17387796544100798,0.8055829429334558,0.18929739500163123,0.8385,
,specimen07,fibula,geometry_policy,10deg_10mm,2,4,1.0,0.851478627887376,1.0,0.17387796544100798,0.8005084546197219,0.1878753529745154,0.8385,
,specimen07,fibula,geometry_policy,20deg_20mm,3,0,1.0,0.8514786278873124,1.0,0.17387796543262357,0.7950486283724132,0.18828561800182797,0.8385,
,specimen07,fibula,geometry_policy,20deg_20mm,3,1,1.0,0.8514786278872533,1.0,0.17387796546616113,0.8180975090467529,0.18902532398351468,0.8385,
,specimen07,fibula,geometry_policy,20deg_20mm,3,2,1.0,0.851478627887324,1.0,0.1738779654284314,0.8137005591816114,0.1904337400046643,0.8385,
,specimen07,fibula,geometry_policy,20deg_20mm,3,3,1.0,0.8514786278873148,1.0,0.17387796545358455,0.8113003890355575,0.19133351399796084,0.8385,
,specimen07,fibula,geometry_policy,20deg_20mm,3,4,1.0,0.8514786278873513,1.0,0.1738779654242392,0.812152617442497,0.18840675600222312,0.8385,
,specimen07,fibula,pfad_policy,aligned,0,0,0.7,1.0977275127998307,1.0,0.4379070194991017,1.0471588014555173,0.08778295601950958,1.0,
,specimen07,fibula,pfad_policy,5deg_5mm,1,0,0.7,14.749250932872606,0.0,29.477416305447175,13.300085489238564,0.17706064699450508,0.9818333333333333,
,specimen07,fibula,pfad_policy,5deg_5mm,1,1,0.7,14.749250932872428,0.0,29.477416305446887,13.24439431788074,0.1738539159996435,0.9818333333333333,
,specimen07,fibula,pfad_policy,5deg_5mm,1,2,0.7,1.09772751279988,1.0,0.43790701949743716,1.0546461717671207,0.06332140599261038,1.0,
,specimen07,fibula,pfad_policy,5deg_5mm,1,3,0.7,1.0977275127999828,1.0,0.437907019485785,1.0462913537706062,0.08816876899800263,1.0,
,specimen07,fibula,pfad_policy,5deg_5mm,1,4,0.7,1.09772751279993,1.0,0.43790701949577254,1.0501638212596045,0.08956427700468339,1.0,
,specimen07,fibula,pfad_policy,10deg_10mm,2,0,0.7,14.749250932872629,0.0,29.47741630544709,12.601795407718196,0.1769590390031226,0.9818333333333333,
,specimen07,fibula,pfad_policy,10deg_10mm,2,1,0.7,1.097727512799919,1.0,0.437907019485785,1.0458645240575732,0.09046454800409265,1.0,
,specimen07,fibula,pfad_policy,10deg_10mm,2,2,0.7,1.0977275127999204,1.0,0.4379070195007663,1.0322153636300109,0.09115353500237688,1.0,
,specimen07,fibula,pfad_policy,10deg_10mm,2,3,0.7,1.097727512799937,1.0,0.4379070194924434,1.059627988782252,0.0907008129870519,1.0,
,specimen07,fibula,pfad_policy,10deg_10mm,2,4,0.7,1.0977275127998953,1.0,0.4379070194991017,1.0627387072424044,0.09109859197633341,1.0,
,specimen07,fibula,pfad_policy,20deg_20mm,3,0,0.7,1.0977275127997324,1.0,0.4379070195090893,1.0631237085470222,0.0959736590157263,1.0,
,specimen07,fibula,pfad_policy,20deg_20mm,3,1,0.7,14.749250932872512,0.0,29.477416305446862,14.323096195410692,0.17507894500158727,0.9818333333333333,
,specimen07,fibula,pfad_policy,20deg_20mm,3,2,0.7,1.0977275127997923,1.0,0.4379070195057601,1.039684940508074,0.06875579900224693,1.0,
,specimen07,fibula,pfad_policy,20deg_20mm,3,3,0.7,14.749250932872595,0.0,29.477416305446887,13.868152403818668,0.17601086900685914,0.9818333333333333,
,specimen07,fibula,pfad_policy,20deg_20mm,3,4,0.7,1.0977275127998314,1.0,0.4379070194991017,1.0219944736701922,0.09011966199614108,1.0,
,specimen08,foot,raw,aligned,0,0,,1.566200343543959,1.0,0.7865671944325295,0.7263365243209988,0.11624516602023505,0.9773333333333334,
,specimen08,foot,raw,5deg_5mm,1,0,,1.56620034354396,1.0,0.7865671944288225,0.7028371023234439,0.11544624701491557,0.9773333333333334,
,specimen08,foot,raw,5deg_5mm,1,1,,1.5662003435438132,1.0,0.7865671944297493,0.7784260763357767,0.08514439201098867,0.9773333333333334,
,specimen08,foot,raw,5deg_5mm,1,2,,1.5662003435438665,1.0,0.7865671944399436,0.69253865498245,0.11584415400284342,0.9773333333333334,
,specimen08,foot,raw,5deg_5mm,1,3,,1.5662003435438596,1.0,0.7865671944325295,0.6855793301176233,0.11516362999100238,0.9773333333333334,
,specimen08,foot,raw,5deg_5mm,1,4,,1.566200343544043,1.0,0.786567194423262,0.7683469202276316,0.11755488300696015,0.9773333333333334,
,specimen08,foot,raw,10deg_10mm,2,0,,1.5662003435440794,1.0,0.7865671944241889,0.8207397003428334,0.11743360900436528,0.9773333333333334,
,specimen08,foot,raw,10deg_10mm,2,1,,1.566200343543808,1.0,0.7865671944371633,0.7175804213889753,0.1209631820092909,0.9773333333333334,
,specimen08,foot,raw,10deg_10mm,2,2,,1.5662003435438048,1.0,0.7865671944297493,0.7933256685413382,0.11964587299735285,0.9773333333333334,
,specimen08,foot,raw,10deg_10mm,2,3,,1.5662003435438612,1.0,0.7865671944297493,0.844987399201997,0.11708405401441269,0.9773333333333334,
,specimen08,foot,raw,10deg_10mm,2,4,,1.5662003435437857,1.0,0.786567194430676,0.6872993339731517,0.11835494698607363,0.9773333333333334,
,specimen08,foot,raw,20deg_20mm,3,0,,1.5662003435437986,1.0,0.786567194430676,0.959172429584892,0.12119394898763858,0.9773333333333334,
,specimen08,foot,raw,20deg_20mm,3,1,,1.5662003435438268,1.0,0.7865671944288225,0.6111039493611523,0.12309376400662586,0.9773333333333334,
,specimen08,foot,raw,20deg_20mm,3,2,,1.5662003435439118,1.0,0.786567194426969,0.6624463164747897,0.1172240320011042,0.9773333333333334,
,specimen08,foot,raw,20deg_20mm,3,3,,1.5662003435438474,1.0,0.7865671944316028,0.7018131246887815,0.11863241100218147,0.9773333333333334,
,specimen08,foot,raw,20deg_20mm,3,4,,1.5662003435439031,1.0,0.7865671944316028,0.9615909302193789,0.11737114901188761,0.9773333333333334,
,specimen08,foot,all_refined,aligned,0,0,1.0,1.6854798277364982,1.0,0.8936294880216122,0.7370571534069159,0.05142185199656524,0.9795,
,specimen08,foot,all_refined,5deg_5mm,1,0,1.0,1.6854798277361327,1.0,0.8936294880207966,0.7175728755858451,0.05734412599122152,0.9795,
,specimen08,foot,all_refined,5deg_5mm,1,1,1.0,1.685479827578629,1.0,0.8936294879294349,0.7915137206106746,0.05260299099609256,0.9795,
,specimen08,foot,all_refined,5deg_5mm,1,2,1.0,1.685479827532811,1.0,0.8936294879017002,0.7016107667591901,0.1196313510008622,0.9795,
,specimen08,foot,all_refined,5deg_5mm,1,3,1.0,1.6854798277360585,1.0,0.8936294880224279,0.6948277393824701,0.08441426098579541,0.9795,
,specimen08,foot,all_refined,5deg_5mm,1,4,1.0,1.6854798277363974,1.0,0.8936294880183493,0.7770814652052408,0.08479546502348967,0.9795,
,specimen08,foot,all_refined,10deg_10mm,2,0,1.0,1.6854798277364453,1.0,0.8936294880207966,0.8288705612040621,0.054559251002501696,0.9795,
,specimen08,foot,all_refined,10deg_10mm,2,1,1.0,1.685479825868613,1.0,0.8936294868934598,0.7302829199125683,0.12043912001536228,0.9795,
,specimen08,foot,all_refined,10deg_10mm,2,2,1.0,1.6854798277360785,1.0,0.8936294880183493,0.7972756684958129,0.08412754602613859,0.9795,
,specimen08,foot,all_refined,10deg_10mm,2,3,1.0,1.6854798277361036,1.0,0.8936294880207966,0.8558308510246809,0.062090316001558676,0.9795,
,specimen08,foot,all_refined,10deg_10mm,2,4,1.0,1.6854798258687607,1.0,0.8936294868869339,0.7008576385087527,0.11916033300803974,0.9795,
,specimen08,foot,all_refined,20deg_20mm,3,0,1.0,1.6854798258687902,1.0,0.8936294868844868,0.9854443107639443,0.12038737599505112,0.9795,
,specimen08,foot,all_refined,20deg_20mm,3,1,1.0,1.685479827735986,1.0,0.893629488019165,0.6117941782654914,0.08847706401138566,0.9795,
,specimen08,foot,all_refined,20deg_20mm,3,2,1.0,1.6854798275327616,1.0,0.8936294879000686,0.6624017297514314,0.11914708800031804,0.9795,
,specimen08,foot,all_refined,20deg_20mm,3,3,1.0,1.685479827532872,1.0,0.8936294879017002,0.6976768675932776,0.1213385839946568,0.9795,
,specimen08,foot,all_refined,20deg_20mm,3,4,1.0,1.6854798277364667,1.0,0.8936294880199807,0.9723926942663089,0.08648104601888917,0.9795,
,specimen08,foot,random_policy,aligned,0,0,0.9,1.4211114807695058,1.0,0.6611832101101448,0.7525824611547619,0.10789051500614733,0.9815,
,specimen08,foot,random_policy,5deg_5mm,1,0,0.9,1.4211114807695708,1.0,0.66118321010353,0.7394423851245399,0.10838747798698023,0.9815,
,specimen08,foot,random_policy,5deg_5mm,1,1,0.9,1.4211114807695178,1.0,0.6611832101024274,0.7954716070230892,0.10966374998679385,0.9815,
,specimen08,foot,random_policy,5deg_5mm,1,2,0.9,1.4211114807695862,1.0,0.6611832100980175,0.722689985800421,0.10786928300512955,0.9815,
,specimen08,foot,random_policy,5deg_5mm,1,3,0.9,1.4211114807694698,1.0,0.6611832101068374,0.7207443134949766,0.0766352630162146,0.9815,
,specimen08,foot,random_policy,5deg_5mm,1,4,0.9,1.4211114807695024,1.0,0.6611832100991201,0.7810003550851434,0.07647642501979135,0.9815,
,specimen08,foot,random_policy,10deg_10mm,2,0,0.9,1.4211114807697005,1.0,0.6611832100914026,0.8280622415470436,0.11203700100304559,0.9815,
,specimen08,foot,random_policy,10deg_10mm,2,1,0.9,1.4211114807695568,1.0,0.66118321010353,0.7368467543395517,0.10620794899296016,0.9815,
,specimen08,foot,random_policy,10deg_10mm,2,2,0.9,1.4211114807695013,1.0,0.6611832101002225,0.7984840826493331,0.10850081898388453,0.9815,
,specimen08,foot,random_policy,10deg_10mm,2,3,0.9,1.4211114807696392,1.0,0.6611832101002225,0.8406187231994292,0.10912365198601037,0.9815,
,specimen08,foot,random_policy,10deg_10mm,2,4,0.9,1.4211114807695386,1.0,0.6611832101002225,0.7144821906974806,0.11033830701489933,0.9815,
,specimen08,foot,random_policy,20deg_20mm,3,0,0.9,1.4211114807694483,1.0,0.6611832101046324,0.9450623315015326,0.08276391099207103,0.9815,
,specimen08,foot,random_policy,20deg_20mm,3,1,0.9,1.4211114807695016,1.0,0.6611832101024274,0.6588226367795669,0.08250552401295863,0.9815,
,specimen08,foot,random_policy,20deg_20mm,3,2,0.9,1.4211114807694856,1.0,0.6611832101046324,0.7017449363808217,0.11186371100484394,0.9815,
,specimen08,foot,random_policy,20deg_20mm,3,3,0.9,1.4211114807695062,1.0,0.6611832101024274,0.7308873718197809,0.07694292100495659,0.9815,
,specimen08,foot,random_policy,20deg_20mm,3,4,0.9,1.421111480769444,1.0,0.6611832101068374,0.9384428889295767,0.11209523599245586,0.9815,
,specimen08,foot,geometry_policy,aligned,0,0,1.0,1.6854798277364982,1.0,0.8936294880216122,0.7370571534069159,0.05142185199656524,0.9795,
,specimen08,foot,geometry_policy,5deg_5mm,1,0,1.0,1.6854798277361327,1.0,0.8936294880207966,0.7175728755858451,0.05734412599122152,0.9795,
,specimen08,foot,geometry_policy,5deg_5mm,1,1,1.0,1.685479827578629,1.0,0.8936294879294349,0.7915137206106746,0.05260299099609256,0.9795,
,specimen08,foot,geometry_policy,5deg_5mm,1,2,1.0,1.685479827532811,1.0,0.8936294879017002,0.7016107667591901,0.1196313510008622,0.9795,
,specimen08,foot,geometry_policy,5deg_5mm,1,3,1.0,1.6854798277360585,1.0,0.8936294880224279,0.6948277393824701,0.08441426098579541,0.9795,
,specimen08,foot,geometry_policy,5deg_5mm,1,4,1.0,1.6854798277363974,1.0,0.8936294880183493,0.7770814652052408,0.08479546502348967,0.9795,
,specimen08,foot,geometry_policy,10deg_10mm,2,0,1.0,1.6854798277364453,1.0,0.8936294880207966,0.8288705612040621,0.054559251002501696,0.9795,
,specimen08,foot,geometry_policy,10deg_10mm,2,1,1.0,1.685479825868613,1.0,0.8936294868934598,0.7302829199125683,0.12043912001536228,0.9795,
,specimen08,foot,geometry_policy,10deg_10mm,2,2,1.0,1.6854798277360785,1.0,0.8936294880183493,0.7972756684958129,0.08412754602613859,0.9795,
,specimen08,foot,geometry_policy,10deg_10mm,2,3,1.0,1.6854798277361036,1.0,0.8936294880207966,0.8558308510246809,0.062090316001558676,0.9795,
,specimen08,foot,geometry_policy,10deg_10mm,2,4,1.0,1.6854798258687607,1.0,0.8936294868869339,0.7008576385087527,0.11916033300803974,0.9795,
,specimen08,foot,geometry_policy,20deg_20mm,3,0,1.0,1.6854798258687902,1.0,0.8936294868844868,0.9854443107639443,0.12038737599505112,0.9795,
,specimen08,foot,geometry_policy,20deg_20mm,3,1,1.0,1.685479827735986,1.0,0.893629488019165,0.6117941782654914,0.08847706401138566,0.9795,
,specimen08,foot,geometry_policy,20deg_20mm,3,2,1.0,1.6854798275327616,1.0,0.8936294879000686,0.6624017297514314,0.11914708800031804,0.9795,
,specimen08,foot,geometry_policy,20deg_20mm,3,3,1.0,1.685479827532872,1.0,0.8936294879017002,0.6976768675932776,0.1213385839946568,0.9795,
,specimen08,foot,geometry_policy,20deg_20mm,3,4,1.0,1.6854798277364667,1.0,0.8936294880199807,0.9723926942663089,0.08648104601888917,0.9795,
,specimen08,foot,pfad_policy,aligned,0,0,0.9,2.1320767438100447,1.0,1.2130106025950083,0.7187902494794572,0.06305602699285373,0.9996666666666667,
,specimen08,foot,pfad_policy,5deg_5mm,1,0,0.9,2.1320767438084944,1.0,1.213010602593806,0.7080581757475886,0.06451418300275691,0.9996666666666667,
,specimen08,foot,pfad_policy,5deg_5mm,1,1,0.9,2.1320767437571275,1.0,1.213010602560152,0.8017757883678415,0.06463473298936151,0.9996666666666667,
,specimen08,foot,pfad_policy,5deg_5mm,1,2,0.9,2.132076743808437,1.0,1.2130106025944072,0.6576508008676982,0.06512958399252966,0.9996666666666667,
,specimen08,foot,pfad_policy,5deg_5mm,1,3,0.9,2.1320767438085384,1.0,1.213010602593806,0.6547617828086592,0.06446431198855862,0.9996666666666667,
,specimen08,foot,pfad_policy,5deg_5mm,1,4,0.9,2.1320767437570574,1.0,1.2130106025613538,0.7591676066958523,0.06230781599879265,0.9996666666666667,
,specimen08,foot,pfad_policy,10deg_10mm,2,0,0.9,2.132076743810146,1.0,1.2130106025895995,0.8305819691068591,0.06309852297999896,0.9996666666666667,
,specimen08,foot,pfad_policy,10deg_10mm,2,1,0.9,2.132076743757009,1.0,1.2130106025631568,0.7154486987758852,0.06256097200093791,0.9996666666666667,
,specimen08,foot,pfad_policy,10deg_10mm,2,2,0.9,2.132076743810163,1.0,1.2130106025926044,0.7617507322603454,0.06657578799058683,0.9996666666666667,
,specimen08,foot,pfad_policy,10deg_10mm,2,3,0.9,2.1320767438100607,1.0,1.213010602595609,0.8683276191842315,0.06648844201117754,0.9996666666666667,
,specimen08,foot,pfad_policy,10deg_10mm,2,4,0.9,2.132076743756972,1.0,1.2130106025649596,0.6791169420639444,0.06471607901039533,0.9996666666666667,
,specimen08,foot,pfad_policy,20deg_20mm,3,0,0.9,2.132076743808502,1.0,1.2130106025902003,1.0783856635257383,0.06505077402107418,0.9996666666666667,
,specimen08,foot,pfad_policy,20deg_20mm,3,1,0.9,2.1320767438084522,1.0,1.213010602593806,0.5293179016716942,0.06356050400063396,0.9996666666666667,
,specimen08,foot,pfad_policy,20deg_20mm,3,2,0.9,2.1320767438084824,1.0,1.213010602593806,0.6160361994389392,0.06327728100586683,0.9996666666666667,
,specimen08,foot,pfad_policy,20deg_20mm,3,3,0.9,2.1320767437570876,1.0,1.2130106025625558,0.6506174751877092,0.06424649999826215,0.9996666666666667,
,specimen08,foot,pfad_policy,20deg_20mm,3,4,0.9,2.1320767438099915,1.0,1.213010602596811,1.0103793600105837,0.06644034801865928,0.9996666666666667,
,specimen08,tibia,raw,aligned,0,0,,1.5964547403935725,1.0,3.4717839308727165,0.6824194730691064,0.10368282199488021,0.9421666666666667,
,specimen08,tibia,raw,5deg_5mm,1,0,,1.596454740393576,1.0,3.4717839308722964,0.8182110378668584,0.10476004800875671,0.9421666666666667,
,specimen08,tibia,raw,5deg_5mm,1,1,,1.5964547403935703,1.0,3.4717839308722964,0.5360252789999952,0.10307541501242667,0.9421666666666667,
,specimen08,tibia,raw,5deg_5mm,1,2,,1.5964547403935754,1.0,3.4717839308733467,0.5999213781193931,0.1071424130059313,0.9421666666666667,
,specimen08,tibia,raw,5deg_5mm,1,3,,1.5964547403935656,1.0,3.4717839308720864,0.7973791157616149,0.10602541101980023,0.9421666666666667,
,specimen08,tibia,raw,5deg_5mm,1,4,,1.5964547403935747,1.0,3.4717839308722964,0.596568454302979,0.10417473400593735,0.9421666666666667,
,specimen08,tibia,raw,10deg_10mm,2,0,,29.269180604698807,0.0,43.18300554311162,23.740415035192136,0.3129767670179717,0.6885,
,specimen08,tibia,raw,10deg_10mm,2,1,,1.5964547403935825,1.0,3.471783930871456,0.9734553178531047,0.1081486819894053,0.9421666666666667,
,specimen08,tibia,raw,10deg_10mm,2,2,,1.5964547403935718,1.0,3.471783930871876,0.5688217127305826,0.11733588698552921,0.9421666666666667,
,specimen08,tibia,raw,10deg_10mm,2,3,,1.5964547403935683,1.0,3.4717839308720864,0.5520538691909804,0.10487749602179974,0.9421666666666667,
,specimen08,tibia,raw,10deg_10mm,2,4,,1.5964547403935787,1.0,3.471783930871876,0.6870366829550023,0.11031162599101663,0.9421666666666667,
,specimen08,tibia,raw,20deg_20mm,3,0,,1.5964547403935918,1.0,3.4717839308725065,0.9101952815471986,0.13256624701898545,0.9421666666666667,
,specimen08,tibia,raw,20deg_20mm,3,1,,1.5964547403935818,1.0,3.4717839308722964,1.4611184029469386,0.11702011901070364,0.9421666666666667,
,specimen08,tibia,raw,20deg_20mm,3,2,,1.59645474039357,1.0,3.471783930871876,1.637584504362604,0.11689510400174186,0.9421666666666667,
,specimen08,tibia,raw,20deg_20mm,3,3,,1.5964547403935767,1.0,3.4717839308716663,0.8129057125418047,0.16540609698859043,0.9421666666666667,
,specimen08,tibia,raw,20deg_20mm,3,4,,1.5964547403935643,1.0,3.4717839308712457,0.8247015845566698,0.13566292499308474,0.9421666666666667,
,specimen08,tibia,all_refined,aligned,0,0,1.0,1.656061213529193,1.0,3.5699831633230357,0.7376828332149139,0.12783909199060872,0.9438333333333333,
,specimen08,tibia,all_refined,5deg_5mm,1,0,1.0,1.656061213529158,1.0,3.5699831633250785,0.8723107549917511,0.13360464500146918,0.9438333333333333,
,specimen08,tibia,all_refined,5deg_5mm,1,1,1.0,1.6560612135291604,1.0,3.56998316332467,0.5984522915303162,0.13140334698255174,0.9438333333333333,
,specimen08,tibia,all_refined,5deg_5mm,1,2,1.0,1.6560612135291712,1.0,3.569983163324874,0.6614006989016643,0.12762186001054943,0.9438333333333333,
,specimen08,tibia,all_refined,5deg_5mm,1,3,1.0,1.656061213529147,1.0,3.5699831633244656,0.8484829926812358,0.13371263100998476,0.9438333333333333,
,specimen08,tibia,all_refined,5deg_5mm,1,4,1.0,1.6560612135291604,1.0,3.56998316332324,0.6584082336485554,0.12745794001966715,0.9438333333333333,
,specimen08,tibia,all_refined,10deg_10mm,2,0,1.0,29.42542635617502,0.0,41.751239024363905,23.331049264769568,0.31288795598084107,0.6823333333333333,
,specimen08,tibia,all_refined,10deg_10mm,2,1,1.0,1.6560612135291768,1.0,3.5699831633254875,1.0216386289593793,0.12971362698590383,0.9438333333333333,
,specimen08,tibia,all_refined,10deg_10mm,2,2,1.0,1.6560612135291537,1.0,3.569983163324057,0.6328969798590245,0.14099163698847406,0.9438333333333333,
,specimen08,tibia,all_refined,10deg_10mm,2,3,1.0,1.6560612135291775,1.0,3.569983163324874,0.6145114703860884,0.129875216021901,0.9438333333333333,
,specimen08,tibia,all_refined,10deg_10mm,2,4,1.0,1.6560612135291557,1.0,3.569983163323444,0.7407921082995123,0.13168277600198053,0.9438333333333333,
,specimen08,tibia,all_refined,20deg_20mm,3,0,1.0,1.6560612135291684,1.0,3.569983163324057,0.9582000936373505,0.13575226601096801,0.9438333333333333,
,specimen08,tibia,all_refined,20deg_20mm,3,1,1.0,1.656061213529161,1.0,3.569983163324057,1.5126306265242595,0.13619097098126076,0.9438333333333333,
,specimen08,tibia,all_refined,20deg_20mm,3,2,1.0,1.6560612135291508,1.0,3.56998316332324,1.6979048211387018,0.13731868099421263,0.9438333333333333,
,specimen08,tibia,all_refined,20deg_20mm,3,3,1.0,1.6560612135291517,1.0,3.569983163323648,0.875727605477221,0.16154139902209863,0.9438333333333333,
,specimen08,tibia,all_refined,20deg_20mm,3,4,1.0,1.6560612135291588,1.0,3.5699831633238523,0.8868519940306673,0.1428243529808242,0.9438333333333333,
,specimen08,tibia,random_policy,aligned,0,0,0.9,1.7730910492163583,1.0,3.291362824787253,1.0698607422748925,0.09978505401522852,0.9495,
,specimen08,tibia,random_policy,5deg_5mm,1,0,0.9,1.7730910492163612,1.0,3.291362824787253,1.164303578889486,0.09924977397895418,0.9495,
,specimen08,tibia,random_policy,5deg_5mm,1,1,0.9,1.773091049216377,1.0,3.291362824786367,0.9688672547319901,0.10124339401954785,0.9495,
,specimen08,tibia,random_policy,5deg_5mm,1,2,0.9,1.773091049216367,1.0,3.29136282478681,1.0094222431411715,0.10108252801001072,0.9495,
,specimen08,tibia,random_policy,5deg_5mm,1,3,0.9,1.7730910492163754,1.0,3.2913628247874747,1.1474141286980957,0.10105722001753747,0.9495,
,specimen08,tibia,random_policy,5deg_5mm,1,4,0.9,1.7730910492163707,1.0,3.291362824787032,1.0069147388786281,0.10475036999559961,0.9495,
,specimen08,tibia,random_policy,10deg_10mm,2,0,0.9,29.032728874652253,0.0,44.3514906497043,23.26880562165105,0.3100799139938317,0.6861666666666667,
,specimen08,tibia,random_policy,10deg_10mm,2,1,0.9,1.7730910492163758,1.0,3.291362824787032,1.2638521452363494,0.1019421310047619,0.9495,
,specimen08,tibia,random_policy,10deg_10mm,2,2,0.9,1.7730910492163683,1.0,3.291362824787253,0.9907981567057805,0.1150986870052293,0.9495,
,specimen08,tibia,random_policy,10deg_10mm,2,3,0.9,1.7730910492163676,1.0,3.291362824787032,0.9553008022044795,0.10000812102225609,0.9495,
,specimen08,tibia,random_policy,10deg_10mm,2,4,0.9,1.7730910492163634,1.0,3.291362824787253,1.0496447631423513,0.10263128200313076,0.9495,
,specimen08,tibia,random_policy,20deg_20mm,3,0,0.9,1.7730910492163834,1.0,3.291362824786367,1.1730299453303399,0.1258146300096996,0.9495,
,specimen08,tibia,random_policy,20deg_20mm,3,1,0.9,1.7730910492163647,1.0,3.291362824787253,1.6335366831585523,0.11236756897415034,0.9495,
,specimen08,tibia,random_policy,20deg_20mm,3,2,0.9,1.7730910492163654,1.0,3.291362824787918,1.8200727936146317,0.11393570297514088,0.9495,
,specimen08,tibia,random_policy,20deg_20mm,3,3,0.9,1.7730910492163716,1.0,3.29136282478681,1.0793811862417129,0.16092298299190588,0.9495,
,specimen08,tibia,random_policy,20deg_20mm,3,4,0.9,1.773091049216377,1.0,3.2913628247865887,1.1016461450423904,0.13315617199987173,0.9495,
,specimen08,tibia,geometry_policy,aligned,0,0,1.0,1.656061213529193,1.0,3.5699831633230357,0.7376828332149139,0.12783909199060872,0.9438333333333333,
,specimen08,tibia,geometry_policy,5deg_5mm,1,0,1.0,1.656061213529158,1.0,3.5699831633250785,0.8723107549917511,0.13360464500146918,0.9438333333333333,
,specimen08,tibia,geometry_policy,5deg_5mm,1,1,1.0,1.6560612135291604,1.0,3.56998316332467,0.5984522915303162,0.13140334698255174,0.9438333333333333,
,specimen08,tibia,geometry_policy,5deg_5mm,1,2,1.0,1.6560612135291712,1.0,3.569983163324874,0.6614006989016643,0.12762186001054943,0.9438333333333333,
,specimen08,tibia,geometry_policy,5deg_5mm,1,3,1.0,1.656061213529147,1.0,3.5699831633244656,0.8484829926812358,0.13371263100998476,0.9438333333333333,
,specimen08,tibia,geometry_policy,5deg_5mm,1,4,1.0,1.6560612135291604,1.0,3.56998316332324,0.6584082336485554,0.12745794001966715,0.9438333333333333,
,specimen08,tibia,geometry_policy,10deg_10mm,2,0,1.0,29.42542635617502,0.0,41.751239024363905,23.331049264769568,0.31288795598084107,0.6823333333333333,
,specimen08,tibia,geometry_policy,10deg_10mm,2,1,1.0,1.6560612135291768,1.0,3.5699831633254875,1.0216386289593793,0.12971362698590383,0.9438333333333333,
,specimen08,tibia,geometry_policy,10deg_10mm,2,2,1.0,1.6560612135291537,1.0,3.569983163324057,0.6328969798590245,0.14099163698847406,0.9438333333333333,
,specimen08,tibia,geometry_policy,10deg_10mm,2,3,1.0,1.6560612135291775,1.0,3.569983163324874,0.6145114703860884,0.129875216021901,0.9438333333333333,
,specimen08,tibia,geometry_policy,10deg_10mm,2,4,1.0,1.6560612135291557,1.0,3.569983163323444,0.7407921082995123,0.13168277600198053,0.9438333333333333,
,specimen08,tibia,geometry_policy,20deg_20mm,3,0,1.0,1.6560612135291684,1.0,3.569983163324057,0.9582000936373505,0.13575226601096801,0.9438333333333333,
,specimen08,tibia,geometry_policy,20deg_20mm,3,1,1.0,1.656061213529161,1.0,3.569983163324057,1.5126306265242595,0.13619097098126076,0.9438333333333333,
,specimen08,tibia,geometry_policy,20deg_20mm,3,2,1.0,1.6560612135291508,1.0,3.56998316332324,1.6979048211387018,0.13731868099421263,0.9438333333333333,
,specimen08,tibia,geometry_policy,20deg_20mm,3,3,1.0,1.6560612135291517,1.0,3.569983163323648,0.875727605477221,0.16154139902209863,0.9438333333333333,
,specimen08,tibia,geometry_policy,20deg_20mm,3,4,1.0,1.6560612135291588,1.0,3.5699831633238523,0.8868519940306673,0.1428243529808242,0.9438333333333333,
,specimen08,tibia,pfad_policy,aligned,0,0,0.9,1.7901132663684358,1.0,2.807677448054189,1.2471541618307498,0.09092739500920288,0.9915,
,specimen08,tibia,pfad_policy,5deg_5mm,1,0,0.9,1.7901132663684451,1.0,2.8076774480539295,1.3254079481170453,0.09395768999820575,0.9915,
,specimen08,tibia,pfad_policy,5deg_5mm,1,1,0.9,1.7901132663684183,1.0,2.807677448054189,1.1459869163823222,0.09493622201262042,0.9915,
,specimen08,tibia,pfad_policy,5deg_5mm,1,2,0.9,1.7901132663684158,1.0,2.8076774480534104,1.1823596344053346,0.09426628600340337,0.9915,
,specimen08,tibia,pfad_policy,5deg_5mm,1,3,0.9,1.7901132663684443,1.0,2.8076774480539295,1.3126636664583688,0.09720799000933766,0.9915,
,specimen08,tibia,pfad_policy,5deg_5mm,1,4,0.9,1.7901132663684338,1.0,2.8076774480536697,1.1791686740670428,0.09316366698476486,0.9915,
,specimen08,tibia,pfad_policy,10deg_10mm,2,0,0.9,1.7901132663684327,1.0,2.8076774480539295,1.1061575324361217,0.18535414399229921,0.9915,
,specimen08,tibia,pfad_policy,10deg_10mm,2,1,0.9,1.7901132663684458,1.0,2.807677448052631,1.392110460092118,0.09659572198870592,0.9915,
,specimen08,tibia,pfad_policy,10deg_10mm,2,2,0.9,1.790113266368414,1.0,2.807677448054189,1.1622791900027691,0.1020331019826699,0.9915,
,specimen08,tibia,pfad_policy,10deg_10mm,2,3,0.9,1.7901132663684307,1.0,2.8076774480539295,1.1013446342832374,0.09818943100981414,0.9915,
,specimen08,tibia,pfad_policy,10deg_10mm,2,4,0.9,1.7901132663684451,1.0,2.8076774480536697,1.1959793554854,0.09522529598325491,0.9915,
,specimen08,tibia,pfad_policy,20deg_20mm,3,0,0.9,1.7901132663684487,1.0,2.8076774480536697,1.2576686421535597,0.10849430999951437,0.9915,
,specimen08,tibia,pfad_policy,20deg_20mm,3,1,0.9,1.7901132663684163,1.0,2.8076774480528908,1.6581807995875797,0.1010488529864233,0.9915,
,specimen08,tibia,pfad_policy,20deg_20mm,3,2,0.9,1.7901132663684247,1.0,2.8076774480536697,1.8601089754094047,0.10331932100234553,0.9915,
,specimen08,tibia,pfad_policy,20deg_20mm,3,3,0.9,1.790113266368439,1.0,2.8076774480536697,1.1145280573015965,0.1751697509898804,0.9915,
,specimen08,tibia,pfad_policy,20deg_20mm,3,4,0.9,1.7901132663684385,1.0,2.8076774480539295,1.16455033525042,0.1135054089827463,0.9915,
,specimen08,fibula,raw,aligned,0,0,,2.8671864197398427,1.0,0.3032408692122441,2.876074004783523,0.21489836799446493,0.7411666666666666,
,specimen08,fibula,raw,5deg_5mm,1,0,,2.8631623545700906,1.0,0.3108881165678068,2.8698664649259236,0.21297883198712952,0.7411666666666666,
,specimen08,fibula,raw,5deg_5mm,1,1,,2.8361174214227165,1.0,0.29967233506171104,2.858475883722383,0.2177410339936614,0.741,
,specimen08,fibula,raw,5deg_5mm,1,2,,2.8310205762907725,1.0,0.30709426293913855,2.8462220801634843,0.21154399900115095,0.741,
,specimen08,fibula,raw,5deg_5mm,1,3,,2.836117421339602,1.0,0.2996723350033327,2.838897029397626,0.20947164497920312,0.741,
,specimen08,fibula,raw,5deg_5mm,1,4,,2.836117046101316,1.0,0.29966459849801286,2.8347732687371088,0.2322336220240686,0.741,
,specimen08,fibula,raw,10deg_10mm,2,0,,2.867186420156739,1.0,0.3032408696473333,2.8659498614159364,0.21209859699592926,0.7411666666666666,
,specimen08,fibula,raw,10deg_10mm,2,1,,2.8673941068499684,1.0,0.30301474390902844,2.879520458887375,0.21421044500311837,0.7411666666666666,
,specimen08,fibula,raw,10deg_10mm,2,2,,2.8305738062303223,1.0,0.30085592650226883,2.871167518828048,0.21732131799217314,0.741,
,specimen08,fibula,raw,10deg_10mm,2,3,,2.8651857281858,1.0,0.31153122030178537,2.885563818773663,0.21212815499166027,0.7411666666666666,
,specimen08,fibula,raw,10deg_10mm,2,4,,2.827451269632215,1.0,0.3008214391269954,2.8718666234361696,0.21270139500848018,0.741,
,specimen08,fibula,raw,20deg_20mm,3,0,,2.8274478495193223,1.0,0.3006718232126201,2.769581901177387,0.21119946200633422,0.741,
,specimen08,fibula,raw,20deg_20mm,3,1,,2.8642269954358084,1.0,0.302818643274114,2.9053445018636848,0.21451683097984642,0.7411666666666666,
,specimen08,fibula,raw,20deg_20mm,3,2,,2.856711197436313,1.0,0.31495191659426647,2.930414738538684,0.21195468498626724,0.7411666666666666,
,specimen08,fibula,raw,20deg_20mm,3,3,,2.867186397862789,1.0,0.30324079944651505,2.825189188221768,0.21134640098898672,0.7411666666666666,
,specimen08,fibula,raw,20deg_20mm,3,4,,2.8305756979074106,1.0,0.30086523756245065,2.834046610089299,0.21314355300273746,0.741,
,specimen08,fibula,all_refined,aligned,0,0,1.0,1.8587130942397263,1.0,0.7831845540645825,1.8818941339561184,0.20772547301021405,0.736,
,specimen08,fibula,all_refined,5deg_5mm,1,0,1.0,1.8529009633779747,1.0,0.7971263190892949,1.8799164371375454,0.20266309601720423,0.736,
,specimen08,fibula,all_refined,5deg_5mm,1,1,1.0,1.8586572956910699,1.0,0.7835503744725947,1.8979780792455365,0.20612551702652127,0.736,
,specimen08,fibula,all_refined,5deg_5mm,1,2,1.0,1.858713094247281,1.0,0.7831845540645825,1.8789436299102447,0.20548765201237984,0.736,
,specimen08,fibula,all_refined,5deg_5mm,1,3,1.0,1.8586940562907972,1.0,0.783112411253315,1.8668644578277371,0.209004308009753,0.736,
,specimen08,fibula,all_refined,5deg_5mm,1,4,1.0,1.8586591578596239,1.0,0.7835425636184804,1.8717975001421825,0.20931458100676537,0.736,
,specimen08,fibula,all_refined,10deg_10mm,2,0,1.0,1.8586922063629603,1.0,0.7831162094806482,1.894771638134505,0.20738682299270295,0.736,
,specimen08,fibula,all_refined,10deg_10mm,2,1,1.0,1.8587130958998512,1.0,0.7831845512416057,1.9086749401991852,0.2061730519926641,0.736,
,specimen08,fibula,all_refined,10deg_10mm,2,2,1.0,1.858657295707741,1.0,0.7835503744735249,1.923407157358493,0.20972355900448747,0.736,
,specimen08,fibula,all_refined,10deg_10mm,2,3,1.0,1.8575415142641687,1.0,0.7894096826060091,1.9281086170075246,0.20550026799901389,0.736,
,specimen08,fibula,all_refined,10deg_10mm,2,4,1.0,1.8586572891419106,1.0,0.7835503700833474,1.9465980340724967,0.21026821999112144,0.736,
,specimen08,fibula,all_refined,20deg_20mm,3,0,1.0,1.8406025136919169,1.0,0.7836563410586741,1.7522377796421862,0.20725724697695114,0.7358333333333333,
,specimen08,fibula,all_refined,20deg_20mm,3,1,1.0,1.8586572889542265,1.0,0.7835503701233513,1.9355651708246349,0.20768434897763655,0.736,
,specimen08,fibula,all_refined,20deg_20mm,3,2,1.0,1.8586572956861802,1.0,0.7835503744642217,1.964941002611368,0.20784998999442905,0.736,
,specimen08,fibula,all_refined,20deg_20mm,3,3,1.0,1.8586946885123823,1.0,0.7831133064897623,1.781849879158276,0.20753716098261066,0.736,
,specimen08,fibula,all_refined,20deg_20mm,3,4,1.0,1.8529009633780704,1.0,0.7971263190929528,1.852940897748643,0.2055466800229624,0.736,
,specimen08,fibula,random_policy,aligned,0,0,0.9,0.9862941069595231,1.0,0.6552335281476486,1.0252391697876766,0.19802147499285638,0.7345,
,specimen08,fibula,random_policy,5deg_5mm,1,0,0.9,0.9862408132976567,1.0,0.6555573291098185,1.036989945716485,0.17961898300563917,0.7345,
,specimen08,fibula,random_policy,5deg_5mm,1,1,0.9,0.9858392075349277,1.0,0.6563756909928101,1.0412435170338217,0.19717253200360574,0.7345,
,specimen08,fibula,random_policy,5deg_5mm,1,2,0.9,0.9846582369992837,1.0,0.6575093055569423,1.0093495181550531,0.19585709599778056,0.7345,
,specimen08,fibula,random_policy,5deg_5mm,1,3,0.9,0.9831154147647432,1.0,0.6502216205371071,0.9975504991886398,0.1984343660005834,0.7345,
,specimen08,fibula,random_policy,5deg_5mm,1,4,0.9,0.9846582369992352,1.0,0.6575093055602682,1.0141747903581553,0.19939357400289737,0.7345,
,specimen08,fibula,random_policy,10deg_10mm,2,0,0.9,0.9862408132877267,1.0,0.6555573292299087,1.0574234054483276,0.20332594701903872,0.7345,
,specimen08,fibula,random_policy,10deg_10mm,2,1,0.9,0.9831154147648561,1.0,0.6502216205382281,1.0635080041768545,0.20126405399059877,0.7345,
,specimen08,fibula,random_policy,10deg_10mm,2,2,0.9,0.9862408132877208,1.0,0.6555573292310207,1.0678082146996641,0.17299592698691413,0.7345,
,specimen08,fibula,random_policy,10deg_10mm,2,3,0.9,0.984531358826699,1.0,0.6501068923328045,1.097301701740427,0.2032380939926952,0.7345,
,specimen08,fibula,random_policy,10deg_10mm,2,4,0.9,0.9831154147648365,1.0,0.6502216205326228,1.0984976167305445,0.20152251902618445,0.7345,
,specimen08,fibula,random_policy,20deg_20mm,3,0,0.9,0.9831154147647769,1.0,0.650221620535986,0.8732322141011817,0.19757608498912305,0.7345,
,specimen08,fibula,random_policy,20deg_20mm,3,1,0.9,0.9862408132887969,1.0,0.6555573294456266,1.0762443490561244,0.2020496730110608,0.7345,
,specimen08,fibula,random_policy,20deg_20mm,3,2,0.9,0.9862408132877141,1.0,0.6555573292332446,1.09618286795978,0.20251778099918738,0.7345,
,specimen08,fibula,random_policy,20deg_20mm,3,3,0.9,0.9846582369992773,1.0,0.6575093055558336,0.8718770438441394,0.20358633800060488,0.7345,
,specimen08,fibula,random_policy,20deg_20mm,3,4,0.9,0.9845231070687128,1.0,0.6501301077039846,0.9982299606297754,0.19659494899678975,0.7345,
,specimen08,fibula,geometry_policy,aligned,0,0,1.0,1.8587130942397263,1.0,0.7831845540645825,1.8818941339561184,0.20772547301021405,0.736,
,specimen08,fibula,geometry_policy,5deg_5mm,1,0,1.0,1.8529009633779747,1.0,0.7971263190892949,1.8799164371375454,0.20266309601720423,0.736,
,specimen08,fibula,geometry_policy,5deg_5mm,1,1,1.0,1.8586572956910699,1.0,0.7835503744725947,1.8979780792455365,0.20612551702652127,0.736,
,specimen08,fibula,geometry_policy,5deg_5mm,1,2,1.0,1.858713094247281,1.0,0.7831845540645825,1.8789436299102447,0.20548765201237984,0.736,
,specimen08,fibula,geometry_policy,5deg_5mm,1,3,1.0,1.8586940562907972,1.0,0.783112411253315,1.8668644578277371,0.209004308009753,0.736,
,specimen08,fibula,geometry_policy,5deg_5mm,1,4,1.0,1.8586591578596239,1.0,0.7835425636184804,1.8717975001421825,0.20931458100676537,0.736,
,specimen08,fibula,geometry_policy,10deg_10mm,2,0,1.0,1.8586922063629603,1.0,0.7831162094806482,1.894771638134505,0.20738682299270295,0.736,
,specimen08,fibula,geometry_policy,10deg_10mm,2,1,1.0,1.8587130958998512,1.0,0.7831845512416057,1.9086749401991852,0.2061730519926641,0.736,
,specimen08,fibula,geometry_policy,10deg_10mm,2,2,1.0,1.858657295707741,1.0,0.7835503744735249,1.923407157358493,0.20972355900448747,0.736,
,specimen08,fibula,geometry_policy,10deg_10mm,2,3,1.0,1.8575415142641687,1.0,0.7894096826060091,1.9281086170075246,0.20550026799901389,0.736,
,specimen08,fibula,geometry_policy,10deg_10mm,2,4,1.0,1.8586572891419106,1.0,0.7835503700833474,1.9465980340724967,0.21026821999112144,0.736,
,specimen08,fibula,geometry_policy,20deg_20mm,3,0,1.0,1.8406025136919169,1.0,0.7836563410586741,1.7522377796421862,0.20725724697695114,0.7358333333333333,
,specimen08,fibula,geometry_policy,20deg_20mm,3,1,1.0,1.8586572889542265,1.0,0.7835503701233513,1.9355651708246349,0.20768434897763655,0.736,
,specimen08,fibula,geometry_policy,20deg_20mm,3,2,1.0,1.8586572956861802,1.0,0.7835503744642217,1.964941002611368,0.20784998999442905,0.736,
,specimen08,fibula,geometry_policy,20deg_20mm,3,3,1.0,1.8586946885123823,1.0,0.7831133064897623,1.781849879158276,0.20753716098261066,0.736,
,specimen08,fibula,geometry_policy,20deg_20mm,3,4,1.0,1.8529009633780704,1.0,0.7971263190929528,1.852940897748643,0.2055466800229624,0.736,
,specimen08,fibula,pfad_policy,aligned,0,0,0.9,1.5561308575191137,1.0,0.3548316514591129,1.5696342207082372,0.13912591998814605,0.8168333333333333,
,specimen08,fibula,pfad_policy,5deg_5mm,1,0,0.9,1.5561308575189323,1.0,0.3548316514591129,1.5715052526748226,0.1401874409930315,0.8168333333333333,
,specimen08,fibula,pfad_policy,5deg_5mm,1,1,0.9,1.5561308575191124,1.0,0.35483165146322143,1.584284687096596,0.137237450981047,0.8168333333333333,
,specimen08,fibula,pfad_policy,5deg_5mm,1,2,0.9,1.5581976752749025,1.0,0.35426941980868587,1.5732399637398733,0.16689300601137802,0.8168333333333333,
,specimen08,fibula,pfad_policy,5deg_5mm,1,3,0.9,1.5581976752749007,1.0,0.354269419812801,1.560634810769426,0.16365825198590755,0.8168333333333333,
,specimen08,fibula,pfad_policy,5deg_5mm,1,4,0.9,1.5561308575189317,1.0,0.3548316514673301,1.5586635388435588,0.14028778098872863,0.8168333333333333,
,specimen08,fibula,pfad_policy,10deg_10mm,2,0,0.9,1.5561308575191357,1.0,0.35483165146322143,1.5672523218366556,0.1401873120048549,0.8168333333333333,
,specimen08,fibula,pfad_policy,10deg_10mm,2,1,0.9,1.5581976752749191,1.0,0.3542694198045707,1.580858064807992,0.16806188999908045,0.8168333333333333,
,specimen08,fibula,pfad_policy,10deg_10mm,2,2,0.9,1.5581976752749154,1.0,0.35426941980045557,1.605973161783436,0.16876303000026383,0.8168333333333333,
,specimen08,fibula,pfad_policy,10deg_10mm,2,3,0.9,1.5561308189137706,1.0,0.3548316033122535,1.594475478349888,0.14136977601447143,0.8168333333333333,
,specimen08,fibula,pfad_policy,10deg_10mm,2,4,0.9,1.5561308251681838,1.0,0.35483159841272416,1.612326085378836,0.14244888300891034,0.8168333333333333,
,specimen08,fibula,pfad_policy,20deg_20mm,3,0,0.9,1.5561308575191117,1.0,0.3548316514611672,1.4851533587285324,0.1389434460143093,0.8168333333333333,
,specimen08,fibula,pfad_policy,20deg_20mm,3,1,0.9,1.5561308251681627,1.0,0.35483159841272416,1.5998175710357427,0.14096146100200713,0.8168333333333333,
,specimen08,fibula,pfad_policy,20deg_20mm,3,2,0.9,1.5561308575191157,1.0,0.3548316514550042,1.6316182148956204,0.1397954749991186,0.8168333333333333,
,specimen08,fibula,pfad_policy,20deg_20mm,3,3,0.9,1.5581976752748727,1.0,0.3542694198045707,1.4978186336280581,0.16665704199112952,0.8168333333333333,
,specimen08,fibula,pfad_policy,20deg_20mm,3,4,0.9,1.5581976752749074,1.0,0.35426941980868587,1.567495119465687,0.16875836500548758,0.8168333333333333,
,specimen09,foot,raw,aligned,0,0,,1.7929779959867034,1.0,1.5482118910879545,2.081911173091753,0.09198213802301325,0.9768333333333333,
,specimen09,foot,raw,5deg_5mm,1,0,,1.7930457749692545,1.0,1.5480704901662103,2.2116590480130607,0.11157547900802456,0.9768333333333333,
,specimen09,foot,raw,5deg_5mm,1,1,,1.7930457749693267,1.0,1.548070490161501,2.061955153106162,0.10761209300835617,0.9768333333333333,
,specimen09,foot,raw,5deg_5mm,1,2,,1.7929779959867378,1.0,1.5482118910851292,1.9694781402646757,0.09250573100871406,0.9768333333333333,
,specimen09,foot,raw,5deg_5mm,1,3,,1.7930457749693332,1.0,1.548070490162443,2.1629881472158625,0.1091940339829307,0.9768333333333333,
,specimen09,foot,raw,5deg_5mm,1,4,,1.7929779959866594,1.0,1.5482118910898381,2.1102539445937443,0.05370086201583035,0.9768333333333333,
,specimen09,foot,raw,10deg_10mm,2,0,,1.7929779959867151,1.0,1.5482118910846583,2.2294678663947143,0.09161314598168246,0.9768333333333333,
,specimen09,foot,raw,10deg_10mm,2,1,,1.792977995986664,1.0,1.5482118910893672,2.0143834627319666,0.09482485702028498,0.9768333333333333,
,specimen09,foot,raw,10deg_10mm,2,2,,1.793045774969284,1.0,1.5480704901643265,1.9165047308859706,0.10871610601316206,0.9768333333333333,
,specimen09,foot,raw,10deg_10mm,2,3,,1.7930457749693518,1.0,1.5480704901586755,2.0579292109952947,0.11050366301788017,0.9768333333333333,
,specimen09,foot,raw,10deg_10mm,2,4,,1.793045774969285,1.0,1.5480704901629139,1.9602623301586704,0.11030562099767849,0.9768333333333333,
,specimen09,foot,raw,20deg_20mm,3,0,,1.7930457749692736,1.0,1.5480704901633848,2.2389707736157436,0.11294258400448598,0.9768333333333333,
,specimen09,foot,raw,20deg_20mm,3,1,,1.7930457749692785,1.0,1.5480704901629139,1.7584614559780973,0.10807446899707429,0.9768333333333333,
,specimen09,foot,raw,20deg_20mm,3,2,,1.7930457749692421,1.0,1.5480704901652684,1.698386386402058,0.11172280300525017,0.9768333333333333,
,specimen09,foot,raw,20deg_20mm,3,3,,1.7930457749692672,1.0,1.5480704901633848,2.0241104771454737,0.11116645997390151,0.9768333333333333,
,specimen09,foot,raw,20deg_20mm,3,4,,1.7929779959866485,1.0,1.5482118910884253,2.4103038638198035,0.09784794400911778,0.9768333333333333,
,specimen09,foot,all_refined,aligned,0,0,1.0,1.7725262643859077,1.0,1.470156594240556,2.081183810381873,0.08169298898428679,0.9758333333333333,
,specimen09,foot,all_refined,5deg_5mm,1,0,1.0,1.7725262643859254,1.0,1.4701565942400598,2.201525554359469,0.08553627098444849,0.9758333333333333,
,specimen09,foot,all_refined,5deg_5mm,1,1,1.0,1.772526264385938,1.0,1.4701565942390682,2.06704163494892,0.0883293260121718,0.9758333333333333,
,specimen09,foot,all_refined,5deg_5mm,1,2,1.0,1.7725262643858863,1.0,1.4701565942415475,1.976237597712728,0.0862858589971438,0.9758333333333333,
,specimen09,foot,all_refined,5deg_5mm,1,3,1.0,1.7725262643859379,1.0,1.4701565942380763,2.1502969878180282,0.0875480749818962,0.9758333333333333,
,specimen09,foot,all_refined,5deg_5mm,1,4,1.0,1.7725262643858832,1.0,1.470156594240556,2.1139428497939257,0.08719221001956612,0.9758333333333333,
,specimen09,foot,all_refined,10deg_10mm,2,0,1.0,1.7725262643858606,1.0,1.4701565942425392,2.224480700151055,0.08884542298619635,0.9758333333333333,
,specimen09,foot,all_refined,10deg_10mm,2,1,1.0,1.7725262643858943,1.0,1.4701565942400598,2.006140822947804,0.08751527502317913,0.9758333333333333,
,specimen09,foot,all_refined,10deg_10mm,2,2,1.0,1.7725262643859259,1.0,1.4701565942390682,1.923405571283537,0.08540879000793211,0.9758333333333333,
,specimen09,foot,all_refined,10deg_10mm,2,3,1.0,1.772526264385893,1.0,1.470156594240556,2.0462411037258366,0.0870782409911044,0.9758333333333333,
,specimen09,foot,all_refined,10deg_10mm,2,4,1.0,1.7725262643858781,1.0,1.4701565942410515,1.9629635502450693,0.0897165960050188,0.9758333333333333,
,specimen09,foot,all_refined,20deg_20mm,3,0,1.0,1.7725262643858788,1.0,1.470156594240556,2.2083607583420304,0.0987271819903981,0.9758333333333333,
,specimen09,foot,all_refined,20deg_20mm,3,1,1.0,1.7725262643858535,1.0,1.4701565942415475,1.7829905969645299,0.0850522699765861,0.9758333333333333,
,specimen09,foot,all_refined,20deg_20mm,3,2,1.0,1.7725262643859165,1.0,1.4701565942375805,1.747498037397637,0.09019468200858682,0.9758333333333333,
,specimen09,foot,all_refined,20deg_20mm,3,3,1.0,1.7725262643858815,1.0,1.470156594240556,2.0013804681135428,0.08744016799028032,0.9758333333333333,
,specimen09,foot,all_refined,20deg_20mm,3,4,1.0,1.7725262643859026,1.0,1.4701565942395638,2.3886593378545125,0.10892758399131708,0.9758333333333333,
,specimen09,foot,random_policy,aligned,0,0,0.9,1.7774529806352923,1.0,1.5236396077261163,2.008358154190229,0.06425954299629666,0.9763333333333334,
,specimen09,foot,random_policy,5deg_5mm,1,0,0.9,1.777452980635295,1.0,1.5236396077265948,2.134700516652459,0.06800532899796963,0.9763333333333334,
,specimen09,foot,random_policy,5deg_5mm,1,1,0.9,1.7774529806353092,1.0,1.5236396077261163,1.9969127582895108,0.06992410600651056,0.9763333333333334,
,specimen09,foot,random_policy,5deg_5mm,1,2,0.9,1.7774529806352803,1.0,1.5236396077242023,1.8992486406881175,0.09319231897825375,0.9763333333333334,
,specimen09,foot,random_policy,5deg_5mm,1,3,0.9,1.7774529806352561,1.0,1.5236396077261163,2.0784869954556435,0.09244287901674397,0.9763333333333334,
,specimen09,foot,random_policy,5deg_5mm,1,4,0.9,1.7774529806352732,1.0,1.5236396077246808,2.045856754567375,0.09302543898229487,0.9763333333333334,
,specimen09,foot,random_policy,10deg_10mm,2,0,0.9,1.7774529806352848,1.0,1.5236396077242023,2.1641350513201725,0.09352306698565371,0.9763333333333334,
,specimen09,foot,random_policy,10deg_10mm,2,1,0.9,1.7774529806352894,1.0,1.5236396077270733,1.923313207696972,0.06710811902303249,0.9763333333333334,
,specimen09,foot,random_policy,10deg_10mm,2,2,0.9,1.7774529806352903,1.0,1.5236396077265948,1.8458787856229129,0.06736864900449291,0.9763333333333334,
,specimen09,foot,random_policy,10deg_10mm,2,3,0.9,1.777452980635255,1.0,1.5236396077251593,1.9714924133973333,0.095984658022644,0.9763333333333334,
,specimen09,foot,random_policy,10deg_10mm,2,4,0.9,1.7774529806352564,1.0,1.5236396077261163,1.8880136996875723,0.095636532001663,0.9763333333333334,
,specimen09,foot,random_policy,20deg_20mm,3,0,0.9,1.7774529806352857,1.0,1.5236396077256378,2.12968661510474,0.07649290899280459,0.9763333333333334,
,specimen09,foot,random_policy,20deg_20mm,3,1,0.9,1.7774529806352897,1.0,1.5236396077256378,1.6915939514552771,0.06684304898953997,0.9763333333333334,
,specimen09,foot,random_policy,20deg_20mm,3,2,0.9,1.777452980635287,1.0,1.5236396077251593,1.666528796896793,0.07133092702133581,0.9763333333333334,
,specimen09,foot,random_policy,20deg_20mm,3,3,0.9,1.7774529806352717,1.0,1.5236396077270733,1.9222536881370542,0.068824918998871,0.9763333333333334,
,specimen09,foot,random_policy,20deg_20mm,3,4,0.9,1.7774529806352437,1.0,1.5236396077256378,2.327509117557526,0.10114419399178587,0.9763333333333334,
,specimen09,foot,geometry_policy,aligned,0,0,1.0,1.7725262643859077,1.0,1.470156594240556,2.081183810381873,0.08169298898428679,0.9758333333333333,
,specimen09,foot,geometry_policy,5deg_5mm,1,0,1.0,1.7725262643859254,1.0,1.4701565942400598,2.201525554359469,0.08553627098444849,0.9758333333333333,
,specimen09,foot,geometry_policy,5deg_5mm,1,1,1.0,1.772526264385938,1.0,1.4701565942390682,2.06704163494892,0.0883293260121718,0.9758333333333333,
,specimen09,foot,geometry_policy,5deg_5mm,1,2,1.0,1.7725262643858863,1.0,1.4701565942415475,1.976237597712728,0.0862858589971438,0.9758333333333333,
,specimen09,foot,geometry_policy,5deg_5mm,1,3,1.0,1.7725262643859379,1.0,1.4701565942380763,2.1502969878180282,0.0875480749818962,0.9758333333333333,
,specimen09,foot,geometry_policy,5deg_5mm,1,4,1.0,1.7725262643858832,1.0,1.470156594240556,2.1139428497939257,0.08719221001956612,0.9758333333333333,
,specimen09,foot,geometry_policy,10deg_10mm,2,0,1.0,1.7725262643858606,1.0,1.4701565942425392,2.224480700151055,0.08884542298619635,0.9758333333333333,
,specimen09,foot,geometry_policy,10deg_10mm,2,1,1.0,1.7725262643858943,1.0,1.4701565942400598,2.006140822947804,0.08751527502317913,0.9758333333333333,
,specimen09,foot,geometry_policy,10deg_10mm,2,2,1.0,1.7725262643859259,1.0,1.4701565942390682,1.923405571283537,0.08540879000793211,0.9758333333333333,
,specimen09,foot,geometry_policy,10deg_10mm,2,3,1.0,1.772526264385893,1.0,1.470156594240556,2.0462411037258366,0.0870782409911044,0.9758333333333333,
,specimen09,foot,geometry_policy,10deg_10mm,2,4,1.0,1.7725262643858781,1.0,1.4701565942410515,1.9629635502450693,0.0897165960050188,0.9758333333333333,
,specimen09,foot,geometry_policy,20deg_20mm,3,0,1.0,1.7725262643858788,1.0,1.470156594240556,2.2083607583420304,0.0987271819903981,0.9758333333333333,
,specimen09,foot,geometry_policy,20deg_20mm,3,1,1.0,1.7725262643858535,1.0,1.4701565942415475,1.7829905969645299,0.0850522699765861,0.9758333333333333,
,specimen09,foot,geometry_policy,20deg_20mm,3,2,1.0,1.7725262643859165,1.0,1.4701565942375805,1.747498037397637,0.09019468200858682,0.9758333333333333,
,specimen09,foot,geometry_policy,20deg_20mm,3,3,1.0,1.7725262643858815,1.0,1.470156594240556,2.0013804681135428,0.08744016799028032,0.9758333333333333,
,specimen09,foot,geometry_policy,20deg_20mm,3,4,1.0,1.7725262643859026,1.0,1.4701565942395638,2.3886593378545125,0.10892758399131708,0.9758333333333333,
,specimen09,foot,pfad_policy,aligned,0,0,0.9,1.7647489674029841,1.0,1.399576197529096,2.160310613911147,0.07620576198678464,0.9965,
,specimen09,foot,pfad_policy,5deg_5mm,1,0,0.9,1.7647489674030328,1.0,1.3995761975244083,2.2748596930329237,0.05071903899079189,0.9965,
,specimen09,foot,pfad_policy,5deg_5mm,1,1,0.9,1.7647489674030268,1.0,1.39957619752545,2.153203508541108,0.0759453950158786,0.9965,
,specimen09,foot,pfad_policy,5deg_5mm,1,2,0.9,1.764748967403032,1.0,1.3995761975238872,2.0623408182628684,0.07432156498543918,0.9965,
,specimen09,foot,pfad_policy,5deg_5mm,1,3,0.9,1.7647489674029344,1.0,1.3995761975306586,2.2214039345432885,0.07427264499710873,0.9965,
,specimen09,foot,pfad_policy,5deg_5mm,1,4,0.9,1.7647489674029628,1.0,1.3995761975285752,2.1975069256467985,0.0762438329984434,0.9965,
,specimen09,foot,pfad_policy,10deg_10mm,2,0,0.9,1.764748967403028,1.0,1.3995761975238872,2.3064819773676493,0.04943213699152693,0.9965,
,specimen09,foot,pfad_policy,10deg_10mm,2,1,0.9,1.7647489674030397,1.0,1.3995761975238872,2.0772803365772408,0.053878003993304446,0.9965,
,specimen09,foot,pfad_policy,10deg_10mm,2,2,0.9,1.7647489674030272,1.0,1.3995761975233665,2.0141488662265052,0.05012193799484521,0.9965,
,specimen09,foot,pfad_policy,10deg_10mm,2,3,0.9,1.7647489674030101,1.0,1.39957619752545,2.123786196295431,0.07556206101435237,0.9965,
,specimen09,foot,pfad_policy,10deg_10mm,2,4,0.9,1.7647489674030281,1.0,1.3995761975259706,2.05218237380794,0.07675241198739968,0.9965,
,specimen09,foot,pfad_policy,20deg_20mm,3,0,0.9,1.7647489674029941,1.0,1.399576197524929,2.2560638935308606,0.0641766720218584,0.9965,
,specimen09,foot,pfad_policy,20deg_20mm,3,1,0.9,1.7647489674030314,1.0,1.3995761975238872,1.8624042901804663,0.05180233798455447,0.9965,
,specimen09,foot,pfad_policy,20deg_20mm,3,2,0.9,1.7647489674030232,1.0,1.3995761975228456,1.8606813122175505,0.0575151429802645,0.9965,
,specimen09,foot,pfad_policy,20deg_20mm,3,3,0.9,1.764748967403011,1.0,1.3995761975244083,2.071403094890694,0.05337267299182713,0.9965,
,specimen09,foot,pfad_policy,20deg_20mm,3,4,0.9,1.7647489674030181,1.0,1.3995761975244083,2.439597396275332,0.06870488898130134,0.9965,
,specimen09,tibia,raw,aligned,0,0,,0.9690918850143313,1.0,0.23690445418702402,0.9424163725271417,0.12868385799811222,0.9331666666666667,
,specimen09,tibia,raw,5deg_5mm,1,0,,0.9690918850143384,1.0,0.23690445418394715,0.9311764584260672,0.1337814620055724,0.9331666666666667,
,specimen09,tibia,raw,5deg_5mm,1,1,,0.9688900944089672,1.0,0.2367954486194891,0.9576882355050531,0.1335844949935563,0.9331666666666667,
,specimen09,tibia,raw,5deg_5mm,1,2,,0.9690918850143331,1.0,0.23690445418394715,0.953720684260904,0.16177379500004463,0.9331666666666667,
,specimen09,tibia,raw,5deg_5mm,1,3,,0.9690918850143366,1.0,0.23690445418394715,0.9432361197820529,0.13626964201102965,0.9331666666666667,
,specimen09,tibia,raw,5deg_5mm,1,4,,0.9690918850143414,1.0,0.23690445419317785,0.9438865920314278,0.12991145200794563,0.9331666666666667,
,specimen09,tibia,raw,10deg_10mm,2,0,,0.9690918850143371,1.0,0.23690445419010098,0.9039704590992068,0.13391506299376488,0.9331666666666667,
,specimen09,tibia,raw,10deg_10mm,2,1,,0.9690918850143398,1.0,0.23690445418394715,0.9182206868567173,0.16578005501651205,0.9331666666666667,
,specimen09,tibia,raw,10deg_10mm,2,2,,0.9690918850143468,1.0,0.23690445418702402,0.9662245508101093,0.16710242599947378,0.9331666666666667,
,specimen09,tibia,raw,10deg_10mm,2,3,,0.9690918850143443,1.0,0.23690445419317785,0.9535026244896693,0.16309385799104348,0.9331666666666667,
,specimen09,tibia,raw,10deg_10mm,2,4,,0.9690918850143369,1.0,0.23690445417471642,0.927517318259046,0.1780682819953654,0.9331666666666667,
,specimen09,tibia,raw,20deg_20mm,3,0,,0.9690918850143311,1.0,0.23690445419317785,0.8707852994949474,0.14286854199599475,0.9331666666666667,
,specimen09,tibia,raw,20deg_20mm,3,1,,0.9690918850143364,1.0,0.23690445418087025,0.8977684204044153,0.13624307099962607,0.9331666666666667,
,specimen09,tibia,raw,20deg_20mm,3,2,,0.969091885014333,1.0,0.23690445417779335,0.8877733713654846,0.1352310760121327,0.9331666666666667,
,specimen09,tibia,raw,20deg_20mm,3,3,,0.9690918850143381,1.0,0.23690445417779335,1.01950319714178,0.17176828300580382,0.9331666666666667,
,specimen09,tibia,raw,20deg_20mm,3,4,,0.9690918850143522,1.0,0.23690445417779335,0.9628040360882537,0.13017798998043872,0.9331666666666667,
,specimen09,tibia,all_refined,aligned,0,0,1.0,0.9621849785011385,1.0,0.32842982289535116,0.9796031043978899,0.1402137870027218,0.931,
,specimen09,tibia,all_refined,5deg_5mm,1,0,1.0,0.962184978501108,1.0,0.32842982289535116,0.9896342138276297,0.14005498299957253,0.931,
,specimen09,tibia,all_refined,5deg_5mm,1,1,1.0,0.9621849785011145,1.0,0.32842982289091227,1.0058749023662734,0.11868172601680271,0.931,
,specimen09,tibia,all_refined,5deg_5mm,1,2,1.0,0.9621849785011105,1.0,0.3284298228775956,1.0027530918413652,0.1445727059908677,0.931,
,specimen09,tibia,all_refined,5deg_5mm,1,3,1.0,0.9621849785011133,1.0,0.3284298228886928,0.9643296076221283,0.13241382699925452,0.931,
,specimen09,tibia,all_refined,5deg_5mm,1,4,1.0,0.9621849785011046,1.0,0.3284298228931317,0.969410048973164,0.12695347701082937,0.931,
,specimen09,tibia,all_refined,10deg_10mm,2,0,1.0,0.9621849785011308,1.0,0.32842982289535116,0.9530596868944098,0.13032205699710175,0.931,
,specimen09,tibia,all_refined,10deg_10mm,2,1,1.0,0.962184978501117,1.0,0.3284298228931317,0.9841394655456962,0.14610937802353874,0.931,
,specimen09,tibia,all_refined,10deg_10mm,2,2,1.0,0.9621849785011216,1.0,0.32842982289091227,0.9915610482607757,0.13615452600060962,0.931,
,specimen09,tibia,all_refined,10deg_10mm,2,3,1.0,0.9621849785011305,1.0,0.3284298229020095,0.9685112318544356,0.13093658001162112,0.931,
,specimen09,tibia,all_refined,10deg_10mm,2,4,1.0,0.9621849785011158,1.0,0.32842982289757067,1.0121974752462441,0.15291529201203957,0.931,
,specimen09,tibia,all_refined,20deg_20mm,3,0,1.0,0.9621849785011237,1.0,0.3284298228820345,0.9506883120983951,0.14846071798820049,0.931,
,specimen09,tibia,all_refined,20deg_20mm,3,1,1.0,0.9621849785011213,1.0,0.3284298228931317,0.8670159484618077,0.13521385000785813,0.931,
,specimen09,tibia,all_refined,20deg_20mm,3,2,1.0,0.9621849785011336,1.0,0.3284298228886928,0.8734290541371116,0.14241880798363127,0.931,
,specimen09,tibia,all_refined,20deg_20mm,3,3,1.0,0.9621849785011117,1.0,0.32842982289535116,1.0431327124957355,0.15327694101142697,0.931,
,specimen09,tibia,all_refined,20deg_20mm,3,4,1.0,0.9621849785011177,1.0,0.3284298228931317,0.974421241288824,0.14773616500315256,0.931,
,specimen09,tibia,random_policy,aligned,0,0,0.9,0.979083376149667,1.0,0.3016426601130246,0.9918888538279577,0.12076575800892897,0.931,
,specimen09,tibia,random_policy,5deg_5mm,1,0,0.9,0.979083376149674,1.0,0.3016426601009419,0.9977228461634758,0.11907426500692964,0.931,
,specimen09,tibia,random_policy,5deg_5mm,1,1,0.9,0.9790833761496677,1.0,0.3016426601033584,1.0159492780359818,0.1434548779798206,0.931,
,specimen09,tibia,random_policy,5deg_5mm,1,2,0.9,0.9790833761496675,1.0,0.30164266012269075,1.014317723575404,0.1442845879937522,0.931,
,specimen09,tibia,random_policy,5deg_5mm,1,3,0.9,0.9790833761496712,1.0,0.30164266008885915,0.9770499106879122,0.11477722201379947,0.931,
,specimen09,tibia,random_policy,5deg_5mm,1,4,0.9,0.9790833761496683,1.0,0.3016426600936922,0.981116646772734,0.11933452999801375,0.931,
,specimen09,tibia,random_policy,10deg_10mm,2,0,0.9,0.9790833761496595,1.0,0.30164266010819146,0.9658566109690744,0.11861290098750032,0.931,
,specimen09,tibia,random_policy,10deg_10mm,2,1,0.9,0.9790833761496699,1.0,0.30164266010819146,0.9889897417925966,0.12616674599121325,0.931,
,specimen09,tibia,random_policy,10deg_10mm,2,2,0.9,0.9790833761496592,1.0,0.3016426600985253,1.0008251657928489,0.14628277198062278,0.931,
,specimen09,tibia,random_policy,10deg_10mm,2,3,0.9,0.9790833761496411,1.0,0.30164266010577495,0.9791999207586194,0.14578552599414252,0.931,
,specimen09,tibia,random_policy,10deg_10mm,2,4,0.9,0.9790833761496585,1.0,0.3016426601033584,1.0155125195048453,0.1557766839978285,0.931,
,specimen09,tibia,random_policy,20deg_20mm,3,0,0.9,0.9790833761496678,1.0,0.3016426600985253,0.9621056925603328,0.12866920401575044,0.931,
,specimen09,tibia,random_policy,20deg_20mm,3,1,0.9,0.9790833761496545,1.0,0.30164266010819146,0.8901123184830382,0.12057162600103766,0.931,
,specimen09,tibia,random_policy,20deg_20mm,3,2,0.9,0.9790833761496646,1.0,0.30164266009127566,0.8928533693931633,0.11534220198518597,0.931,
,specimen09,tibia,random_policy,20deg_20mm,3,3,0.9,0.9790833761496747,1.0,0.3016426600985253,1.0529494205050154,0.15226127702044323,0.931,
,specimen09,tibia,random_policy,20deg_20mm,3,4,0.9,0.9790833761496628,1.0,0.3016426601009419,0.9995200242533302,0.11986678501125425,0.931,
,specimen09,tibia,geometry_policy,aligned,0,0,1.0,0.9621849785011385,1.0,0.32842982289535116,0.9796031043978899,0.1402137870027218,0.931,
,specimen09,tibia,geometry_policy,5deg_5mm,1,0,1.0,0.962184978501108,1.0,0.32842982289535116,0.9896342138276297,0.14005498299957253,0.931,
,specimen09,tibia,geometry_policy,5deg_5mm,1,1,1.0,0.9621849785011145,1.0,0.32842982289091227,1.0058749023662734,0.11868172601680271,0.931,
,specimen09,tibia,geometry_policy,5deg_5mm,1,2,1.0,0.9621849785011105,1.0,0.3284298228775956,1.0027530918413652,0.1445727059908677,0.931,
,specimen09,tibia,geometry_policy,5deg_5mm,1,3,1.0,0.9621849785011133,1.0,0.3284298228886928,0.9643296076221283,0.13241382699925452,0.931,
,specimen09,tibia,geometry_policy,5deg_5mm,1,4,1.0,0.9621849785011046,1.0,0.3284298228931317,0.969410048973164,0.12695347701082937,0.931,
,specimen09,tibia,geometry_policy,10deg_10mm,2,0,1.0,0.9621849785011308,1.0,0.32842982289535116,0.9530596868944098,0.13032205699710175,0.931,
,specimen09,tibia,geometry_policy,10deg_10mm,2,1,1.0,0.962184978501117,1.0,0.3284298228931317,0.9841394655456962,0.14610937802353874,0.931,
,specimen09,tibia,geometry_policy,10deg_10mm,2,2,1.0,0.9621849785011216,1.0,0.32842982289091227,0.9915610482607757,0.13615452600060962,0.931,
,specimen09,tibia,geometry_policy,10deg_10mm,2,3,1.0,0.9621849785011305,1.0,0.3284298229020095,0.9685112318544356,0.13093658001162112,0.931,
,specimen09,tibia,geometry_policy,10deg_10mm,2,4,1.0,0.9621849785011158,1.0,0.32842982289757067,1.0121974752462441,0.15291529201203957,0.931,
,specimen09,tibia,geometry_policy,20deg_20mm,3,0,1.0,0.9621849785011237,1.0,0.3284298228820345,0.9506883120983951,0.14846071798820049,0.931,
,specimen09,tibia,geometry_policy,20deg_20mm,3,1,1.0,0.9621849785011213,1.0,0.3284298228931317,0.8670159484618077,0.13521385000785813,0.931,
,specimen09,tibia,geometry_policy,20deg_20mm,3,2,1.0,0.9621849785011336,1.0,0.3284298228886928,0.8734290541371116,0.14241880798363127,0.931,
,specimen09,tibia,geometry_policy,20deg_20mm,3,3,1.0,0.9621849785011117,1.0,0.32842982289535116,1.0431327124957355,0.15327694101142697,0.931,
,specimen09,tibia,geometry_policy,20deg_20mm,3,4,1.0,0.9621849785011177,1.0,0.3284298228931317,0.974421241288824,0.14773616500315256,0.931,
,specimen09,tibia,pfad_policy,aligned,0,0,0.9,0.9613965062653853,1.0,0.29768809012295844,0.9598589179269446,0.0998123419994954,0.9991666666666666,
,specimen09,tibia,pfad_policy,5deg_5mm,1,0,0.9,0.9613965062653717,1.0,0.2976880901131639,0.9644087791698952,0.09876862599048764,0.9991666666666666,
,specimen09,tibia,pfad_policy,5deg_5mm,1,1,0.9,0.9613965062653823,1.0,0.2976880901327531,0.9850247063255932,0.10252108701388352,0.9991666666666666,
,specimen09,tibia,pfad_policy,5deg_5mm,1,2,0.9,0.9613965062653733,1.0,0.29768809012785574,0.9814955066434103,0.1013032769842539,0.9991666666666666,
,specimen09,tibia,pfad_policy,5deg_5mm,1,3,0.9,0.961396506265378,1.0,0.2976880901327531,0.9478558289918841,0.10002565500326455,0.9991666666666666,
,specimen09,tibia,pfad_policy,5deg_5mm,1,4,0.9,0.9613965062653808,1.0,0.29768809012295844,0.9520186471751592,0.10085235099541023,0.9991666666666666,
,specimen09,tibia,pfad_policy,10deg_10mm,2,0,0.9,0.9613965062653713,1.0,0.29768809012540715,0.9279159706012764,0.10431463699205779,0.9991666666666666,
,specimen09,tibia,pfad_policy,10deg_10mm,2,1,0.9,0.9613965062653627,1.0,0.29768809014744496,0.9560399503581611,0.10735261900117621,0.9991666666666666,
,specimen09,tibia,pfad_policy,10deg_10mm,2,2,0.9,0.9613965062653776,1.0,0.29768809013765035,0.9757324685250288,0.10401301097590476,0.9991666666666666,
,specimen09,tibia,pfad_policy,10deg_10mm,2,3,0.9,0.9613965062653967,1.0,0.29768809012785574,0.9538175395816447,0.10452928900485858,0.9991666666666666,
,specimen09,tibia,pfad_policy,10deg_10mm,2,4,0.9,0.9613965062653623,1.0,0.2976880901327531,0.9810439065426264,0.11193089999142103,0.9991666666666666,
,specimen09,tibia,pfad_policy,20deg_20mm,3,0,0.9,0.9613965062653831,1.0,0.2976880901327531,0.916619606908574,0.10826836701016873,0.9991666666666666,
,specimen09,tibia,pfad_policy,20deg_20mm,3,1,0.9,0.9613965062653786,1.0,0.29768809014254766,0.8580067633915507,0.10577877599280328,0.9991666666666666,
,specimen09,tibia,pfad_policy,20deg_20mm,3,2,0.9,0.9613965062653919,1.0,0.29768809014254766,0.8600355956300207,0.10451086299144663,0.9991666666666666,
,specimen09,tibia,pfad_policy,20deg_20mm,3,3,0.9,0.9613965062653853,1.0,0.2976880901131639,1.031953461286943,0.1052598950045649,0.9991666666666666,
,specimen09,tibia,pfad_policy,20deg_20mm,3,4,0.9,0.9613965062653881,1.0,0.2976880901303044,0.9618521997607214,0.1041866400046274,0.9991666666666666,
,specimen09,fibula,raw,aligned,0,0,,4.4838723401647,0.0,0.22178821463790527,4.491307667531693,0.13511018300778233,0.7878333333333334,
,specimen09,fibula,raw,5deg_5mm,1,0,,4.483872340164755,0.0,0.22178821462804543,4.502063820256167,0.13549679302377626,0.7878333333333334,
,specimen09,fibula,raw,5deg_5mm,1,1,,4.4838723418371265,0.0,0.22178821542669155,4.480942285532764,0.13614116501412354,0.7878333333333334,
,specimen09,fibula,raw,5deg_5mm,1,2,,4.483872340164787,0.0,0.2217882146181856,4.496966317236859,0.13759368000319228,0.7878333333333334,
,specimen09,fibula,raw,5deg_5mm,1,3,,4.483872340164779,0.0,0.2217882146247588,4.477778928463134,0.13556394798797555,0.7878333333333334,
,specimen09,fibula,raw,5deg_5mm,1,4,,4.483872340164684,0.0,0.22178821464776508,4.485680159468308,0.13398867298383266,0.7878333333333334,
,specimen09,fibula,raw,10deg_10mm,2,0,,4.48387234016476,0.0,0.2217882146247588,4.501671995072612,0.13319019399932586,0.7878333333333334,
,specimen09,fibula,raw,10deg_10mm,2,1,,4.483872340164727,0.0,0.22178821463461865,4.486346137359481,0.13413600501371548,0.7878333333333334,
,specimen09,fibula,raw,10deg_10mm,2,2,,4.483872340164734,0.0,0.2217882146181856,4.503015383875586,0.13469446799717844,0.7878333333333334,
,specimen09,fibula,raw,10deg_10mm,2,3,,4.48387234016471,0.0,0.22178821463790527,4.511366518235754,0.13495172900729813,0.7878333333333334,
,specimen09,fibula,raw,10deg_10mm,2,4,,4.483872340164663,0.0,0.2217882146247588,4.496051893781738,0.13601407100213692,0.7878333333333334,
,specimen09,fibula,raw,20deg_20mm,3,0,,4.48387234016459,0.0,0.22178821463133203,4.4695361278754016,0.13540065797860734,0.7878333333333334,
,specimen09,fibula,raw,20deg_20mm,3,1,,4.483872340164646,0.0,0.22178821462804543,4.444763733701724,0.13546874999883585,0.7878333333333334,
,specimen09,fibula,raw,20deg_20mm,3,2,,4.483872341837129,0.0,0.22178821542011834,4.53934306579549,0.1320198530156631,0.7878333333333334,
,specimen09,fibula,raw,20deg_20mm,3,3,,4.483872340164651,0.0,0.2217882146247588,4.429177872807938,0.1318024219945073,0.7878333333333334,
,specimen09,fibula,raw,20deg_20mm,3,4,,4.483872340164638,0.0,0.22178821464447848,4.487298092674489,0.1340538919903338,0.7878333333333334,
,specimen09,fibula,all_refined,aligned,0,0,1.0,4.653177846951676,0.0,0.18771254308152532,4.660777788862454,0.13808796199737117,0.7836666666666666,
,specimen09,fibula,all_refined,5deg_5mm,1,0,1.0,4.65317784695176,0.0,0.1877125430776421,4.670540377772116,0.13753830501809716,0.7836666666666666,
,specimen09,fibula,all_refined,5deg_5mm,1,1,1.0,4.653177846951587,0.0,0.18771254309317503,4.650739114315915,0.13723958499031141,0.7836666666666666,
,specimen09,fibula,all_refined,5deg_5mm,1,2,1.0,4.653177846951691,0.0,0.18771254308152532,4.665830983476242,0.13994230999378487,0.7836666666666666,
,specimen09,fibula,all_refined,5deg_5mm,1,3,1.0,4.653177846951713,0.0,0.1877125430737589,4.647882271594427,0.13750619799247943,0.7836666666666666,
,specimen09,fibula,all_refined,5deg_5mm,1,4,1.0,4.653177846951628,0.0,0.18771254308152532,4.6559432834604575,0.1393643760238774,0.7836666666666666,
,specimen09,fibula,all_refined,10deg_10mm,2,0,1.0,4.6531778469516585,0.0,0.18771254306987567,4.670994581372922,0.13999623199924827,0.7836666666666666,
,specimen09,fibula,all_refined,10deg_10mm,2,1,1.0,4.653177846951684,0.0,0.18771254306599242,4.655474538051294,0.13994072799687274,0.7836666666666666,
,specimen09,fibula,all_refined,10deg_10mm,2,2,1.0,4.653177846951705,0.0,0.1877125430892918,4.672354681593995,0.13604307599598542,0.7836666666666666,
,specimen09,fibula,all_refined,10deg_10mm,2,3,1.0,4.653177846951706,0.0,0.18771254308152532,4.679873968517333,0.13825499601080082,0.7836666666666666,
,specimen09,fibula,all_refined,10deg_10mm,2,4,1.0,4.653177846951662,0.0,0.18771254308540858,4.666028182120853,0.137647677998757,0.7836666666666666,
,specimen09,fibula,all_refined,20deg_20mm,3,0,1.0,4.653177846951697,0.0,0.18771254306987567,4.641922055408077,0.13785787799861282,0.7836666666666666,
,specimen09,fibula,all_refined,20deg_20mm,3,1,1.0,4.653177846951721,0.0,0.1877125430737589,4.618119705278247,0.14072297999518923,0.7836666666666666,
,specimen09,fibula,all_refined,20deg_20mm,3,2,1.0,4.65317784695162,0.0,0.18771254306987567,4.706327401711792,0.13578884897287935,0.7836666666666666,
,specimen09,fibula,all_refined,20deg_20mm,3,3,1.0,4.653177846951648,0.0,0.1877125430621092,4.602799135244354,0.1396766419929918,0.7836666666666666,
,specimen09,fibula,all_refined,20deg_20mm,3,4,1.0,4.65317784695162,0.0,0.18771254308152532,4.658701510581122,0.13939900399418548,0.7836666666666666,
,specimen09,fibula,random_policy,aligned,0,0,0.9,4.561772713791226,0.0,0.14637158686456717,4.568404210520972,0.1458189729892183,0.779,
,specimen09,fibula,random_policy,5deg_5mm,1,0,0.9,4.56177271379119,0.0,0.14637158686456717,4.576505067996405,0.14520615700166672,0.779,
,specimen09,fibula,random_policy,5deg_5mm,1,1,0.9,4.561772713791259,0.0,0.14637158685958718,4.559645813815314,0.1482914369844366,0.779,
,specimen09,fibula,random_policy,5deg_5mm,1,2,0.9,4.561772713791265,0.0,0.14637158687452717,4.572558916732927,0.14836841900250874,0.779,
,specimen09,fibula,random_policy,5deg_5mm,1,3,0.9,4.561772713791175,0.0,0.14637158689444715,4.557271511516614,0.14584092001314275,0.779,
,specimen09,fibula,random_policy,5deg_5mm,1,4,0.9,4.561772713791274,0.0,0.14637158688448715,4.5646180518011965,0.1453884479997214,0.779,
,specimen09,fibula,random_policy,10deg_10mm,2,0,0.9,4.561772713791195,0.0,0.1463715868795072,4.577365097495777,0.14653952000662684,0.779,
,specimen09,fibula,random_policy,10deg_10mm,2,1,0.9,4.561772713791261,0.0,0.14637158686954718,4.563394569550766,0.14721405200543813,0.779,
,specimen09,fibula,random_policy,10deg_10mm,2,2,0.9,4.561772713791329,0.0,0.1463715868546072,4.578765782622623,0.14847601699875668,0.779,
,specimen09,fibula,random_policy,10deg_10mm,2,3,0.9,4.561772713791207,0.0,0.14637158686954718,4.584793788783947,0.14563961897511035,0.779,
,specimen09,fibula,random_policy,10deg_10mm,2,4,0.9,4.561772737728448,0.0,0.14637158699404712,4.5733823174129,0.14620479400036857,0.779,
,specimen09,fibula,random_policy,20deg_20mm,3,0,0.9,4.561772713791259,0.0,0.14637158685958718,4.5536504041130295,0.14659775997279212,0.779,
,specimen09,fibula,random_policy,20deg_20mm,3,1,0.9,4.5617727377284965,0.0,0.14637158698408712,4.532666066429803,0.146203336014878,0.779,
,specimen09,fibula,random_policy,20deg_20mm,3,2,0.9,4.56177271379122,0.0,0.14637158685958718,4.6074233482277345,0.1464253049925901,0.779,
,specimen09,fibula,random_policy,20deg_20mm,3,3,0.9,4.561772713791228,0.0,0.14637158686456717,4.51929666217755,0.1444515929906629,0.779,
,specimen09,fibula,random_policy,20deg_20mm,3,4,0.9,4.5617727137911395,0.0,0.14637158687452717,4.568021613631436,0.14677969698095694,0.779,
,specimen09,fibula,geometry_policy,aligned,0,0,1.0,4.653177846951676,0.0,0.18771254308152532,4.660777788862454,0.13808796199737117,0.7836666666666666,
,specimen09,fibula,geometry_policy,5deg_5mm,1,0,1.0,4.65317784695176,0.0,0.1877125430776421,4.670540377772116,0.13753830501809716,0.7836666666666666,
,specimen09,fibula,geometry_policy,5deg_5mm,1,1,1.0,4.653177846951587,0.0,0.18771254309317503,4.650739114315915,0.13723958499031141,0.7836666666666666,
,specimen09,fibula,geometry_policy,5deg_5mm,1,2,1.0,4.653177846951691,0.0,0.18771254308152532,4.665830983476242,0.13994230999378487,0.7836666666666666,
,specimen09,fibula,geometry_policy,5deg_5mm,1,3,1.0,4.653177846951713,0.0,0.1877125430737589,4.647882271594427,0.13750619799247943,0.7836666666666666,
,specimen09,fibula,geometry_policy,5deg_5mm,1,4,1.0,4.653177846951628,0.0,0.18771254308152532,4.6559432834604575,0.1393643760238774,0.7836666666666666,
,specimen09,fibula,geometry_policy,10deg_10mm,2,0,1.0,4.6531778469516585,0.0,0.18771254306987567,4.670994581372922,0.13999623199924827,0.7836666666666666,
,specimen09,fibula,geometry_policy,10deg_10mm,2,1,1.0,4.653177846951684,0.0,0.18771254306599242,4.655474538051294,0.13994072799687274,0.7836666666666666,
,specimen09,fibula,geometry_policy,10deg_10mm,2,2,1.0,4.653177846951705,0.0,0.1877125430892918,4.672354681593995,0.13604307599598542,0.7836666666666666,
,specimen09,fibula,geometry_policy,10deg_10mm,2,3,1.0,4.653177846951706,0.0,0.18771254308152532,4.679873968517333,0.13825499601080082,0.7836666666666666,
,specimen09,fibula,geometry_policy,10deg_10mm,2,4,1.0,4.653177846951662,0.0,0.18771254308540858,4.666028182120853,0.137647677998757,0.7836666666666666,
,specimen09,fibula,geometry_policy,20deg_20mm,3,0,1.0,4.653177846951697,0.0,0.18771254306987567,4.641922055408077,0.13785787799861282,0.7836666666666666,
,specimen09,fibula,geometry_policy,20deg_20mm,3,1,1.0,4.653177846951721,0.0,0.1877125430737589,4.618119705278247,0.14072297999518923,0.7836666666666666,
,specimen09,fibula,geometry_policy,20deg_20mm,3,2,1.0,4.65317784695162,0.0,0.18771254306987567,4.706327401711792,0.13578884897287935,0.7836666666666666,
,specimen09,fibula,geometry_policy,20deg_20mm,3,3,1.0,4.653177846951648,0.0,0.1877125430621092,4.602799135244354,0.1396766419929918,0.7836666666666666,
,specimen09,fibula,geometry_policy,20deg_20mm,3,4,1.0,4.65317784695162,0.0,0.18771254308152532,4.658701510581122,0.13939900399418548,0.7836666666666666,
,specimen09,fibula,pfad_policy,aligned,0,0,0.9,4.275924643424189,0.0,0.17581381050082182,4.280849609959774,0.1362115909869317,0.883,
,specimen09,fibula,pfad_policy,5deg_5mm,1,0,0.9,4.275924643424154,0.0,0.17581381051325995,4.28923999900556,0.11746180901536718,0.883,
,specimen09,fibula,pfad_policy,5deg_5mm,1,1,0.9,4.275924643424162,0.0,0.175813810521552,4.270736704722518,0.13467957699322142,0.883,
,specimen09,fibula,pfad_policy,5deg_5mm,1,2,0.9,4.2759246434242035,0.0,0.1758138105091139,4.285036593363374,0.13618494701222517,0.883,
,specimen09,fibula,pfad_policy,5deg_5mm,1,3,0.9,4.27592464342421,0.0,0.1758138105091139,4.268287651088798,0.1168153379985597,0.883,
,specimen09,fibula,pfad_policy,5deg_5mm,1,4,0.9,4.275924643424121,0.0,0.1758138105091139,4.277455665187199,0.11794160600402392,0.883,
,specimen09,fibula,pfad_policy,10deg_10mm,2,0,0.9,4.275924643424262,0.0,0.1758138104966758,4.2915197459917795,0.11812095102504827,0.883,
,specimen09,fibula,pfad_policy,10deg_10mm,2,1,0.9,4.2759246434240366,0.0,0.17581381051740597,4.2742413173491185,0.13357613698462956,0.883,
,specimen09,fibula,pfad_policy,10deg_10mm,2,2,0.9,4.27592464342495,0.0,0.17581381050496786,4.293307480869022,0.11600594900664873,0.883,
,specimen09,fibula,pfad_policy,10deg_10mm,2,3,0.9,4.275924643424227,0.0,0.17581381050082182,4.299329269576965,0.11971565301064402,0.883,
,specimen09,fibula,pfad_policy,10deg_10mm,2,4,0.9,4.275924643424183,0.0,0.17581381050496786,4.287688288461331,0.11585348000517115,0.883,
,specimen09,fibula,pfad_policy,20deg_20mm,3,0,0.9,4.2759246434241795,0.0,0.1758138104842377,4.267520843993435,0.13603294498170726,0.883,
,specimen09,fibula,pfad_policy,20deg_20mm,3,1,0.9,4.275924643424169,0.0,0.1758138104966758,4.243455988415833,0.13602332401205786,0.883,
,specimen09,fibula,pfad_policy,20deg_20mm,3,2,0.9,4.275924643424134,0.0,0.17581381050496786,4.324721927700954,0.12020160901010968,0.883,
,specimen09,fibula,pfad_policy,20deg_20mm,3,3,0.9,4.2759246434242195,0.0,0.1758138104966758,4.227714049768639,0.1194145799963735,0.883,
,specimen09,fibula,pfad_policy,20deg_20mm,3,4,0.9,4.275924643424183,0.0,0.1758138105091139,4.283491330717933,0.1340912820014637,0.883,
,specimen10,foot,raw,aligned,0,0,,1.8224588122956464,1.0,1.5465801310322083,1.8717610152134767,0.0750971139932517,0.9316666666666666,
,specimen10,foot,raw,5deg_5mm,1,0,,1.8224588122956271,1.0,1.5465801310326799,1.935840316320499,0.07438413900672458,0.9316666666666666,
,specimen10,foot,raw,5deg_5mm,1,1,,1.8224588122956455,1.0,1.5465801310312657,1.859000478192467,0.0960044150124304,0.9316666666666666,
,specimen10,foot,raw,5deg_5mm,1,2,,1.8224588122956513,1.0,1.5465801310303229,1.8143846353881155,0.09343615800025873,0.9316666666666666,
,specimen10,foot,raw,5deg_5mm,1,3,,1.8224588122956316,1.0,1.546580131033151,1.873680963436674,0.07530574398697354,0.9316666666666666,
,specimen10,foot,raw,5deg_5mm,1,4,,1.822458812295661,1.0,1.5465801310326799,1.9230399060244676,0.09579536397359334,0.9316666666666666,
,specimen10,foot,raw,10deg_10mm,2,0,,1.8224588122956442,1.0,1.5465801310322083,1.80065960452652,0.07649385600234382,0.9316666666666666,
,specimen10,foot,raw,10deg_10mm,2,1,,1.8224588122956442,1.0,1.5465801310312657,2.0082008454582474,0.07416058998205699,0.9316666666666666,
,specimen10,foot,raw,10deg_10mm,2,2,,1.8224588122956036,1.0,1.5465801310312657,2.017144588989449,0.09614613599842414,0.9316666666666666,
,specimen10,foot,raw,10deg_10mm,2,3,,1.8224588122956713,1.0,1.5465801310326799,1.8292465659219983,0.09500639501493424,0.9316666666666666,
,specimen10,foot,raw,10deg_10mm,2,4,,1.8224588122956733,1.0,1.5465801310322083,1.6249526553462093,0.09443630301393569,0.9316666666666666,
,specimen10,foot,raw,20deg_20mm,3,0,,1.8224588122956131,1.0,1.5465801310303229,2.2267334000317387,0.09094288799678907,0.9316666666666666,
,specimen10,foot,raw,20deg_20mm,3,1,,1.8224588122956915,1.0,1.546580131031737,2.226251262429985,0.09791915799723938,0.9316666666666666,
,specimen10,foot,raw,20deg_20mm,3,2,,1.8224588122955994,1.0,1.5465801310298515,2.322872922512365,0.10414731298806146,0.9316666666666666,
,specimen10,foot,raw,20deg_20mm,3,3,,1.8224588122956422,1.0,1.5465801310322083,2.360749607244171,0.10386759400716983,0.9316666666666666,
,specimen10,foot,raw,20deg_20mm,3,4,,1.822458812295618,1.0,1.5465801310312657,1.657231103617833,0.07757512299576774,0.9316666666666666,
,specimen10,foot,all_refined,aligned,0,0,1.0,1.9420892002514314,1.0,1.6285786467651193,1.7572912231399185,0.07635654299519956,0.937,
,specimen10,foot,all_refined,5deg_5mm,1,0,1.0,1.9420892002514032,1.0,1.6285786467660144,1.8303516071151353,0.07413046801229939,0.937,
,specimen10,foot,all_refined,5deg_5mm,1,1,1.0,1.9420892002514332,1.0,1.6285786467655667,1.744012482060397,0.07292430501547642,0.937,
,specimen10,foot,all_refined,5deg_5mm,1,2,1.0,1.9420892002513936,1.0,1.6285786467642238,1.6904651535483992,0.07235439200303517,0.937,
,specimen10,foot,all_refined,5deg_5mm,1,3,1.0,1.9420892002514403,1.0,1.628578646767805,1.7638154445189664,0.0713138919963967,0.937,
,specimen10,foot,all_refined,5deg_5mm,1,4,1.0,1.9420892002514094,1.0,1.628578646766462,1.8038569647118436,0.07155412799329497,0.937,
,specimen10,foot,all_refined,10deg_10mm,2,0,1.0,1.942089200251417,1.0,1.6285786467655667,1.6698890892684295,0.05513809499097988,0.937,
,specimen10,foot,all_refined,10deg_10mm,2,1,1.0,1.9420892002513956,1.0,1.6285786467646715,1.9170069373220855,0.07328843299183063,0.937,
,specimen10,foot,all_refined,10deg_10mm,2,2,1.0,1.9420892002514205,1.0,1.628578646767805,1.9208335564256833,0.07388790900586173,0.937,
,specimen10,foot,all_refined,10deg_10mm,2,3,1.0,1.942089200251409,1.0,1.6285786467642238,1.721346732685176,0.0546130359871313,0.937,
,specimen10,foot,all_refined,10deg_10mm,2,4,1.0,1.94208920025142,1.0,1.628578646769148,1.5039104746959469,0.07343036099337041,0.937,
,specimen10,foot,all_refined,20deg_20mm,3,0,1.0,1.9420892002513994,1.0,1.6285786467651193,2.158583904566987,0.07806326699210331,0.937,
,specimen10,foot,all_refined,20deg_20mm,3,1,1.0,1.9420892002514232,1.0,1.6285786467642238,2.100484899313287,0.07766032201470807,0.937,
,specimen10,foot,all_refined,20deg_20mm,3,2,1.0,1.9420892002514336,1.0,1.6285786467651193,2.223578966632877,0.08112877502571791,0.937,
,specimen10,foot,all_refined,20deg_20mm,3,3,1.0,1.9420892002514,1.0,1.6285786467637762,2.2786908025761616,0.08033772101043724,0.937,
,specimen10,foot,all_refined,20deg_20mm,3,4,1.0,1.942089200251423,1.0,1.6285786467660144,1.510683031162427,0.07276355900103226,0.937,
,specimen10,foot,random_policy,aligned,0,0,0.9,1.9446227624727932,1.0,1.641792298421787,1.8021057475994662,0.07894641699385829,0.9355,
,specimen10,foot,random_policy,5deg_5mm,1,0,0.9,1.9446227624728043,1.0,1.6417922984213429,1.875444086678403,0.07547200602130033,0.9355,
,specimen10,foot,random_policy,5deg_5mm,1,1,0.9,1.94462276247275,1.0,1.641792298421787,1.7895232611186673,0.07351425298838876,0.9355,
,specimen10,foot,random_policy,5deg_5mm,1,2,0.9,1.944622762472753,1.0,1.6417922984208988,1.7347219055273404,0.07519961197976954,0.9355,
,specimen10,foot,random_policy,5deg_5mm,1,3,0.9,1.9446227624727812,1.0,1.641792298421787,1.807891992468404,0.07478829799219966,0.9355,
,specimen10,foot,random_policy,5deg_5mm,1,4,0.9,1.9446227624727703,1.0,1.641792298421787,1.8491330281277456,0.0733884529909119,0.9355,
,specimen10,foot,random_policy,10deg_10mm,2,0,0.9,1.9446227624727743,1.0,1.6417922984235631,1.7139311472124574,0.07746718300040811,0.9355,
,specimen10,foot,random_policy,10deg_10mm,2,1,0.9,1.9446227624727854,1.0,1.6417922984204547,1.96421844139199,0.07704350998392329,0.9355,
,specimen10,foot,random_policy,10deg_10mm,2,2,0.9,1.94462276247277,1.0,1.6417922984208988,1.9689045505880052,0.07619458198314533,0.9355,
,specimen10,foot,random_policy,10deg_10mm,2,3,0.9,1.9446227624727905,1.0,1.641792298421787,1.7677709532474533,0.07687504799105227,0.9355,
,specimen10,foot,random_policy,10deg_10mm,2,4,0.9,1.9446227624727819,1.0,1.6417922984213429,1.5457893024626261,0.0759218220191542,0.9355,
,specimen10,foot,random_policy,20deg_20mm,3,0,0.9,1.9446227624727614,1.0,1.6417922984200106,2.208554063231207,0.09216540501802228,0.9355,
,specimen10,foot,random_policy,20deg_20mm,3,1,0.9,1.9446227624727888,1.0,1.6417922984213429,2.1471441224742662,0.08369780000066385,0.9355,
,specimen10,foot,random_policy,20deg_20mm,3,2,0.9,1.9446227624727606,1.0,1.6417922984200106,2.273252143640165,0.09719583400874399,0.9355,
,specimen10,foot,random_policy,20deg_20mm,3,3,0.9,1.9446227624727481,1.0,1.6417922984195668,2.3271951969569167,0.09856981399934739,0.9355,
,specimen10,foot,random_policy,20deg_20mm,3,4,0.9,1.9446227624727954,1.0,1.6417922984213429,1.5492157005951441,0.07774733097176068,0.9355,
,specimen10,foot,geometry_policy,aligned,0,0,1.0,1.9420892002514314,1.0,1.6285786467651193,1.7572912231399185,0.07635654299519956,0.937,
,specimen10,foot,geometry_policy,5deg_5mm,1,0,1.0,1.9420892002514032,1.0,1.6285786467660144,1.8303516071151353,0.07413046801229939,0.937,
,specimen10,foot,geometry_policy,5deg_5mm,1,1,1.0,1.9420892002514332,1.0,1.6285786467655667,1.744012482060397,0.07292430501547642,0.937,
,specimen10,foot,geometry_policy,5deg_5mm,1,2,1.0,1.9420892002513936,1.0,1.6285786467642238,1.6904651535483992,0.07235439200303517,0.937,
,specimen10,foot,geometry_policy,5deg_5mm,1,3,1.0,1.9420892002514403,1.0,1.628578646767805,1.7638154445189664,0.0713138919963967,0.937,
,specimen10,foot,geometry_policy,5deg_5mm,1,4,1.0,1.9420892002514094,1.0,1.628578646766462,1.8038569647118436,0.07155412799329497,0.937,
,specimen10,foot,geometry_policy,10deg_10mm,2,0,1.0,1.942089200251417,1.0,1.6285786467655667,1.6698890892684295,0.05513809499097988,0.937,
,specimen10,foot,geometry_policy,10deg_10mm,2,1,1.0,1.9420892002513956,1.0,1.6285786467646715,1.9170069373220855,0.07328843299183063,0.937,
,specimen10,foot,geometry_policy,10deg_10mm,2,2,1.0,1.9420892002514205,1.0,1.628578646767805,1.9208335564256833,0.07388790900586173,0.937,
,specimen10,foot,geometry_policy,10deg_10mm,2,3,1.0,1.942089200251409,1.0,1.6285786467642238,1.721346732685176,0.0546130359871313,0.937,
,specimen10,foot,geometry_policy,10deg_10mm,2,4,1.0,1.94208920025142,1.0,1.628578646769148,1.5039104746959469,0.07343036099337041,0.937,
,specimen10,foot,geometry_policy,20deg_20mm,3,0,1.0,1.9420892002513994,1.0,1.6285786467651193,2.158583904566987,0.07806326699210331,0.937,
,specimen10,foot,geometry_policy,20deg_20mm,3,1,1.0,1.9420892002514232,1.0,1.6285786467642238,2.100484899313287,0.07766032201470807,0.937,
,specimen10,foot,geometry_policy,20deg_20mm,3,2,1.0,1.9420892002514336,1.0,1.6285786467651193,2.223578966632877,0.08112877502571791,0.937,
,specimen10,foot,geometry_policy,20deg_20mm,3,3,1.0,1.9420892002514,1.0,1.6285786467637762,2.2786908025761616,0.08033772101043724,0.937,
,specimen10,foot,geometry_policy,20deg_20mm,3,4,1.0,1.942089200251423,1.0,1.6285786467660144,1.510683031162427,0.07276355900103226,0.937,
,specimen10,foot,pfad_policy,aligned,0,0,0.9,2.005999447119576,1.0,1.6433992382236655,1.7975135097146064,0.08277628500945866,0.9903333333333333,
,specimen10,foot,pfad_policy,5deg_5mm,1,0,0.9,2.005999447119572,1.0,1.6433992382258835,1.8625364964079496,0.08305314197787084,0.9903333333333333,
,specimen10,foot,pfad_policy,5deg_5mm,1,1,0.9,2.0059994471195775,1.0,1.643399238224109,1.787073595844706,0.08609660499496385,0.9903333333333333,
,specimen10,foot,pfad_policy,5deg_5mm,1,2,0.9,2.005999447119628,1.0,1.6433992382285452,1.7407569527368962,0.08367324201390147,0.9903333333333333,
,specimen10,foot,pfad_policy,5deg_5mm,1,3,0.9,2.0059994471196094,1.0,1.6433992382272145,1.7974060250551764,0.08762517001014203,0.9903333333333333,
,specimen10,foot,pfad_policy,5deg_5mm,1,4,0.9,2.0059994471196587,1.0,1.6433992382258835,1.8545998812544928,0.08479943699785508,0.9903333333333333,
,specimen10,foot,pfad_policy,10deg_10mm,2,0,0.9,2.005999447119611,1.0,1.6433992382249965,1.7315858913182411,0.08430782100185752,0.9903333333333333,
,specimen10,foot,pfad_policy,10deg_10mm,2,1,0.9,2.0059994471195894,1.0,1.6433992382249965,1.9368705803103623,0.08210078600677662,0.9903333333333333,
,specimen10,foot,pfad_policy,10deg_10mm,2,2,0.9,2.005999447119587,1.0,1.643399238226327,1.9502256924698793,0.06858467098209076,0.9903333333333333,
,specimen10,foot,pfad_policy,10deg_10mm,2,3,0.9,2.005999447119621,1.0,1.6433992382272145,1.756702359483928,0.08378484798595309,0.9903333333333333,
,specimen10,foot,pfad_policy,10deg_10mm,2,4,0.9,2.0059994471195832,1.0,1.6433992382254399,1.5375359275314056,0.08481144200777635,0.9903333333333333,
,specimen10,foot,pfad_policy,20deg_20mm,3,0,0.9,2.0059994471195766,1.0,1.643399238221891,2.163988523896032,0.0879667779954616,0.9903333333333333,
,specimen10,foot,pfad_policy,20deg_20mm,3,1,0.9,25.494581973144346,0.0,17.250218089854705,24.977546370368472,0.1581989340193104,0.9091666666666667,
,specimen10,foot,pfad_policy,20deg_20mm,3,2,0.9,25.796281455748343,0.0,15.94635834906915,27.722509585390302,0.1458594090072438,0.8998333333333334,
,specimen10,foot,pfad_policy,20deg_20mm,3,3,0.9,2.005999447119599,1.0,1.643399238224109,2.3088995999771544,0.08583122698473744,0.9903333333333333,
,specimen10,foot,pfad_policy,20deg_20mm,3,4,0.9,2.0059994471196028,1.0,1.6433992382245526,1.572364298012264,0.08373644901439548,0.9903333333333333,
,specimen10,tibia,raw,aligned,0,0,,3.602026196547838,1.0,0.5236522904787517,3.252227066667106,0.08901122599490918,0.9623333333333334,
,specimen10,tibia,raw,5deg_5mm,1,0,,3.602026196547821,1.0,0.5236522904801437,3.2420972040935605,0.09213553200243041,0.9623333333333334,
,specimen10,tibia,raw,5deg_5mm,1,1,,3.602026196547829,1.0,0.5236522904815357,3.2390426995267063,0.09510271801264025,0.9623333333333334,
,specimen10,tibia,raw,5deg_5mm,1,2,,3.6020261965478086,1.0,0.5236522904801437,3.243253520743718,0.0939544900029432,0.9623333333333334,
,specimen10,tibia,raw,5deg_5mm,1,3,,3.6020261965478326,1.0,0.5236522904829278,3.2670456855720813,0.09687573500559665,0.9623333333333334,
,specimen10,tibia,raw,5deg_5mm,1,4,,3.602026196547819,1.0,0.5236522904801437,3.2893700073290626,0.09250111001892947,0.9623333333333334,
,specimen10,tibia,raw,10deg_10mm,2,0,,3.6020261965478433,1.0,0.5236522904801437,3.31280681305569,0.09542999500990845,0.9623333333333334,
,specimen10,tibia,raw,10deg_10mm,2,1,,3.6020261965478264,1.0,0.5236522904815357,3.177027010692672,0.09322699898621067,0.9623333333333334,
,specimen10,tibia,raw,10deg_10mm,2,2,,3.6020261965478206,1.0,0.5236522904787517,3.21124088419472,0.09224753599846736,0.9623333333333334,
,specimen10,tibia,raw,10deg_10mm,2,3,,3.6020261965478446,1.0,0.5236522904829278,3.2316050625446895,0.09802628197940066,0.9623333333333334,
,specimen10,tibia,raw,10deg_10mm,2,4,,3.602026196547808,1.0,0.5236522904787517,3.2908303012083415,0.0917191109911073,0.9623333333333334,
,specimen10,tibia,raw,20deg_20mm,3,0,,3.6020261965478486,1.0,0.5236522904815357,3.117860164621548,0.1550865290046204,0.9623333333333334,
,specimen10,tibia,raw,20deg_20mm,3,1,,3.602026196547818,1.0,0.5236522904773596,3.300450425306063,0.1283943190064747,0.9623333333333334,
,specimen10,tibia,raw,20deg_20mm,3,2,,3.602026196547834,1.0,0.5236522904801437,3.2318040277072257,0.11674393402063288,0.9623333333333334,
,specimen10,tibia,raw,20deg_20mm,3,3,,3.6020261965478264,1.0,0.5236522904745755,3.3054959106265143,0.10642176499823108,0.9623333333333334,
,specimen10,tibia,raw,20deg_20mm,3,4,,33.44902571667364,0.0,53.72370692437559,9.627847452035505,0.30608226399635896,0.72,
,specimen10,tibia,all_refined,aligned,0,0,1.0,3.783210073250179,1.0,0.5748149618630463,3.4477562524472196,0.15871553399483673,0.9583333333333334,
,specimen10,tibia,all_refined,5deg_5mm,1,0,1.0,3.7832100732501757,1.0,0.5748149618617782,3.4382643164362694,0.1553279770014342,0.9583333333333334,
,specimen10,tibia,all_refined,5deg_5mm,1,1,1.0,3.7832100732501424,1.0,0.5748149618541694,3.4315765981874984,0.15878706600051373,0.9583333333333334,
,specimen10,tibia,all_refined,5deg_5mm,1,2,1.0,3.783134027733088,1.0,0.5749849858049718,3.4397214248869883,0.13964614699943922,0.9583333333333334,
,specimen10,tibia,all_refined,5deg_5mm,1,3,1.0,3.783210073250143,1.0,0.5748149618617782,3.4654884059715254,0.15927479701349512,0.9583333333333334,
,specimen10,tibia,all_refined,5deg_5mm,1,4,1.0,3.7832100732501686,1.0,0.5748149618567057,3.487386221184172,0.15613019600277767,0.9583333333333334,
,specimen10,tibia,all_refined,10deg_10mm,2,0,1.0,3.78321007325015,1.0,0.5748149618605101,3.508958988302004,0.1594867470266763,0.9583333333333334,
,specimen10,tibia,all_refined,10deg_10mm,2,1,1.0,3.7832100732501637,1.0,0.5748149618579738,3.3683751888431717,0.15779237099923193,0.9583333333333334,
,specimen10,tibia,all_refined,10deg_10mm,2,2,1.0,3.783210073250183,1.0,0.574814961859242,3.4028827170581994,0.16017975300201215,0.9583333333333334,
,specimen10,tibia,all_refined,10deg_10mm,2,3,1.0,3.7831340277330625,1.0,0.5749849857935619,3.4215503036138086,0.14471899301861413,0.9583333333333334,
,specimen10,tibia,all_refined,10deg_10mm,2,4,1.0,3.783134027733082,1.0,0.5749849858049718,3.490142731170647,0.1411458689835854,0.9583333333333334,
,specimen10,tibia,all_refined,20deg_20mm,3,0,1.0,3.7831340277331464,1.0,0.5749849858062396,3.310135734439393,0.16761075201793574,0.9583333333333334,
,specimen10,tibia,all_refined,20deg_20mm,3,1,1.0,3.7831340277331877,1.0,0.5749849858113106,3.5069862433793317,0.15190900801098906,0.9583333333333334,
,specimen10,tibia,all_refined,20deg_20mm,3,2,1.0,3.783134027733119,1.0,0.5749849858011685,3.4341385634088635,0.14672619599150494,0.9583333333333334,
,specimen10,tibia,all_refined,20deg_20mm,3,3,1.0,3.7832100732501512,1.0,0.5748149618579738,3.51335425375987,0.1627111959969625,0.9583333333333334,
,specimen10,tibia,all_refined,20deg_20mm,3,4,1.0,33.98186970751517,0.0,56.607163752449836,9.786776311727966,0.3096094859938603,0.7266666666666667,
,specimen10,tibia,random_policy,aligned,0,0,0.9,3.747292801945269,1.0,0.45071870780146006,3.4328957423587023,0.13007336601731367,0.9566666666666667,
,specimen10,tibia,random_policy,5deg_5mm,1,0,0.9,3.7472928019452576,1.0,0.4507187077949909,3.4216881051145056,0.1257020890188869,0.9566666666666667,
,specimen10,tibia,random_policy,5deg_5mm,1,1,0.9,3.7472928019452643,1.0,0.4507187078079291,3.4221941953694164,0.12819841998862103,0.9566666666666667,
,specimen10,tibia,random_policy,5deg_5mm,1,2,0.9,3.747919040120786,1.0,0.4512227220063173,3.423383323072212,0.13295917797950096,0.9566666666666667,
,specimen10,tibia,random_policy,5deg_5mm,1,3,0.9,3.7479190401208142,1.0,0.4512227220208566,3.4455164069727515,0.13289205898763612,0.9566666666666667,
,specimen10,tibia,random_policy,5deg_5mm,1,4,0.9,3.747919040120867,1.0,0.4512227220240876,3.467110888987652,0.13346418298897333,0.9566666666666667,
,specimen10,tibia,random_policy,10deg_10mm,2,0,0.9,3.747919040120862,1.0,0.4512227220192411,3.4901450005034103,0.13643411902012303,0.9566666666666667,
,specimen10,tibia,random_policy,10deg_10mm,2,1,0.9,3.747919040120841,1.0,0.4512227220208566,3.363699546420652,0.13415638901642524,0.9566666666666667,
,specimen10,tibia,random_policy,10deg_10mm,2,2,0.9,3.747292801945307,1.0,0.45071870780307727,3.3934869127024476,0.12683682402712293,0.9566666666666667,
,specimen10,tibia,random_policy,10deg_10mm,2,3,0.9,3.7472928019452034,1.0,0.4507187077917564,3.417050175703978,0.1300459519843571,0.9566666666666667,
,specimen10,tibia,random_policy,10deg_10mm,2,4,0.9,3.7472928019452167,1.0,0.4507187077982254,3.4648697392997017,0.1269810670055449,0.9566666666666667,
,specimen10,tibia,random_policy,20deg_20mm,3,0,0.9,3.747292801945287,1.0,0.45071870779984274,3.3072040784479233,0.15323803402134217,0.9566666666666667,
,specimen10,tibia,random_policy,20deg_20mm,3,1,0.9,3.7472928019452523,1.0,0.4507187077982254,3.476053436320867,0.13838243001373485,0.9566666666666667,
,specimen10,tibia,random_policy,20deg_20mm,3,2,0.9,3.7472928019452603,1.0,0.45071870779984274,3.4136274545720666,0.13465425200411119,0.9566666666666667,
,specimen10,tibia,random_policy,20deg_20mm,3,3,0.9,3.747292801945337,1.0,0.4507187078046946,3.4784341144517166,0.13379393599461764,0.9566666666666667,
,specimen10,tibia,random_policy,20deg_20mm,3,4,0.9,34.027189134526196,0.0,54.56262224122914,10.340016992515967,0.3100126299832482,0.7186666666666667,
,specimen10,tibia,geometry_policy,aligned,0,0,1.0,3.783210073250179,1.0,0.5748149618630463,3.4477562524472196,0.15871553399483673,0.9583333333333334,
,specimen10,tibia,geometry_policy,5deg_5mm,1,0,1.0,3.7832100732501757,1.0,0.5748149618617782,3.4382643164362694,0.1553279770014342,0.9583333333333334,
,specimen10,tibia,geometry_policy,5deg_5mm,1,1,1.0,3.7832100732501424,1.0,0.5748149618541694,3.4315765981874984,0.15878706600051373,0.9583333333333334,
,specimen10,tibia,geometry_policy,5deg_5mm,1,2,1.0,3.783134027733088,1.0,0.5749849858049718,3.4397214248869883,0.13964614699943922,0.9583333333333334,
,specimen10,tibia,geometry_policy,5deg_5mm,1,3,1.0,3.783210073250143,1.0,0.5748149618617782,3.4654884059715254,0.15927479701349512,0.9583333333333334,
,specimen10,tibia,geometry_policy,5deg_5mm,1,4,1.0,3.7832100732501686,1.0,0.5748149618567057,3.487386221184172,0.15613019600277767,0.9583333333333334,
,specimen10,tibia,geometry_policy,10deg_10mm,2,0,1.0,3.78321007325015,1.0,0.5748149618605101,3.508958988302004,0.1594867470266763,0.9583333333333334,
,specimen10,tibia,geometry_policy,10deg_10mm,2,1,1.0,3.7832100732501637,1.0,0.5748149618579738,3.3683751888431717,0.15779237099923193,0.9583333333333334,
,specimen10,tibia,geometry_policy,10deg_10mm,2,2,1.0,3.783210073250183,1.0,0.574814961859242,3.4028827170581994,0.16017975300201215,0.9583333333333334,
,specimen10,tibia,geometry_policy,10deg_10mm,2,3,1.0,3.7831340277330625,1.0,0.5749849857935619,3.4215503036138086,0.14471899301861413,0.9583333333333334,
,specimen10,tibia,geometry_policy,10deg_10mm,2,4,1.0,3.783134027733082,1.0,0.5749849858049718,3.490142731170647,0.1411458689835854,0.9583333333333334,
,specimen10,tibia,geometry_policy,20deg_20mm,3,0,1.0,3.7831340277331464,1.0,0.5749849858062396,3.310135734439393,0.16761075201793574,0.9583333333333334,
,specimen10,tibia,geometry_policy,20deg_20mm,3,1,1.0,3.7831340277331877,1.0,0.5749849858113106,3.5069862433793317,0.15190900801098906,0.9583333333333334,
,specimen10,tibia,geometry_policy,20deg_20mm,3,2,1.0,3.783134027733119,1.0,0.5749849858011685,3.4341385634088635,0.14672619599150494,0.9583333333333334,
,specimen10,tibia,geometry_policy,20deg_20mm,3,3,1.0,3.7832100732501512,1.0,0.5748149618579738,3.51335425375987,0.1627111959969625,0.9583333333333334,
,specimen10,tibia,geometry_policy,20deg_20mm,3,4,1.0,33.98186970751517,0.0,56.607163752449836,9.786776311727966,0.3096094859938603,0.7266666666666667,
,specimen10,tibia,pfad_policy,aligned,0,0,0.9,3.8814016078275784,1.0,0.5556875562737041,3.540951568324661,0.05336488701868802,0.9961666666666666,
,specimen10,tibia,pfad_policy,5deg_5mm,1,0,0.9,3.881401607827562,1.0,0.5556875562737041,3.529957845647547,0.05647225197753869,0.9961666666666666,
,specimen10,tibia,pfad_policy,5deg_5mm,1,1,0.9,3.881401607827558,1.0,0.5556875562815748,3.527212625427951,0.09794684700318612,0.9961666666666666,
,specimen10,tibia,pfad_policy,5deg_5mm,1,2,0.9,3.8814016078275757,1.0,0.5556875562750159,3.5312765817678957,0.05514557400601916,0.9961666666666666,
,specimen10,tibia,pfad_policy,5deg_5mm,1,3,0.9,3.8814016078275824,1.0,0.5556875562789513,3.556193727908914,0.09440279501723126,0.9961666666666666,
,specimen10,tibia,pfad_policy,5deg_5mm,1,4,0.9,3.881401607827552,1.0,0.5556875562697687,3.579135407390877,0.0955293309816625,0.9961666666666666,
,specimen10,tibia,pfad_policy,10deg_10mm,2,0,0.9,3.8814016078586264,1.0,0.5556875567367631,3.6028559006702823,0.10071287499158643,0.9961666666666666,
,specimen10,tibia,pfad_policy,10deg_10mm,2,1,0.9,3.8814016078276596,1.0,0.555687556280263,3.463090228540586,0.0961065249866806,0.9961666666666666,
,specimen10,tibia,pfad_policy,10deg_10mm,2,2,0.9,3.881401607827525,1.0,0.5556875562697687,3.4970298854365303,0.09601313600433059,0.9961666666666666,
,specimen10,tibia,pfad_policy,10deg_10mm,2,3,0.9,3.8814016078275757,1.0,0.5556875562723923,3.519700087182362,0.06320128301740624,0.9961666666666666,
,specimen10,tibia,pfad_policy,10deg_10mm,2,4,0.9,3.8814016078276907,1.0,0.5556875562723923,3.579630337184465,0.09637647701310925,0.9961666666666666,
,specimen10,tibia,pfad_policy,20deg_20mm,3,0,0.9,3.8814016078275517,1.0,0.555687556268457,3.4032716465540243,0.1270671479869634,0.9961666666666666,
,specimen10,tibia,pfad_policy,20deg_20mm,3,1,0.9,3.8814016078275744,1.0,0.5556875562710806,3.5935305220338805,0.07244224598980509,0.9961666666666666,
,specimen10,tibia,pfad_policy,20deg_20mm,3,2,0.9,3.881401607827567,1.0,0.5556875562737041,3.5229095979249627,0.06832846600445919,0.9961666666666666,
,specimen10,tibia,pfad_policy,20deg_20mm,3,3,0.9,3.8814016078275895,1.0,0.5556875562710806,3.5979272202448116,0.06338120700092986,0.9961666666666666,
,specimen10,tibia,pfad_policy,20deg_20mm,3,4,0.9,3.881611450029946,1.0,0.5556095813019808,3.5396258436088086,0.14731566698173992,0.9961666666666666,
,specimen10,fibula,raw,aligned,0,0,,27.82403385917486,0.0,8.935181606000652,27.669481346755852,0.2063096429919824,0.8251666666666667,
,specimen10,fibula,raw,5deg_5mm,1,0,,27.835428879010642,0.0,8.948653568776294,27.752101029474026,0.20908694301033393,0.8251666666666667,
,specimen10,fibula,raw,5deg_5mm,1,1,,27.830428346844723,0.0,8.93687328510271,27.69621428796463,0.20654966900474392,0.8251666666666667,
,specimen10,fibula,raw,5deg_5mm,1,2,,27.825673165127334,0.0,8.937485817308245,27.61559750743238,0.20709963599801995,0.8251666666666667,
,specimen10,fibula,raw,5deg_5mm,1,3,,27.827814037450374,0.0,8.939254139308439,27.63506612422287,0.20679585300968029,0.8251666666666667,
,specimen10,fibula,raw,5deg_5mm,1,4,,27.83544583259344,0.0,8.94986194139017,27.62147490479214,0.20694699400337413,0.8251666666666667,
,specimen10,fibula,raw,10deg_10mm,2,0,,27.836913212750844,0.0,8.953332446900726,27.577806207174028,0.2106472990126349,0.8251666666666667,
,specimen10,fibula,raw,10deg_10mm,2,1,,27.837969423031232,0.0,8.95374719065828,27.762909214326555,0.2121896370081231,0.8251666666666667,
,specimen10,fibula,raw,10deg_10mm,2,2,,27.83133097850438,0.0,8.934270886169639,27.544154322116796,0.21148337901104242,0.8251666666666667,
,specimen10,fibula,raw,10deg_10mm,2,3,,27.828229994130048,0.0,8.93839276433182,27.796137321732502,0.20682300100452267,0.8251666666666667,
,specimen10,fibula,raw,10deg_10mm,2,4,,27.82892509125511,0.0,8.942646935116167,27.60714668814399,0.208606497006258,0.8251666666666667,
,specimen10,fibula,raw,20deg_20mm,3,0,,27.82732941819015,0.0,8.940093394023691,27.533256707513374,0.21117479700478725,0.8251666666666667,
,specimen10,fibula,raw,20deg_20mm,3,1,,27.83136170177487,0.0,8.934968133179868,27.746541067375098,0.2085547070018947,0.8251666666666667,
,specimen10,fibula,raw,20deg_20mm,3,2,,27.831961761104367,0.0,8.939469990553262,27.550468937696984,0.2137011740123853,0.8251666666666667,
,specimen10,fibula,raw,20deg_20mm,3,3,,27.843021055789812,0.0,8.948209460747725,28.011826626194892,0.2106351749971509,0.8251666666666667,
,specimen10,fibula,raw,20deg_20mm,3,4,,27.83377537886498,0.0,8.941391731118607,28.062678955408053,0.21087354799965397,0.8251666666666667,
,specimen10,fibula,all_refined,aligned,0,0,1.0,27.587218960414994,0.0,9.32618479513543,27.424904216923586,0.19072569999843836,0.8285,
,specimen10,fibula,all_refined,5deg_5mm,1,0,1.0,27.590104658573214,0.0,9.328006199833775,27.50228400187063,0.197561812994536,0.8285,
,specimen10,fibula,all_refined,5deg_5mm,1,1,1.0,27.587227900205573,0.0,9.32614760314656,27.44657356863517,0.1987459480005782,0.8285,
,specimen10,fibula,all_refined,5deg_5mm,1,2,1.0,27.587221469606366,0.0,9.326218504718016,27.368018068440303,0.1980626709992066,0.8285,
,specimen10,fibula,all_refined,5deg_5mm,1,3,1.0,27.589473162155592,0.0,9.32866845348049,27.388011313429715,0.20254551200196147,0.8285,
,specimen10,fibula,all_refined,5deg_5mm,1,4,1.0,27.590515705051196,0.0,9.327247262650557,27.367663014498845,0.18768474398530088,0.8285,
,specimen10,fibula,all_refined,10deg_10mm,2,0,1.0,27.58943551730281,0.0,9.328401044568915,27.320691094694734,0.19063966898829676,0.8285,
,specimen10,fibula,all_refined,10deg_10mm,2,1,1.0,27.589407495466613,0.0,9.328481387703325,27.50921294008513,0.20391114099766128,0.8285,
,specimen10,fibula,all_refined,10deg_10mm,2,2,1.0,27.590578068432947,0.0,9.327093164420539,27.294231633501884,0.19801296698278747,0.8285,
,specimen10,fibula,all_refined,10deg_10mm,2,3,1.0,27.587218366262025,0.0,9.326193309496224,27.55246947045517,0.18951157300034538,0.8285,
,specimen10,fibula,all_refined,10deg_10mm,2,4,1.0,27.58942610343317,0.0,9.328477804328278,27.36016297169409,0.19301894400268793,0.8285,
,specimen10,fibula,all_refined,20deg_20mm,3,0,1.0,27.590107550404397,0.0,9.32805112362267,27.288246694351606,0.1980788159999065,0.8285,
,specimen10,fibula,all_refined,20deg_20mm,3,1,1.0,27.587237945774564,0.0,9.326114315472035,27.510477883318366,0.20039786098641343,0.8285,
,specimen10,fibula,all_refined,20deg_20mm,3,2,1.0,27.594321830996755,0.0,9.323337171475087,27.311416355156094,0.19591218401910737,0.8285,
,specimen10,fibula,all_refined,20deg_20mm,3,3,1.0,27.589458349772684,0.0,9.328417000036241,27.766767869676347,0.19859636900946498,0.8285,
,specimen10,fibula,all_refined,20deg_20mm,3,4,1.0,27.590099333182405,0.0,9.327962262086102,27.832819037874298,0.19990688501275145,0.8285,
,specimen10,fibula,random_policy,aligned,0,0,0.9,24.96727942677935,0.0,8.267178665738944,24.803637436111337,0.19725886301603168,0.8271666666666667,
,specimen10,fibula,random_policy,5deg_5mm,1,0,0.9,24.964550392262055,0.0,8.25204516758576,24.873600024692053,0.20287556800758466,0.8271666666666667,
,specimen10,fibula,random_policy,5deg_5mm,1,1,0.9,24.963182347373667,0.0,8.268347702217776,24.81963338233459,0.2007054919959046,0.8271666666666667,
,specimen10,fibula,random_policy,5deg_5mm,1,2,0.9,24.96011570183452,0.0,8.27161009686885,24.738800933569912,0.1791800759965554,0.8271666666666667,
,specimen10,fibula,random_policy,5deg_5mm,1,3,0.9,24.962419452808838,0.0,8.270869593654965,24.759272301613443,0.20291894898400642,0.8271666666666667,
,specimen10,fibula,random_policy,5deg_5mm,1,4,0.9,24.962888990618286,0.0,8.263910286756737,24.73783106674349,0.20313964801607653,0.8271666666666667,
,specimen10,fibula,random_policy,10deg_10mm,2,0,0.9,24.962541400538132,0.0,8.269318795292456,24.68935677475589,0.18535651901038364,0.8271666666666667,
,specimen10,fibula,random_policy,10deg_10mm,2,1,0.9,24.965522233706967,0.0,8.267947316778786,24.881638618679215,0.20125567898503505,0.8271666666666667,
,specimen10,fibula,random_policy,10deg_10mm,2,2,0.9,24.96043100195924,0.0,8.268597434059128,24.657673804856476,0.18823021100251935,0.8271666666666667,
,specimen10,fibula,random_policy,10deg_10mm,2,3,0.9,24.965522060442346,0.0,8.26794682143403,24.927152139066266,0.19531029698555358,0.8271666666666667,
,specimen10,fibula,random_policy,10deg_10mm,2,4,0.9,24.96750564565646,0.0,8.260283726442466,24.73358816606225,0.17827531101647764,0.8271666666666667,
,specimen10,fibula,random_policy,20deg_20mm,3,0,0.9,24.960266424080746,0.0,8.268553940151737,24.64844545345441,0.2046935330145061,0.8271666666666667,
,specimen10,fibula,random_policy,20deg_20mm,3,1,0.9,24.963626662757395,0.0,8.256724994941598,24.858912084559623,0.17032505499082617,0.8271666666666667,
,specimen10,fibula,random_policy,20deg_20mm,3,2,0.9,24.96671913452335,0.0,8.268696230938021,24.662549285661235,0.18879547700635158,0.8271666666666667,
,specimen10,fibula,random_policy,20deg_20mm,3,3,0.9,24.960119215568046,0.0,8.268225040864374,25.12376896821835,0.20062342600431293,0.8271666666666667,
,specimen10,fibula,random_policy,20deg_20mm,3,4,0.9,24.964463072353013,0.0,8.267716577549177,25.181305909658786,0.19624951999867335,0.8271666666666667,
,specimen10,fibula,geometry_policy,aligned,0,0,1.0,27.587218960414994,0.0,9.32618479513543,27.424904216923586,0.19072569999843836,0.8285,
,specimen10,fibula,geometry_policy,5deg_5mm,1,0,1.0,27.590104658573214,0.0,9.328006199833775,27.50228400187063,0.197561812994536,0.8285,
,specimen10,fibula,geometry_policy,5deg_5mm,1,1,1.0,27.587227900205573,0.0,9.32614760314656,27.44657356863517,0.1987459480005782,0.8285,
,specimen10,fibula,geometry_policy,5deg_5mm,1,2,1.0,27.587221469606366,0.0,9.326218504718016,27.368018068440303,0.1980626709992066,0.8285,
,specimen10,fibula,geometry_policy,5deg_5mm,1,3,1.0,27.589473162155592,0.0,9.32866845348049,27.388011313429715,0.20254551200196147,0.8285,
,specimen10,fibula,geometry_policy,5deg_5mm,1,4,1.0,27.590515705051196,0.0,9.327247262650557,27.367663014498845,0.18768474398530088,0.8285,
,specimen10,fibula,geometry_policy,10deg_10mm,2,0,1.0,27.58943551730281,0.0,9.328401044568915,27.320691094694734,0.19063966898829676,0.8285,
,specimen10,fibula,geometry_policy,10deg_10mm,2,1,1.0,27.589407495466613,0.0,9.328481387703325,27.50921294008513,0.20391114099766128,0.8285,
,specimen10,fibula,geometry_policy,10deg_10mm,2,2,1.0,27.590578068432947,0.0,9.327093164420539,27.294231633501884,0.19801296698278747,0.8285,
,specimen10,fibula,geometry_policy,10deg_10mm,2,3,1.0,27.587218366262025,0.0,9.326193309496224,27.55246947045517,0.18951157300034538,0.8285,
,specimen10,fibula,geometry_policy,10deg_10mm,2,4,1.0,27.58942610343317,0.0,9.328477804328278,27.36016297169409,0.19301894400268793,0.8285,
,specimen10,fibula,geometry_policy,20deg_20mm,3,0,1.0,27.590107550404397,0.0,9.32805112362267,27.288246694351606,0.1980788159999065,0.8285,
,specimen10,fibula,geometry_policy,20deg_20mm,3,1,1.0,27.587237945774564,0.0,9.326114315472035,27.510477883318366,0.20039786098641343,0.8285,
,specimen10,fibula,geometry_policy,20deg_20mm,3,2,1.0,27.594321830996755,0.0,9.323337171475087,27.311416355156094,0.19591218401910737,0.8285,
,specimen10,fibula,geometry_policy,20deg_20mm,3,3,1.0,27.589458349772684,0.0,9.328417000036241,27.766767869676347,0.19859636900946498,0.8285,
,specimen10,fibula,geometry_policy,20deg_20mm,3,4,1.0,27.590099333182405,0.0,9.327962262086102,27.832819037874298,0.19990688501275145,0.8285,
,specimen10,fibula,pfad_policy,aligned,0,0,0.9,2.808282844476965,1.0,0.8074257611538471,2.3102627733767145,0.16330487802042626,0.9188333333333333,
,specimen10,fibula,pfad_policy,5deg_5mm,1,0,0.9,2.8084786428773367,1.0,0.8093664433061024,2.3493134724138525,0.1682278570078779,0.9188333333333333,
,specimen10,fibula,pfad_policy,5deg_5mm,1,1,0.9,2.8087790980218967,1.0,0.8093779256362196,2.299785601806013,0.16176129199448042,0.9188333333333333,
,specimen10,fibula,pfad_policy,5deg_5mm,1,2,0.9,2.8084844144871024,1.0,0.80928128739115,2.257843047421186,0.16447348200017586,0.9188333333333333,
,specimen10,fibula,pfad_policy,5deg_5mm,1,3,0.9,2.8066501776840047,1.0,0.8114420591748454,2.296099634131105,0.16174686700105667,0.9188333333333333,
,specimen10,fibula,pfad_policy,5deg_5mm,1,4,0.9,2.808365991262914,1.0,0.8091846604088679,2.263272978131182,0.16464500900474377,0.9188333333333333,
,specimen10,fibula,pfad_policy,10deg_10mm,2,0,0.9,2.8087790980219047,1.0,0.8093779256380209,2.201332612245444,0.16243415500503033,0.9188333333333333,
,specimen10,fibula,pfad_policy,10deg_10mm,2,1,0.9,2.807407034289323,1.0,0.8084264441139531,2.342429012881184,0.1665161800046917,0.9188333333333333,
,specimen10,fibula,pfad_policy,10deg_10mm,2,2,0.9,2.8084786394207586,1.0,0.8093655725589471,2.1951035445517686,0.1666300070064608,0.9188333333333333,
,specimen10,fibula,pfad_policy,10deg_10mm,2,3,0.9,2.8074070342893114,1.0,0.8084264441130514,2.40520461470491,0.1623894929944072,0.9188333333333333,
,specimen10,fibula,pfad_policy,10deg_10mm,2,4,0.9,2.8084844144871095,1.0,0.8092812873893485,2.244424004475335,0.162066019984195,0.9188333333333333,
,specimen10,fibula,pfad_policy,20deg_20mm,3,0,0.9,2.8084006545882043,1.0,0.8117008757845816,2.1198782430680465,0.16208193599595688,0.9188333333333333,
,specimen10,fibula,pfad_policy,20deg_20mm,3,1,0.9,2.808478642877331,1.0,0.8093664433061024,2.1676377167811816,0.16715786297572777,0.9188333333333333,
,specimen10,fibula,pfad_policy,20deg_20mm,3,2,0.9,2.807694556018636,1.0,0.8101755828928959,2.0682540110371157,0.16792380099650472,0.9188333333333333,
,specimen10,fibula,pfad_policy,20deg_20mm,3,3,0.9,2.8052675602803734,1.0,0.8035595839288207,2.5076534866292044,0.1589913810021244,0.9188333333333333,
,specimen10,fibula,pfad_policy,20deg_20mm,3,4,0.9,2.8074070342893096,1.0,0.8084264441103464,2.51647619181199,0.16491406000568531,0.9188333333333333,
,specimen11,foot,raw,aligned,0,0,,3.321288954201081,1.0,2.862516528094635,3.325211156577908,0.11407668399624527,0.8238333333333333,
,specimen11,foot,raw,5deg_5mm,1,0,,3.3212889542010804,1.0,2.8625165280951443,3.1468811657600635,0.10962578601902351,0.8238333333333333,
,specimen11,foot,raw,5deg_5mm,1,1,,3.3212889542010617,1.0,2.8625165280961635,3.121795990748758,0.10987560800276697,0.8238333333333333,
,specimen11,foot,raw,5deg_5mm,1,2,,3.3212889542010813,1.0,2.862516528095909,3.2495226204193846,0.10839397701784037,0.8238333333333333,
,specimen11,foot,raw,5deg_5mm,1,3,,3.321288954201086,1.0,2.8625165280948894,3.454223866127675,0.11456855898723006,0.8238333333333333,
,specimen11,foot,raw,5deg_5mm,1,4,,3.3212889542010964,1.0,2.8625165280951443,3.1014805507335974,0.10903113099629991,0.8238333333333333,
,specimen11,foot,raw,10deg_10mm,2,0,,3.321288954201057,1.0,2.8625165280953992,2.8683512479852897,0.11182144499616697,0.8238333333333333,
,specimen11,foot,raw,10deg_10mm,2,1,,3.321288954201075,1.0,2.8625165280953992,3.600656907828367,0.11667888300144114,0.8238333333333333,
,specimen11,foot,raw,10deg_10mm,2,2,,3.3212889542010964,1.0,2.8625165280943805,3.498534442120889,0.11823092499980703,0.8238333333333333,
,specimen11,foot,raw,10deg_10mm,2,3,,3.321288954201099,1.0,2.8625165280941256,3.0062389800011466,0.10780749301193282,0.8238333333333333,
,specimen11,foot,raw,10deg_10mm,2,4,,3.3212889542010955,1.0,2.862516528094635,3.1167498036814676,0.11039552802685648,0.8238333333333333,
,specimen11,foot,raw,20deg_20mm,3,0,,3.321288954201074,1.0,2.8625165280953992,2.8350173750609446,0.11601333698490635,0.8238333333333333,
,specimen11,foot,raw,20deg_20mm,3,1,,3.321288954201105,1.0,2.8625165280936162,2.4616739744469336,0.11609003102057613,0.8238333333333333,
,specimen11,foot,raw,20deg_20mm,3,2,,3.3212889542010933,1.0,2.8625165280938707,3.699324345023167,0.11370320699643344,0.8238333333333333,
,specimen11,foot,raw,20deg_20mm,3,3,,3.321288954201077,1.0,2.8625165280948894,3.340652314449331,0.1145553810056299,0.8238333333333333,
,specimen11,foot,raw,20deg_20mm,3,4,,3.3212889542010786,1.0,2.8625165280948894,2.682239842848246,0.1081722310045734,0.8238333333333333,
,specimen11,foot,all_refined,aligned,0,0,1.0,3.1042148018336104,1.0,2.6791372771112987,3.150046893337955,0.1476900849957019,0.8228333333333333,
,specimen11,foot,all_refined,5deg_5mm,1,0,1.0,3.1042148018335944,1.0,2.679137277111843,2.9890451307113963,0.14544239998213015,0.8228333333333333,
,specimen11,foot,all_refined,5deg_5mm,1,1,1.0,3.1042148018336113,1.0,2.6791372771107542,2.954007865315255,0.14473356000962667,0.8228333333333333,
,specimen11,foot,all_refined,5deg_5mm,1,2,1.0,3.104214801833604,1.0,2.6791372771115705,3.088260871474945,0.14620901297894306,0.8228333333333333,
,specimen11,foot,all_refined,5deg_5mm,1,3,1.0,3.1042148018336113,1.0,2.6791372771107542,3.273076504749689,0.14394319101120345,0.8228333333333333,
,specimen11,foot,all_refined,5deg_5mm,1,4,1.0,3.1042148018336233,1.0,2.6791372771110264,2.9393923934517106,0.14585217801504768,0.8228333333333333,
,specimen11,foot,all_refined,10deg_10mm,2,0,1.0,3.1042148018335873,1.0,2.6791372771112987,2.717712881624449,0.1464850440097507,0.8228333333333333,
,specimen11,foot,all_refined,10deg_10mm,2,1,1.0,3.104214801833586,1.0,2.679137277111843,3.4110306198084426,0.14770508397486992,0.8228333333333333,
,specimen11,foot,all_refined,10deg_10mm,2,2,1.0,3.104214801833589,1.0,2.679137277111843,3.3032146935173676,0.14102111200918444,0.8228333333333333,
,specimen11,foot,all_refined,10deg_10mm,2,3,1.0,3.1042148018336064,1.0,2.679137277111843,2.8637743268315465,0.11582024398376234,0.8228333333333333,
,specimen11,foot,all_refined,10deg_10mm,2,4,1.0,3.1042148018336126,1.0,2.6791372771112987,2.934924928870533,0.14569045099779032,0.8228333333333333,
,specimen11,foot,all_refined,20deg_20mm,3,0,1.0,3.104214801833639,1.0,2.679137277109938,2.6929686754692472,0.14727531600510702,0.8228333333333333,
,specimen11,foot,all_refined,20deg_20mm,3,1,1.0,3.1042148018336246,1.0,2.679137277109938,2.326809276430048,0.1460570900235325,0.8228333333333333,
,specimen11,foot,all_refined,20deg_20mm,3,2,1.0,3.104214801833593,1.0,2.6791372771112987,3.5384483319320785,0.1505554960167501,0.8228333333333333,
,specimen11,foot,all_refined,20deg_20mm,3,3,1.0,3.104214801833599,1.0,2.6791372771107542,3.1879963955372084,0.14665966597385705,0.8228333333333333,
,specimen11,foot,all_refined,20deg_20mm,3,4,1.0,3.104214801833632,1.0,2.6791372771110264,2.575512607347932,0.14820822500041686,0.8228333333333333,
,specimen11,foot,random_policy,aligned,0,0,0.9,3.0833392383239038,1.0,2.597768047427686,3.257573155809521,0.12475274599273689,0.8261666666666667,
,specimen11,foot,random_policy,5deg_5mm,1,0,0.9,3.083339238323886,1.0,2.5977680474279667,3.103402569945999,0.12337810400640592,0.8261666666666667,
,specimen11,foot,random_policy,5deg_5mm,1,1,0.9,3.0833392383239313,1.0,2.597768047427686,3.0707864760135557,0.1447227640019264,0.8261666666666667,
,specimen11,foot,random_policy,5deg_5mm,1,2,0.9,3.0833392383239135,1.0,2.597768047427686,3.196358095889288,0.14439087599748746,0.8261666666666667,
,specimen11,foot,random_policy,5deg_5mm,1,3,0.9,3.083339238323921,1.0,2.5977680474271247,3.373343664861445,0.1449371190101374,0.8261666666666667,
,specimen11,foot,random_policy,5deg_5mm,1,4,0.9,3.0833392383239335,1.0,2.5977680474262828,3.0561332155329284,0.14256393699906766,0.8261666666666667,
,specimen11,foot,random_policy,10deg_10mm,2,0,0.9,3.083339238323928,1.0,2.5977680474274054,2.8452015643162887,0.14654518099268898,0.8261666666666667,
,specimen11,foot,random_policy,10deg_10mm,2,1,0.9,3.083339238323916,1.0,2.597768047427686,3.5086315546839786,0.14699776298948564,0.8261666666666667,
,specimen11,foot,random_policy,10deg_10mm,2,2,0.9,3.0833392383239078,1.0,2.597768047427686,3.405617844804974,0.14484167101909406,0.8261666666666667,
,specimen11,foot,random_policy,10deg_10mm,2,3,0.9,3.083339238323953,1.0,2.5977680474260016,2.984176069697035,0.14609575498616323,0.8261666666666667,
,specimen11,foot,random_policy,10deg_10mm,2,4,0.9,3.0833392383239198,1.0,2.5977680474279667,3.0543271730393564,0.14526065401150845,0.8261666666666667,
,specimen11,foot,random_policy,20deg_20mm,3,0,0.9,3.0833392383238842,1.0,2.5977680474279667,2.8258015184653256,0.15224207000574097,0.8261666666666667,
,specimen11,foot,random_policy,20deg_20mm,3,1,0.9,3.083339238323921,1.0,2.5977680474262828,2.4770140470381405,0.145324712008005,0.8261666666666667,
,specimen11,foot,random_policy,20deg_20mm,3,2,0.9,3.0833392383239087,1.0,2.597768047426844,3.6277436090518957,0.15050266499747522,0.8261666666666667,
,specimen11,foot,random_policy,20deg_20mm,3,3,0.9,3.0833392383239113,1.0,2.597768047426844,3.276345430227876,0.1298723490035627,0.8261666666666667,
,specimen11,foot,random_policy,20deg_20mm,3,4,0.9,3.0833392383239175,1.0,2.5977680474265634,2.704378914860351,0.14532959097414277,0.8261666666666667,
,specimen11,foot,geometry_policy,aligned,0,0,1.0,3.1042148018336104,1.0,2.6791372771112987,3.150046893337955,0.1476900849957019,0.8228333333333333,
,specimen11,foot,geometry_policy,5deg_5mm,1,0,1.0,3.1042148018335944,1.0,2.679137277111843,2.9890451307113963,0.14544239998213015,0.8228333333333333,
,specimen11,foot,geometry_policy,5deg_5mm,1,1,1.0,3.1042148018336113,1.0,2.6791372771107542,2.954007865315255,0.14473356000962667,0.8228333333333333,
,specimen11,foot,geometry_policy,5deg_5mm,1,2,1.0,3.104214801833604,1.0,2.6791372771115705,3.088260871474945,0.14620901297894306,0.8228333333333333,
,specimen11,foot,geometry_policy,5deg_5mm,1,3,1.0,3.1042148018336113,1.0,2.6791372771107542,3.273076504749689,0.14394319101120345,0.8228333333333333,
,specimen11,foot,geometry_policy,5deg_5mm,1,4,1.0,3.1042148018336233,1.0,2.6791372771110264,2.9393923934517106,0.14585217801504768,0.8228333333333333,
,specimen11,foot,geometry_policy,10deg_10mm,2,0,1.0,3.1042148018335873,1.0,2.6791372771112987,2.717712881624449,0.1464850440097507,0.8228333333333333,
,specimen11,foot,geometry_policy,10deg_10mm,2,1,1.0,3.104214801833586,1.0,2.679137277111843,3.4110306198084426,0.14770508397486992,0.8228333333333333,
,specimen11,foot,geometry_policy,10deg_10mm,2,2,1.0,3.104214801833589,1.0,2.679137277111843,3.3032146935173676,0.14102111200918444,0.8228333333333333,
,specimen11,foot,geometry_policy,10deg_10mm,2,3,1.0,3.1042148018336064,1.0,2.679137277111843,2.8637743268315465,0.11582024398376234,0.8228333333333333,
,specimen11,foot,geometry_policy,10deg_10mm,2,4,1.0,3.1042148018336126,1.0,2.6791372771112987,2.934924928870533,0.14569045099779032,0.8228333333333333,
,specimen11,foot,geometry_policy,20deg_20mm,3,0,1.0,3.104214801833639,1.0,2.679137277109938,2.6929686754692472,0.14727531600510702,0.8228333333333333,
,specimen11,foot,geometry_policy,20deg_20mm,3,1,1.0,3.1042148018336246,1.0,2.679137277109938,2.326809276430048,0.1460570900235325,0.8228333333333333,
,specimen11,foot,geometry_policy,20deg_20mm,3,2,1.0,3.104214801833593,1.0,2.6791372771112987,3.5384483319320785,0.1505554960167501,0.8228333333333333,
,specimen11,foot,geometry_policy,20deg_20mm,3,3,1.0,3.104214801833599,1.0,2.6791372771107542,3.1879963955372084,0.14665966597385705,0.8228333333333333,
,specimen11,foot,geometry_policy,20deg_20mm,3,4,1.0,3.104214801833632,1.0,2.6791372771110264,2.575512607347932,0.14820822500041686,0.8228333333333333,
,specimen11,foot,pfad_policy,aligned,0,0,0.9,4.6018088500198795,1.0,3.9126018722314697,3.385130777682022,0.13489464900339954,0.8653333333333333,
,specimen11,foot,pfad_policy,5deg_5mm,1,0,0.9,4.601808850019889,1.0,3.9126018722318427,3.1397050547950935,0.13521348300855607,0.8653333333333333,
,specimen11,foot,pfad_policy,5deg_5mm,1,1,0.9,4.5949842136660095,1.0,3.9099741002659094,3.1077776011132343,0.11311476799892262,0.8653333333333333,
,specimen11,foot,pfad_policy,5deg_5mm,1,2,0.9,4.594984213666031,1.0,3.909974100265537,3.259584649560134,0.11738811299437657,0.8653333333333333,
,specimen11,foot,pfad_policy,5deg_5mm,1,3,0.9,4.594984213666012,1.0,3.909974100265163,3.5390337411553308,0.1126583100121934,0.8653333333333333,
,specimen11,foot,pfad_policy,5deg_5mm,1,4,0.9,4.594984213666028,1.0,3.909974100265537,3.073705891225139,0.11354282399406657,0.8653333333333333,
,specimen11,foot,pfad_policy,10deg_10mm,2,0,0.9,4.5949842136660255,1.0,3.90997410026535,2.761215555790335,0.1299672260065563,0.8653333333333333,
,specimen11,foot,pfad_policy,10deg_10mm,2,1,0.9,4.5949842136660335,1.0,3.909974100265163,3.7959989585313685,0.1139896209933795,0.8653333333333333,
,specimen11,foot,pfad_policy,10deg_10mm,2,2,0.9,4.594984213666015,1.0,3.90997410026535,3.678210801866993,0.13127351400908083,0.8653333333333333,
,specimen11,foot,pfad_policy,10deg_10mm,2,3,0.9,4.594984213666036,1.0,3.909974100265163,2.9505106230805214,0.1316270630049985,0.8653333333333333,
,specimen11,foot,pfad_policy,10deg_10mm,2,4,0.9,4.601808850019868,1.0,3.9126018722314697,3.1189770645824524,0.13431568699888885,0.8653333333333333,
,specimen11,foot,pfad_policy,20deg_20mm,3,0,0.9,4.594984213666027,1.0,3.9099741002659094,2.851230151950081,0.13165267399745062,0.8653333333333333,
,specimen11,foot,pfad_policy,20deg_20mm,3,1,0.9,4.594984213666013,1.0,3.909974100265537,2.3001217901002127,0.13224294898100197,0.8653333333333333,
,specimen11,foot,pfad_policy,20deg_20mm,3,2,0.9,4.601808850019843,1.0,3.9126018722318427,3.8770593309994146,0.1382160719949752,0.8653333333333333,
,specimen11,foot,pfad_policy,20deg_20mm,3,3,0.9,4.594984213666011,1.0,3.90997410026535,3.3561500469209053,0.1294522089883685,0.8653333333333333,
,specimen11,foot,pfad_policy,20deg_20mm,3,4,0.9,4.601808850019861,1.0,3.912601872232589,2.4797374993079258,0.13353310999809764,0.8653333333333333,
,specimen11,tibia,raw,aligned,0,0,,1.5645032433231354,1.0,1.7520349720066077,0.63784197728117,0.0950221219973173,0.8415,
,specimen11,tibia,raw,5deg_5mm,1,0,,1.5645032433257846,1.0,1.7520349719770636,0.7299244037728196,0.0977389489999041,0.8415,
,specimen11,tibia,raw,5deg_5mm,1,1,,1.5645032433257637,1.0,1.7520349719778958,0.7526399318918222,0.09845848500845022,0.8415,
,specimen11,tibia,raw,5deg_5mm,1,2,,1.564503243325802,1.0,1.7520349719758153,0.5174526197013617,0.0969029129773844,0.8415,
,specimen11,tibia,raw,5deg_5mm,1,3,,1.5645032433257617,1.0,1.7520349719791442,0.6646972484519879,0.09579104598378763,0.8415,
,specimen11,tibia,raw,5deg_5mm,1,4,,1.564503243325759,1.0,1.7520349719791442,0.7446673751172691,0.09649768899544142,0.8415,
,specimen11,tibia,raw,10deg_10mm,2,0,,23.434615744534064,0.0,6.538721707803458,13.325703603258535,0.25520980401779525,0.6755,
,specimen11,tibia,raw,10deg_10mm,2,1,,1.5645032433253618,1.0,1.7520349719858022,0.5913224227557301,0.09625770398997702,0.8415,
,specimen11,tibia,raw,10deg_10mm,2,2,,1.5645032433257728,1.0,1.7520349719774797,0.5028425890970695,0.0958120770228561,0.8415,
,specimen11,tibia,raw,10deg_10mm,2,3,,1.564503243325384,1.0,1.7520349719841375,0.9118927522700805,0.09547381900483742,0.8415,
,specimen11,tibia,raw,10deg_10mm,2,4,,23.42684696058182,0.0,6.28069192275921,13.700741121606033,0.26709897301043384,0.6751666666666667,
,specimen11,tibia,raw,20deg_20mm,3,0,,1.5645032433257702,1.0,1.7520349719766475,1.0011447458881433,0.09678215198800899,0.8415,
,specimen11,tibia,raw,20deg_20mm,3,1,,1.5645032433257882,1.0,1.752034971978728,0.9755049023197608,0.10056600900134072,0.8415,
,specimen11,tibia,raw,20deg_20mm,3,2,,23.42087301466025,0.0,6.538285960063296,15.247160218531867,0.2707369810086675,0.6753333333333333,
,specimen11,tibia,raw,20deg_20mm,3,3,,1.5645032433231114,1.0,1.7520349720061914,0.8224382051319409,0.10472646899870597,0.8415,
,specimen11,tibia,raw,20deg_20mm,3,4,,23.42080099059937,0.0,6.537891908873205,12.05559249453755,0.2542795840126928,0.6753333333333333,
,specimen11,tibia,all_refined,aligned,0,0,1.0,1.6738312880487207,1.0,1.7174873268640118,0.7767367424435583,0.054998651990899816,0.8415,
,specimen11,tibia,all_refined,5deg_5mm,1,0,1.0,1.6738312880487274,1.0,1.717487326863163,0.8592376671118699,0.05464378898614086,0.8415,
,specimen11,tibia,all_refined,5deg_5mm,1,1,1.0,1.6738312880487265,1.0,1.7174873268644364,0.8785663363496546,0.05694489099550992,0.8415,
,specimen11,tibia,all_refined,5deg_5mm,1,2,1.0,1.673831288048699,1.0,1.7174873268644364,0.670492464681722,0.055776660999981686,0.8415,
,specimen11,tibia,all_refined,5deg_5mm,1,3,1.0,1.6738312880486939,1.0,1.7174873268640118,0.8005954225299197,0.05527895700652152,0.8415,
,specimen11,tibia,all_refined,5deg_5mm,1,4,1.0,1.6738312880487387,1.0,1.7174873268644364,0.8726367379593549,0.057622124993940815,0.8415,
,specimen11,tibia,all_refined,10deg_10mm,2,0,1.0,23.62806224880945,0.0,5.82710307553387,13.614694517483587,0.2524540399899706,0.6685,
,specimen11,tibia,all_refined,10deg_10mm,2,1,1.0,1.6738312880486885,1.0,1.7174873268640118,0.7350403172654555,0.06044234198634513,0.8415,
,specimen11,tibia,all_refined,10deg_10mm,2,2,1.0,1.673831288048696,1.0,1.717487326863163,0.6542840310935213,0.059726601000875235,0.8415,
,specimen11,tibia,all_refined,10deg_10mm,2,3,1.0,1.673831288048703,1.0,1.7174873268640118,1.0260292189448081,0.05993602497619577,0.8415,
,specimen11,tibia,all_refined,10deg_10mm,2,4,1.0,23.749711107363,0.0,5.720119971431153,14.14670210736441,0.2534699810203165,0.6683333333333333,
,specimen11,tibia,all_refined,20deg_20mm,3,0,1.0,1.6738312880487283,1.0,1.7174873268640118,1.099004408507032,0.06043240800499916,0.8415,
,specimen11,tibia,all_refined,20deg_20mm,3,1,1.0,1.6738312880486874,1.0,1.7174873268635875,1.0836892072971738,0.06831699999747798,0.8415,
,specimen11,tibia,all_refined,20deg_20mm,3,2,1.0,23.69363997930937,0.0,5.784225858145335,14.988928830135416,0.24523530300939456,0.6688333333333333,
,specimen11,tibia,all_refined,20deg_20mm,3,3,1.0,1.6738312880487365,1.0,1.7174873268640118,0.9409968691747874,0.07221243699314073,0.8415,
,specimen11,tibia,all_refined,20deg_20mm,3,4,1.0,23.703446869605127,0.0,5.790389183749734,12.34406154020172,0.23025226101162843,0.6686666666666666,
,specimen11,tibia,random_policy,aligned,0,0,0.9,1.6494431370399387,1.0,1.9331650070609863,0.7190234715069219,0.12302364301285706,0.8376666666666667,
,specimen11,tibia,random_policy,5deg_5mm,1,0,0.9,1.649443137039886,1.0,1.933165007060609,0.8097546516160498,0.12123216700274497,0.8376666666666667,
,specimen11,tibia,random_policy,5deg_5mm,1,1,0.9,1.6494431370399643,1.0,1.9331650070628719,0.8406084309038645,0.12620039301691577,0.8376666666666667,
,specimen11,tibia,random_policy,5deg_5mm,1,2,0.9,1.6494431370399467,1.0,1.9331650070609863,0.6036762987722637,0.12554679898312315,0.8376666666666667,
,specimen11,tibia,random_policy,5deg_5mm,1,3,0.9,1.6494431370398974,1.0,1.9331650070628719,0.7467685513156053,0.12442793601076119,0.8376666666666667,
,specimen11,tibia,random_policy,5deg_5mm,1,4,0.9,1.6494431370399487,1.0,1.9331650070591004,0.8253412537594566,0.12282405601581559,0.8376666666666667,
,specimen11,tibia,random_policy,10deg_10mm,2,0,0.9,23.462177149445814,0.0,6.305348873805318,13.417325325801913,0.24262671900214627,0.6666666666666666,
,specimen11,tibia,random_policy,10deg_10mm,2,1,0.9,1.649443137039934,1.0,1.933165007061363,0.6677367198056637,0.12558435299433768,0.8376666666666667,
,specimen11,tibia,random_policy,10deg_10mm,2,2,0.9,1.6494431370399107,1.0,1.933165007061363,0.5793888884160879,0.1235212990141008,0.8376666666666667,
,specimen11,tibia,random_policy,10deg_10mm,2,3,0.9,1.6494431370399054,1.0,1.9331650070609863,1.000959891762237,0.12708867000765167,0.8376666666666667,
,specimen11,tibia,random_policy,10deg_10mm,2,4,0.9,23.461600677740027,0.0,6.212140121076036,13.868171899937229,0.25351447399589233,0.6668333333333333,
,specimen11,tibia,random_policy,20deg_20mm,3,0,0.9,1.6494431370399596,1.0,1.9331650070617403,1.0920311755239092,0.12673441000515595,0.8376666666666667,
,specimen11,tibia,random_policy,20deg_20mm,3,1,0.9,1.6494431370399127,1.0,1.933165007060609,1.0767122574275603,0.12934959700214677,0.8376666666666667,
,specimen11,tibia,random_policy,20deg_20mm,3,2,0.9,23.45761072392605,0.0,6.287954416068765,15.187160856311328,0.24816604499937966,0.6663333333333333,
,specimen11,tibia,random_policy,20deg_20mm,3,3,0.9,1.6494431370399236,1.0,1.933165007064003,0.9022329243455722,0.1288905370165594,0.8376666666666667,
,specimen11,tibia,random_policy,20deg_20mm,3,4,0.9,23.459148739038618,0.0,6.2941123648481465,12.104474564418776,0.24412039297749288,0.6663333333333333,
,specimen11,tibia,geometry_policy,aligned,0,0,1.0,1.6738312880487207,1.0,1.7174873268640118,0.7767367424435583,0.054998651990899816,0.8415,
,specimen11,tibia,geometry_policy,5deg_5mm,1,0,1.0,1.6738312880487274,1.0,1.717487326863163,0.8592376671118699,0.05464378898614086,0.8415,
,specimen11,tibia,geometry_policy,5deg_5mm,1,1,1.0,1.6738312880487265,1.0,1.7174873268644364,0.8785663363496546,0.05694489099550992,0.8415,
,specimen11,tibia,geometry_policy,5deg_5mm,1,2,1.0,1.673831288048699,1.0,1.7174873268644364,0.670492464681722,0.055776660999981686,0.8415,
,specimen11,tibia,geometry_policy,5deg_5mm,1,3,1.0,1.6738312880486939,1.0,1.7174873268640118,0.8005954225299197,0.05527895700652152,0.8415,
,specimen11,tibia,geometry_policy,5deg_5mm,1,4,1.0,1.6738312880487387,1.0,1.7174873268644364,0.8726367379593549,0.057622124993940815,0.8415,
,specimen11,tibia,geometry_policy,10deg_10mm,2,0,1.0,23.62806224880945,0.0,5.82710307553387,13.614694517483587,0.2524540399899706,0.6685,
,specimen11,tibia,geometry_policy,10deg_10mm,2,1,1.0,1.6738312880486885,1.0,1.7174873268640118,0.7350403172654555,0.06044234198634513,0.8415,
,specimen11,tibia,geometry_policy,10deg_10mm,2,2,1.0,1.673831288048696,1.0,1.717487326863163,0.6542840310935213,0.059726601000875235,0.8415,
,specimen11,tibia,geometry_policy,10deg_10mm,2,3,1.0,1.673831288048703,1.0,1.7174873268640118,1.0260292189448081,0.05993602497619577,0.8415,
,specimen11,tibia,geometry_policy,10deg_10mm,2,4,1.0,23.749711107363,0.0,5.720119971431153,14.14670210736441,0.2534699810203165,0.6683333333333333,
,specimen11,tibia,geometry_policy,20deg_20mm,3,0,1.0,1.6738312880487283,1.0,1.7174873268640118,1.099004408507032,0.06043240800499916,0.8415,
,specimen11,tibia,geometry_policy,20deg_20mm,3,1,1.0,1.6738312880486874,1.0,1.7174873268635875,1.0836892072971738,0.06831699999747798,0.8415,
,specimen11,tibia,geometry_policy,20deg_20mm,3,2,1.0,23.69363997930937,0.0,5.784225858145335,14.988928830135416,0.24523530300939456,0.6688333333333333,
,specimen11,tibia,geometry_policy,20deg_20mm,3,3,1.0,1.6738312880487365,1.0,1.7174873268640118,0.9409968691747874,0.07221243699314073,0.8415,
,specimen11,tibia,geometry_policy,20deg_20mm,3,4,1.0,23.703446869605127,0.0,5.790389183749734,12.34406154020172,0.23025226101162843,0.6686666666666666,
,specimen11,tibia,pfad_policy,aligned,0,0,0.9,1.6820340911775105,1.0,1.861092196186219,0.7431772371340328,0.06833587298751809,0.9101666666666667,
,specimen11,tibia,pfad_policy,5deg_5mm,1,0,0.9,1.682034091177505,1.0,1.8610921961866107,0.8329239123039981,0.07047019398305565,0.9101666666666667,
,specimen11,tibia,pfad_policy,5deg_5mm,1,1,0.9,1.6820340911775116,1.0,1.8610921961866107,0.8573701375875006,0.0713356579944957,0.9101666666666667,
,specimen11,tibia,pfad_policy,5deg_5mm,1,2,0.9,1.6820340911775022,1.0,1.8610921961870026,0.6284682725364718,0.072496617998695,0.9101666666666667,
,specimen11,tibia,pfad_policy,5deg_5mm,1,3,0.9,1.6820340911775198,1.0,1.8610921961870026,0.769539561530777,0.0719903510180302,0.9101666666666667,
,specimen11,tibia,pfad_policy,5deg_5mm,1,4,0.9,1.68203409117752,1.0,1.8610921961858273,0.8477193732044176,0.07116555300308391,0.9101666666666667,
,specimen11,tibia,pfad_policy,10deg_10mm,2,0,0.9,1.6820340911775102,1.0,1.8610921961850437,0.6512569076427999,0.0912048610043712,0.9101666666666667,
,specimen11,tibia,pfad_policy,10deg_10mm,2,1,0.9,1.6820340911775136,1.0,1.861092196186219,0.6966566882765794,0.07397103300900199,0.9101666666666667,
,specimen11,tibia,pfad_policy,10deg_10mm,2,2,0.9,1.6820340911775156,1.0,1.8610921961858273,0.6108313545991665,0.07009985001059249,0.9101666666666667,
,specimen11,tibia,pfad_policy,10deg_10mm,2,3,0.9,1.6820340911775096,1.0,1.8610921961870026,1.0163512795450182,0.07203550700796768,0.9101666666666667,
,specimen11,tibia,pfad_policy,10deg_10mm,2,4,0.9,23.336477374402918,0.0,6.208563681047136,13.91227064375625,0.23607693499070592,0.7325,
,specimen11,tibia,pfad_policy,20deg_20mm,3,0,0.9,1.6820340911775096,1.0,1.8610921961854354,1.1036767880794371,0.07290430399007164,0.9101666666666667,
,specimen11,tibia,pfad_policy,20deg_20mm,3,1,0.9,1.682034091177513,1.0,1.8610921961858273,1.083488735688772,0.08438440700410865,0.9101666666666667,
,specimen11,tibia,pfad_policy,20deg_20mm,3,2,0.9,23.326733429754672,0.0,6.238158390794768,15.216033423998425,0.22542155798873864,0.7321666666666666,
,specimen11,tibia,pfad_policy,20deg_20mm,3,3,0.9,1.6820340911775098,1.0,1.8610921961854354,0.9235218678087939,0.08935700700385496,0.9101666666666667,
,specimen11,tibia,pfad_policy,20deg_20mm,3,4,0.9,23.326269107588708,0.0,6.237149207807467,12.171017110659271,0.2265573560143821,0.7321666666666666,
,specimen11,fibula,raw,aligned,0,0,,2.2210738580032614,1.0,0.6808544891871504,2.1541575611774855,0.1350687200028915,0.8873333333333333,
,specimen11,fibula,raw,5deg_5mm,1,0,,2.2210738580032463,1.0,0.6808544891850092,2.1391077801604563,0.13422927702777088,0.8873333333333333,
,specimen11,fibula,raw,5deg_5mm,1,1,,2.2210738580032263,1.0,0.6808544891796561,2.1470371592234434,0.13452585498453118,0.8873333333333333,
,specimen11,fibula,raw,5deg_5mm,1,2,,2.221073858003222,1.0,0.6808544891839385,2.188435659741001,0.13650027799303643,0.8873333333333333,
,specimen11,fibula,raw,5deg_5mm,1,3,,2.2210738580032454,1.0,0.6808544891860799,2.128871677247381,0.1363847509783227,0.8873333333333333,
,specimen11,fibula,raw,5deg_5mm,1,4,,2.221073858003231,1.0,0.6808544891860799,2.183741626974829,0.1379648319853004,0.8873333333333333,
,specimen11,fibula,raw,10deg_10mm,2,0,,2.221073858003262,1.0,0.6808544891860799,2.2185676886504337,0.14161761300056241,0.8873333333333333,
,specimen11,fibula,raw,10deg_10mm,2,1,,2.221073858003263,1.0,0.6808544891882211,2.161101536540144,0.14638606799417175,0.8873333333333333,
,specimen11,fibula,raw,10deg_10mm,2,2,,2.2210738580032454,1.0,0.6808544891860799,2.2178446257829094,0.1350013529881835,0.8873333333333333,
,specimen11,fibula,raw,10deg_10mm,2,3,,2.2210738580032703,1.0,0.6808544891882211,2.1587637618725255,0.13822449601138942,0.8873333333333333,
,specimen11,fibula,raw,10deg_10mm,2,4,,2.2210738580032316,1.0,0.6808544891796561,2.1584365794082054,0.13796210300642997,0.8873333333333333,
,specimen11,fibula,raw,20deg_20mm,3,0,,2.221073858003227,1.0,0.6808544891796561,2.084987267417687,0.14316779500222765,0.8873333333333333,
,specimen11,fibula,raw,20deg_20mm,3,1,,2.2210738580032405,1.0,0.6808544891850092,2.0650670728128393,0.1395881219941657,0.8873333333333333,
,specimen11,fibula,raw,20deg_20mm,3,2,,2.2210738580032054,1.0,0.680854489182868,2.055263063429998,0.14936486800434068,0.8873333333333333,
,specimen11,fibula,raw,20deg_20mm,3,3,,2.221073858003251,1.0,0.6808544891796561,2.1488009770289076,0.13791946999845095,0.8873333333333333,
,specimen11,fibula,raw,20deg_20mm,3,4,,2.2210738579932334,1.0,0.6808544891967863,2.0805085935762464,0.15218989001004957,0.8873333333333333,
,specimen11,fibula,all_refined,aligned,0,0,1.0,2.1813011900981913,1.0,0.776461841628067,2.108642177382787,0.1323819069948513,0.8745,
,specimen11,fibula,all_refined,5deg_5mm,1,0,1.0,2.181301190098216,1.0,0.7764618416308834,2.091254009424906,0.13253599597373977,0.8745,
,specimen11,fibula,all_refined,5deg_5mm,1,1,1.0,2.181301190098201,1.0,0.7764618416318222,2.100539887072854,0.1314284979889635,0.8745,
,specimen11,fibula,all_refined,5deg_5mm,1,2,1.0,2.181301190098209,1.0,0.7764618416336998,2.14823797378487,0.1334984769928269,0.8745,
,specimen11,fibula,all_refined,5deg_5mm,1,3,1.0,2.181301190098206,1.0,0.7764618416308834,2.0797622952314434,0.1354919300065376,0.8745,
,specimen11,fibula,all_refined,5deg_5mm,1,4,1.0,2.1813011900982064,1.0,0.7764618416299446,2.1427674323796,0.13229781898553483,0.8745,
,specimen11,fibula,all_refined,10deg_10mm,2,0,1.0,2.1813011900981936,1.0,0.7764618416243118,2.1826471631509805,0.13641474000178277,0.8745,
,specimen11,fibula,all_refined,10deg_10mm,2,1,1.0,2.181301190098173,1.0,0.7764618416261894,2.1170979581971485,0.1352584270061925,0.8745,
,specimen11,fibula,all_refined,10deg_10mm,2,2,1.0,2.181301190098206,1.0,0.7764618416308834,2.1824705951257592,0.1318178999936208,0.8745,
,specimen11,fibula,all_refined,10deg_10mm,2,3,1.0,2.181301190098181,1.0,0.7764618416308834,2.114890847552686,0.13380125098046847,0.8745,
,specimen11,fibula,all_refined,10deg_10mm,2,4,1.0,2.1813011900982033,1.0,0.7764618416299446,2.1146871836096546,0.13267018599435687,0.8745,
,specimen11,fibula,all_refined,20deg_20mm,3,0,1.0,2.181301190098234,1.0,0.7764618416271282,2.0296326979255737,0.13362121197860688,0.8745,
,specimen11,fibula,all_refined,20deg_20mm,3,1,1.0,2.1813011900981865,1.0,0.7764618416261894,2.005371721224613,0.13447823000024073,0.8745,
,specimen11,fibula,all_refined,20deg_20mm,3,2,1.0,2.1813011900981953,1.0,0.7764618416243118,1.9961076628617311,0.15041553101036698,0.8745,
,specimen11,fibula,all_refined,20deg_20mm,3,3,1.0,2.181301190098247,1.0,0.7764618416261894,2.1047817378379348,0.13261868502013385,0.8745,
,specimen11,fibula,all_refined,20deg_20mm,3,4,1.0,2.1813011900982118,1.0,0.7764618416318222,2.0252170423320828,0.1500006809947081,0.8745,
,specimen11,fibula,random_policy,aligned,0,0,0.9,2.0489872374458633,1.0,0.7884558505239875,1.971290969580052,0.1307607260241639,0.8748333333333334,
,specimen11,fibula,random_policy,5deg_5mm,1,0,0.9,2.0489872374458438,1.0,0.7884558505304592,1.9529034409070916,0.13099558799876831,0.8748333333333334,
,specimen11,fibula,random_policy,5deg_5mm,1,1,0.9,2.048987237445838,1.0,0.7884558505304592,1.9619768352140596,0.132226518006064,0.8748333333333334,
,specimen11,fibula,random_policy,5deg_5mm,1,2,0.9,2.048987237445853,1.0,0.7884558505286101,2.013788905498866,0.1312810060044285,0.8748333333333334,
,specimen11,fibula,random_policy,5deg_5mm,1,3,0.9,2.0489872374458495,1.0,0.7884558505276855,1.9400181380901802,0.11735660702106543,0.8748333333333334,
,specimen11,fibula,random_policy,5deg_5mm,1,4,0.9,2.0489872374458566,1.0,0.7884558505276855,2.0084368363919562,0.13768882499425672,0.8748333333333334,
,specimen11,fibula,random_policy,10deg_10mm,2,0,0.9,2.0489872374458717,1.0,0.7884558505295346,2.0504279822298814,0.1317380359978415,0.8748333333333334,
,specimen11,fibula,random_policy,10deg_10mm,2,1,0.9,2.048987237445844,1.0,0.7884558505239875,1.9795473435815092,0.13286055799107999,0.8748333333333334,
,specimen11,fibula,random_policy,10deg_10mm,2,2,0.9,2.0489872374458584,1.0,0.7884558505239875,2.0516587347981754,0.13264537398936227,0.8748333333333334,
,specimen11,fibula,random_policy,10deg_10mm,2,3,0.9,2.0489872374458673,1.0,0.7884558505286101,1.9787592309930013,0.13148944100248627,0.8748333333333334,
,specimen11,fibula,random_policy,10deg_10mm,2,4,0.9,2.0489872374458495,1.0,0.7884558505286101,1.9795417581218984,0.13211971099372022,0.8748333333333334,
,specimen11,fibula,random_policy,20deg_20mm,3,0,0.9,2.0489872374458655,1.0,0.7884558505239875,1.883340379052488,0.1342941280163359,0.8748333333333334,
,specimen11,fibula,random_policy,20deg_20mm,3,1,0.9,2.048987237445861,1.0,0.7884558505276855,1.8586486475382482,0.12071420301799662,0.8748333333333334,
,specimen11,fibula,random_policy,20deg_20mm,3,2,0.9,13.211545655739178,0.0,32.606938542119295,18.577393276905635,0.20881890499731526,0.8055,
,specimen11,fibula,random_policy,20deg_20mm,3,3,0.9,2.048987237445877,1.0,0.788455850524912,1.9691566848054824,0.12206926799262874,0.8748333333333334,
,specimen11,fibula,random_policy,20deg_20mm,3,4,0.9,13.225419869756122,0.0,32.61622246329358,19.721684575251206,0.2118172280024737,0.8055,
,specimen11,fibula,geometry_policy,aligned,0,0,1.0,2.1813011900981913,1.0,0.776461841628067,2.108642177382787,0.1323819069948513,0.8745,
,specimen11,fibula,geometry_policy,5deg_5mm,1,0,1.0,2.181301190098216,1.0,0.7764618416308834,2.091254009424906,0.13253599597373977,0.8745,
,specimen11,fibula,geometry_policy,5deg_5mm,1,1,1.0,2.181301190098201,1.0,0.7764618416318222,2.100539887072854,0.1314284979889635,0.8745,
,specimen11,fibula,geometry_policy,5deg_5mm,1,2,1.0,2.181301190098209,1.0,0.7764618416336998,2.14823797378487,0.1334984769928269,0.8745,
,specimen11,fibula,geometry_policy,5deg_5mm,1,3,1.0,2.181301190098206,1.0,0.7764618416308834,2.0797622952314434,0.1354919300065376,0.8745,
,specimen11,fibula,geometry_policy,5deg_5mm,1,4,1.0,2.1813011900982064,1.0,0.7764618416299446,2.1427674323796,0.13229781898553483,0.8745,
,specimen11,fibula,geometry_policy,10deg_10mm,2,0,1.0,2.1813011900981936,1.0,0.7764618416243118,2.1826471631509805,0.13641474000178277,0.8745,
,specimen11,fibula,geometry_policy,10deg_10mm,2,1,1.0,2.181301190098173,1.0,0.7764618416261894,2.1170979581971485,0.1352584270061925,0.8745,
,specimen11,fibula,geometry_policy,10deg_10mm,2,2,1.0,2.181301190098206,1.0,0.7764618416308834,2.1824705951257592,0.1318178999936208,0.8745,
,specimen11,fibula,geometry_policy,10deg_10mm,2,3,1.0,2.181301190098181,1.0,0.7764618416308834,2.114890847552686,0.13380125098046847,0.8745,
,specimen11,fibula,geometry_policy,10deg_10mm,2,4,1.0,2.1813011900982033,1.0,0.7764618416299446,2.1146871836096546,0.13267018599435687,0.8745,
,specimen11,fibula,geometry_policy,20deg_20mm,3,0,1.0,2.181301190098234,1.0,0.7764618416271282,2.0296326979255737,0.13362121197860688,0.8745,
,specimen11,fibula,geometry_policy,20deg_20mm,3,1,1.0,2.1813011900981865,1.0,0.7764618416261894,2.005371721224613,0.13447823000024073,0.8745,
,specimen11,fibula,geometry_policy,20deg_20mm,3,2,1.0,2.1813011900981953,1.0,0.7764618416243118,1.9961076628617311,0.15041553101036698,0.8745,
,specimen11,fibula,geometry_policy,20deg_20mm,3,3,1.0,2.181301190098247,1.0,0.7764618416261894,2.1047817378379348,0.13261868502013385,0.8745,
,specimen11,fibula,geometry_policy,20deg_20mm,3,4,1.0,2.1813011900982118,1.0,0.7764618416318222,2.0252170423320828,0.1500006809947081,0.8745,
,specimen11,fibula,pfad_policy,aligned,0,0,0.9,2.4987098156391783,1.0,0.2354507528048063,2.461804312259007,0.10516732500400394,0.9475,
,specimen11,fibula,pfad_policy,5deg_5mm,1,0,0.9,2.498709815639184,1.0,0.23545075282338168,2.457963923028817,0.1068031020113267,0.9475,
,specimen11,fibula,pfad_policy,5deg_5mm,1,1,0.9,2.4987098156391476,1.0,0.2354507528048063,2.4609579364444834,0.10607507100212388,0.9475,
,specimen11,fibula,pfad_policy,5deg_5mm,1,2,0.9,2.498709815639108,1.0,0.2354507528079022,2.470109471268917,0.1063293989864178,0.9475,
,specimen11,fibula,pfad_policy,5deg_5mm,1,3,0.9,2.498709815639127,1.0,0.2354507528109981,2.455116985617742,0.10622197701013647,0.9475,
,specimen11,fibula,pfad_policy,5deg_5mm,1,4,0.9,2.4987098156391663,1.0,0.2354507528264776,2.468258627653849,0.10482281798613258,0.9475,
,specimen11,fibula,pfad_policy,10deg_10mm,2,0,0.9,2.498709815639137,1.0,0.2354507528048063,2.4798052761800404,0.10537561000091955,0.9475,
,specimen11,fibula,pfad_policy,10deg_10mm,2,1,0.9,2.4987098156391463,1.0,0.23545075280171038,2.463842150770217,0.10589070597779937,0.9475,
,specimen11,fibula,pfad_policy,10deg_10mm,2,2,0.9,2.498709815639121,1.0,0.2354507528048063,2.474708813634613,0.10463614901527762,0.9475,
,specimen11,fibula,pfad_policy,10deg_10mm,2,3,0.9,2.49870981563912,1.0,0.2354507528109981,2.458348559677142,0.10652052299701609,0.9475,
,specimen11,fibula,pfad_policy,10deg_10mm,2,4,0.9,2.4987098156391068,1.0,0.23545075280171038,2.4575116620462145,0.10617327698855661,0.9475,
,specimen11,fibula,pfad_policy,20deg_20mm,3,0,0.9,2.498709815639162,1.0,0.2354507527986145,2.4538381961843525,0.10819238901603967,0.9475,
,specimen11,fibula,pfad_policy,20deg_20mm,3,1,0.9,2.498709815639124,1.0,0.2354507527986145,2.4470708472326748,0.10742310300702229,0.9475,
,specimen11,fibula,pfad_policy,20deg_20mm,3,2,0.9,2.4987098156397662,1.0,0.2354507528048063,2.43994621199432,0.09658608899917454,0.9475,
,specimen11,fibula,pfad_policy,20deg_20mm,3,3,0.9,2.4987098156391303,1.0,0.2354507527862309,2.450289333907803,0.10598225600551814,0.9475,
,specimen11,fibula,pfad_policy,20deg_20mm,3,4,0.9,2.498709815639704,1.0,0.23545075280171038,2.4478557704917683,0.09702324398676865,0.9475,
,specimen12,foot,raw,aligned,0,0,,2.206586137746642,1.0,1.8529198239498654,3.7752711905725223,0.09751897197565995,0.9775,
,specimen12,foot,raw,5deg_5mm,1,0,,2.2065861377466582,1.0,1.8529198239490787,3.897626895317796,0.09317894699051976,0.9775,
,specimen12,foot,raw,5deg_5mm,1,1,,2.206586137746667,1.0,1.852919823948685,3.795207760583687,0.09443546200054698,0.9775,
,specimen12,foot,raw,5deg_5mm,1,2,,2.2065861377467066,1.0,1.852919823947898,3.8104057127758404,0.09190798498457298,0.9775,
,specimen12,foot,raw,5deg_5mm,1,3,,2.206586137746664,1.0,1.8529198239490787,3.7879963741148828,0.09214995501679368,0.9775,
,specimen12,foot,raw,5deg_5mm,1,4,,2.2065861377466387,1.0,1.8529198239498654,3.708775775530845,0.09416391100967303,0.9775,
,specimen12,foot,raw,10deg_10mm,2,0,,2.2065861377466955,1.0,1.8529198239482914,3.539959202316525,0.09571562899509445,0.9775,
,specimen12,foot,raw,10deg_10mm,2,1,,2.2065861377466494,1.0,1.852919823948685,3.475925012073605,0.09495548499398865,0.9775,
,specimen12,foot,raw,10deg_10mm,2,2,,2.206586137746622,1.0,1.8529198239494717,3.5445316507772957,0.09876100497785956,0.9775,
,specimen12,foot,raw,10deg_10mm,2,3,,2.2065861377466995,1.0,1.852919823947898,3.4593839663993253,0.09355348200188018,0.9775,
,specimen12,foot,raw,10deg_10mm,2,4,,2.2065861377466542,1.0,1.852919823948685,3.6283405678182867,0.09503379798843525,0.9775,
,specimen12,foot,raw,20deg_20mm,3,0,,2.206586137746694,0.0,1.852919823947898,4.358097247978427,0.09679564399993978,0.9775,
,specimen12,foot,raw,20deg_20mm,3,1,,2.206586137746626,0.0,1.852919823948685,4.0831882538842486,0.09609043999807909,0.9775,
,specimen12,foot,raw,20deg_20mm,3,2,,2.20658613774666,1.0,1.852919823947898,3.535786040206951,0.09372661300585605,0.9775,
,specimen12,foot,raw,20deg_20mm,3,3,,2.2065861377466347,0.0,1.8529198239490787,4.268134260498613,0.09680709801614285,0.9775,
,specimen12,foot,raw,20deg_20mm,3,4,,2.2065861377466476,0.0,1.8529198239490787,4.0572673197047635,0.09628063900163397,0.9775,
,specimen12,foot,all_refined,aligned,0,0,1.0,2.138542919689066,1.0,1.72918147753884,3.698066030099088,0.07848378800554201,0.977,
,specimen12,foot,all_refined,5deg_5mm,1,0,1.0,2.1385429196890597,1.0,1.729181477540948,3.8133803563522517,0.07936792800319381,0.977,
,specimen12,foot,all_refined,5deg_5mm,1,1,1.0,2.138542919689093,1.0,1.7291814775392615,3.722887198447815,0.09491072501987219,0.977,
,specimen12,foot,all_refined,5deg_5mm,1,2,1.0,2.13854291968906,1.0,1.729181477540948,3.7264254572104853,0.07987922299071215,0.977,
,specimen12,foot,all_refined,5deg_5mm,1,3,1.0,2.1385429196891033,1.0,1.7291814775392615,3.706918079442416,0.08032105397433043,0.977,
,specimen12,foot,all_refined,5deg_5mm,1,4,1.0,2.138542919689086,1.0,1.7291814775401049,3.63159264316568,0.08059301198227331,0.977,
,specimen12,foot,all_refined,10deg_10mm,2,0,1.0,2.1385429196891246,1.0,1.7291814775384184,3.4777032975460638,0.07857478500227444,0.977,
,specimen12,foot,all_refined,10deg_10mm,2,1,1.0,2.138542919689074,1.0,1.729181477540948,3.4142999478446074,0.09293868401437066,0.977,
,specimen12,foot,all_refined,10deg_10mm,2,2,1.0,2.1385429196890424,1.0,1.7291814775396832,3.479857150708272,0.09151907698833384,0.977,
,specimen12,foot,all_refined,10deg_10mm,2,3,1.0,2.138542919689064,1.0,1.7291814775401049,3.401368792490522,0.07950959698064253,0.977,
,specimen12,foot,all_refined,10deg_10mm,2,4,1.0,2.1385429196890704,1.0,1.7291814775405265,3.5500273226898784,0.08062130000325851,0.977,
,specimen12,foot,all_refined,20deg_20mm,3,0,1.0,2.1385429196890784,0.0,1.7291814775392615,4.234642187413497,0.08226789798936807,0.977,
,specimen12,foot,all_refined,20deg_20mm,3,1,1.0,2.138542919689114,1.0,1.7291814775401049,3.966392813592523,0.09475002100225538,0.977,
,specimen12,foot,all_refined,20deg_20mm,3,2,1.0,2.138542919689078,1.0,1.72918147753884,3.45202427992991,0.0803377480187919,0.977,
,specimen12,foot,all_refined,20deg_20mm,3,3,1.0,2.138542919689092,0.0,1.7291814775401049,4.147469877350826,0.08410272499895655,0.977,
,specimen12,foot,all_refined,20deg_20mm,3,4,1.0,2.138542919689083,1.0,1.7291814775396832,3.959148870635045,0.0818231800221838,0.977,
,specimen12,foot,random_policy,aligned,0,0,0.9,2.093816015111233,1.0,1.6646272029326272,3.608656488581331,0.09237309399759397,0.9771666666666666,
,specimen12,foot,random_policy,5deg_5mm,1,0,0.9,2.093816015111294,1.0,1.6646272029326272,3.7179704745538897,0.09192549798171967,0.9771666666666666,
,specimen12,foot,random_policy,5deg_5mm,1,1,0.9,2.0938160151112726,1.0,1.6646272029326272,3.6257446672670657,0.09182653998141177,0.9771666666666666,
,specimen12,foot,random_policy,5deg_5mm,1,2,0.9,2.093816015111203,1.0,1.6646272029352551,3.6409273705472165,0.09351084701484069,0.9771666666666666,
,specimen12,foot,random_policy,5deg_5mm,1,3,0.9,2.0938160151112117,1.0,1.6646272029335034,3.6206199973646496,0.09355999299441464,0.9771666666666666,
,specimen12,foot,random_policy,5deg_5mm,1,4,0.9,2.09381601511119,1.0,1.6646272029352551,3.5493664733164914,0.0941065119986888,0.9771666666666666,
,specimen12,foot,random_policy,10deg_10mm,2,0,0.9,2.0938160151112246,1.0,1.6646272029308755,3.3977423214162443,0.09510537001187913,0.9771666666666666,
,specimen12,foot,random_policy,10deg_10mm,2,1,0.9,2.093816015111191,1.0,1.6646272029326272,3.340755143628899,0.09476498499861918,0.9771666666666666,
,specimen12,foot,random_policy,10deg_10mm,2,2,0.9,2.0938160151112526,1.0,1.664627202933065,3.4012748024861073,0.09316265300731175,0.9771666666666666,
,specimen12,foot,random_policy,10deg_10mm,2,3,0.9,2.093816015111307,1.0,1.6646272029326272,3.3255408616202757,0.09560734298429452,0.9771666666666666,
,specimen12,foot,random_policy,10deg_10mm,2,4,0.9,2.0938160151111957,1.0,1.664627202934817,3.4781705472775397,0.0956775129889138,0.9771666666666666,
,specimen12,foot,random_policy,20deg_20mm,3,0,0.9,2.0938160151112517,0.0,1.6646272029317515,4.132613700142738,0.09444458497455344,0.9771666666666666,
,specimen12,foot,random_policy,20deg_20mm,3,1,0.9,2.0938160151112215,1.0,1.664627202933065,3.8860793853479563,0.09519517899025232,0.9771666666666666,
,specimen12,foot,random_policy,20deg_20mm,3,2,0.9,2.093816015111254,1.0,1.6646272029321894,3.3962278750277215,0.09303322099731304,0.9771666666666666,
,specimen12,foot,random_policy,20deg_20mm,3,3,0.9,2.093816015111241,0.0,1.6646272029321894,4.050821901567884,0.09660869801882654,0.9771666666666666,
,specimen12,foot,random_policy,20deg_20mm,3,4,0.9,2.093816015111224,1.0,1.664627202933065,3.860454793656098,0.09368580399313942,0.9771666666666666,
,specimen12,foot,geometry_policy,aligned,0,0,1.0,2.138542919689066,1.0,1.72918147753884,3.698066030099088,0.07848378800554201,0.977,
,specimen12,foot,geometry_policy,5deg_5mm,1,0,1.0,2.1385429196890597,1.0,1.729181477540948,3.8133803563522517,0.07936792800319381,0.977,
,specimen12,foot,geometry_policy,5deg_5mm,1,1,1.0,2.138542919689093,1.0,1.7291814775392615,3.722887198447815,0.09491072501987219,0.977,
,specimen12,foot,geometry_policy,5deg_5mm,1,2,1.0,2.13854291968906,1.0,1.729181477540948,3.7264254572104853,0.07987922299071215,0.977,
,specimen12,foot,geometry_policy,5deg_5mm,1,3,1.0,2.1385429196891033,1.0,1.7291814775392615,3.706918079442416,0.08032105397433043,0.977,
,specimen12,foot,geometry_policy,5deg_5mm,1,4,1.0,2.138542919689086,1.0,1.7291814775401049,3.63159264316568,0.08059301198227331,0.977,
,specimen12,foot,geometry_policy,10deg_10mm,2,0,1.0,2.1385429196891246,1.0,1.7291814775384184,3.4777032975460638,0.07857478500227444,0.977,
,specimen12,foot,geometry_policy,10deg_10mm,2,1,1.0,2.138542919689074,1.0,1.729181477540948,3.4142999478446074,0.09293868401437066,0.977,
,specimen12,foot,geometry_policy,10deg_10mm,2,2,1.0,2.1385429196890424,1.0,1.7291814775396832,3.479857150708272,0.09151907698833384,0.977,
,specimen12,foot,geometry_policy,10deg_10mm,2,3,1.0,2.138542919689064,1.0,1.7291814775401049,3.401368792490522,0.07950959698064253,0.977,
,specimen12,foot,geometry_policy,10deg_10mm,2,4,1.0,2.1385429196890704,1.0,1.7291814775405265,3.5500273226898784,0.08062130000325851,0.977,
,specimen12,foot,geometry_policy,20deg_20mm,3,0,1.0,2.1385429196890784,0.0,1.7291814775392615,4.234642187413497,0.08226789798936807,0.977,
,specimen12,foot,geometry_policy,20deg_20mm,3,1,1.0,2.138542919689114,1.0,1.7291814775401049,3.966392813592523,0.09475002100225538,0.977,
,specimen12,foot,geometry_policy,20deg_20mm,3,2,1.0,2.138542919689078,1.0,1.72918147753884,3.45202427992991,0.0803377480187919,0.977,
,specimen12,foot,geometry_policy,20deg_20mm,3,3,1.0,2.138542919689092,0.0,1.7291814775401049,4.147469877350826,0.08410272499895655,0.977,
,specimen12,foot,geometry_policy,20deg_20mm,3,4,1.0,2.138542919689083,1.0,1.7291814775396832,3.959148870635045,0.0818231800221838,0.977,
,specimen12,foot,pfad_policy,aligned,0,0,0.9,2.2359916314699553,1.0,1.9073086174994491,3.8454470190803898,0.05985415499890223,1.0,
,specimen12,foot,pfad_policy,5deg_5mm,1,0,0.9,2.2359916314699557,1.0,1.9073086175002136,3.970983874240041,0.05963550999877043,1.0,
,specimen12,foot,pfad_policy,5deg_5mm,1,1,0.9,2.236916912902299,1.0,1.9077172568654122,3.871286465780048,0.04388254901277833,1.0,
,specimen12,foot,pfad_policy,5deg_5mm,1,2,0.9,2.235991631469956,1.0,1.907308617499831,3.8810351402276484,0.06073180100065656,1.0,
,specimen12,foot,pfad_policy,5deg_5mm,1,3,0.9,2.235991631469947,1.0,1.9073086175009781,3.8591444568894575,0.059663746011210606,1.0,
,specimen12,foot,pfad_policy,5deg_5mm,1,4,0.9,2.2359916314699437,1.0,1.9073086175002136,3.7728122626597766,0.060010935994796455,1.0,
,specimen12,foot,pfad_policy,10deg_10mm,2,0,0.9,2.235991631469944,1.0,1.9073086175002136,3.6058131463774012,0.05866254499414936,1.0,
,specimen12,foot,pfad_policy,10deg_10mm,2,1,0.9,2.235991631469936,1.0,1.9073086175005958,3.533623815558276,0.06069689500145614,1.0,
,specimen12,foot,pfad_policy,10deg_10mm,2,2,0.9,2.2369169129022777,1.0,1.9077172568657943,3.603848182778115,0.04167355998652056,1.0,
,specimen12,foot,pfad_policy,10deg_10mm,2,3,0.9,2.235991631469956,1.0,1.907308617499831,3.5179038093781174,0.0611240369908046,1.0,
,specimen12,foot,pfad_policy,10deg_10mm,2,4,0.9,2.2359916314699397,1.0,1.9073086174994491,3.685824008490377,0.05827459300053306,1.0,
,specimen12,foot,pfad_policy,20deg_20mm,3,0,0.9,2.2359916314699104,0.0,1.9073086175002136,4.446157743652174,0.06189506300142966,1.0,
,specimen12,foot,pfad_policy,20deg_20mm,3,1,0.9,2.2359916314699273,0.0,1.9073086175002136,4.146446650410262,0.06116665599984117,1.0,
,specimen12,foot,pfad_policy,20deg_20mm,3,2,0.9,2.2359916314699366,1.0,1.9073086175002136,3.5805844229143475,0.06162992000463419,1.0,
,specimen12,foot,pfad_policy,20deg_20mm,3,3,0.9,2.2359916314699277,0.0,1.9073086175005958,4.343044919705723,0.06273795099696144,1.0,
,specimen12,foot,pfad_policy,20deg_20mm,3,4,0.9,2.2369169129022843,0.0,1.9077172568646477,4.146438102649112,0.04436446001636796,1.0,
,specimen12,tibia,raw,aligned,0,0,,2.636903244229173,1.0,1.8795600515806041,1.9762390657369355,0.11333160998765379,0.9758333333333333,
,specimen12,tibia,raw,5deg_5mm,1,0,,2.6369032442291593,1.0,1.879560051579828,2.0185665485893765,0.11511919597978704,0.9758333333333333,
,specimen12,tibia,raw,5deg_5mm,1,1,,2.636572088127358,1.0,1.875137389257177,1.919053667152141,0.10816228401381522,0.9758333333333333,
,specimen12,tibia,raw,5deg_5mm,1,2,,2.6369032442292153,1.0,1.8795600515802162,1.9151115967268337,0.11406466999324039,0.9758333333333333,
,specimen12,tibia,raw,5deg_5mm,1,3,,2.6369032442291984,1.0,1.8795600515825435,1.948582624449248,0.11110757000278682,0.9758333333333333,
,specimen12,tibia,raw,5deg_5mm,1,4,,2.636903244229168,1.0,1.8795600515786643,1.9927682446421344,0.15262170298956335,0.9758333333333333,
,specimen12,tibia,raw,10deg_10mm,2,0,,2.6369032442292135,1.0,1.8795600515806041,1.9191180580942673,0.111874305002857,0.9758333333333333,
,specimen12,tibia,raw,10deg_10mm,2,1,,2.636903244229145,1.0,1.8795600515790525,1.9088477831765436,0.11844535000273027,0.9758333333333333,
,specimen12,tibia,raw,10deg_10mm,2,2,,2.6365720881274064,1.0,1.8751373892575658,2.1264833133814123,0.15365399600705132,0.9758333333333333,
,specimen12,tibia,raw,10deg_10mm,2,3,,2.636903244229172,1.0,1.8795600515806041,2.014893699733895,0.11165191902546212,0.9758333333333333,
,specimen12,tibia,raw,10deg_10mm,2,4,,2.63690324422921,1.0,1.879560051579828,1.9221710167057042,0.11746602298808284,0.9758333333333333,
,specimen12,tibia,raw,20deg_20mm,3,0,,2.6381213960094443,1.0,1.876092900059209,1.7879111693748944,0.17991549699218012,0.9758333333333333,
,specimen12,tibia,raw,20deg_20mm,3,1,,2.6369032442291913,1.0,1.8795600515809918,2.1674445462157492,0.11852487400756218,0.9758333333333333,
,specimen12,tibia,raw,20deg_20mm,3,2,,34.020879420310614,0.0,34.74892832191344,27.790869790721377,0.2760257020127028,0.7336666666666667,
,specimen12,tibia,raw,20deg_20mm,3,3,,2.6369032442292046,1.0,1.8795600515790525,2.256510044183136,0.11497732100542635,0.9758333333333333,
,specimen12,tibia,raw,20deg_20mm,3,4,,2.636903244229191,1.0,1.8795600515802162,2.131905875023678,0.12837171199498698,0.9758333333333333,
,specimen12,tibia,all_refined,aligned,0,0,1.0,2.854953161443905,1.0,1.502490137452615,2.3156373708764155,0.06955857502180152,0.9733333333333334,
,specimen12,tibia,all_refined,5deg_5mm,1,0,1.0,2.8549531614440586,1.0,1.5024901374574668,2.353319843268849,0.10197503300150856,0.9733333333333334,
,specimen12,tibia,all_refined,5deg_5mm,1,1,1.0,2.8549531614441044,1.0,1.5024901374569817,2.266013654215943,0.10498192699742503,0.9733333333333334,
,specimen12,tibia,all_refined,5deg_5mm,1,2,1.0,2.854953161443932,1.0,1.502490137452615,2.2639166942357942,0.06865901598939672,0.9733333333333334,
,specimen12,tibia,all_refined,5deg_5mm,1,3,1.0,2.854953161889123,1.0,1.502490142907269,2.2930133629480745,0.09967309699277394,0.9733333333333334,
,specimen12,tibia,all_refined,5deg_5mm,1,4,1.0,2.8549531614440844,1.0,1.5024901374564963,2.32720414283936,0.10288822499569505,0.9733333333333334,
,specimen12,tibia,all_refined,10deg_10mm,2,0,1.0,2.854953161444018,1.0,1.5024901374564963,2.265626637318585,0.10724702701554634,0.9733333333333334,
,specimen12,tibia,all_refined,10deg_10mm,2,1,1.0,2.8549531614439134,1.0,1.5024901374511592,2.2487632419604227,0.08098837197758257,0.9733333333333334,
,specimen12,tibia,all_refined,10deg_10mm,2,2,1.0,2.8549531618891737,1.0,1.5024901429053281,2.4349890703694896,0.10207707600784488,0.9733333333333334,
,specimen12,tibia,all_refined,10deg_10mm,2,3,1.0,2.854953161889198,1.0,1.5024901429082393,2.3375622055998733,0.10125878700637259,0.9733333333333334,
,specimen12,tibia,all_refined,10deg_10mm,2,4,1.0,2.8549531618892243,1.0,1.5024901429101802,2.2664000573067073,0.10308767200331204,0.9733333333333334,
,specimen12,tibia,all_refined,20deg_20mm,3,0,1.0,2.8549531614526877,1.0,1.5024901375409219,2.1289426866745127,0.18515782200847752,0.9733333333333334,
,specimen12,tibia,all_refined,20deg_20mm,3,1,1.0,2.854953161444038,1.0,1.5024901374545556,2.4509279487824904,0.1091963549843058,0.9733333333333334,
,specimen12,tibia,all_refined,20deg_20mm,3,2,1.0,33.43407657980531,0.0,30.250307467547472,25.80155214753026,0.2713493909977842,0.7286666666666667,
,specimen12,tibia,all_refined,20deg_20mm,3,3,1.0,2.8549531618891635,1.0,1.5024901429087245,2.5150385157861623,0.10316768698976375,0.9733333333333334,
,specimen12,tibia,all_refined,20deg_20mm,3,4,1.0,2.8549531618891555,1.0,1.5024901429062985,2.438539531025398,0.10809190300642513,0.9733333333333334,
,specimen12,tibia,random_policy,aligned,0,0,0.9,2.5074491212501666,1.0,1.3162084187074254,1.9832187694656676,0.08662445098161697,0.9755,
,specimen12,tibia,random_policy,5deg_5mm,1,0,0.9,2.5074555257427633,1.0,1.3162155704766698,2.0179979983877545,0.12539165100315586,0.9755,
,specimen12,tibia,random_policy,5deg_5mm,1,1,0.9,2.507455525742756,1.0,1.316215570476116,1.931868154814821,0.12463680098881014,0.9755,
,specimen12,tibia,random_policy,5deg_5mm,1,2,0.9,2.5074491212501764,1.0,1.3162084187074254,1.92935498396524,0.08919187399442308,0.9755,
,specimen12,tibia,random_policy,5deg_5mm,1,3,0.9,2.5074555257427553,1.0,1.3162155704783314,1.9571823578648455,0.12593570500030182,0.9755,
,specimen12,tibia,random_policy,5deg_5mm,1,4,0.9,2.5074555257427416,1.0,1.316215570480547,1.994530638179785,0.12431187299080193,0.9755,
,specimen12,tibia,random_policy,10deg_10mm,2,0,0.9,2.507455525742793,1.0,1.3162155704788852,1.9253049312118213,0.1274139250162989,0.9755,
,specimen12,tibia,random_policy,10deg_10mm,2,1,0.9,2.507449121250145,1.0,1.3162084187063177,1.921808523556769,0.09682170100859366,0.9755,
,specimen12,tibia,random_policy,10deg_10mm,2,2,0.9,2.5074555257427775,1.0,1.316215570479993,2.099917349828053,0.12435391600592993,0.9755,
,specimen12,tibia,random_policy,10deg_10mm,2,3,0.9,2.5074555257427424,1.0,1.3162155704783314,2.0077342294533302,0.12316842301515862,0.9755,
,specimen12,tibia,random_policy,10deg_10mm,2,4,0.9,2.507455525742769,1.0,1.3162155704783314,1.9326823201873977,0.12411285401321948,0.9755,
,specimen12,tibia,random_policy,20deg_20mm,3,0,0.9,2.507212213628453,1.0,1.3159753692211833,1.7829697269242444,0.22519525297684595,0.9755,
,specimen12,tibia,random_policy,20deg_20mm,3,1,0.9,2.507455525742795,1.0,1.3162155704777776,2.1190873497698095,0.12605386099312454,0.9755,
,specimen12,tibia,random_policy,20deg_20mm,3,2,0.9,34.046090461468104,0.0,32.08434300991769,26.873269522324584,0.2701822220114991,0.7236666666666667,
,specimen12,tibia,random_policy,20deg_20mm,3,3,0.9,2.5074555257427527,1.0,1.3162155704772238,2.184734108247776,0.12868979599443264,0.9755,
,specimen12,tibia,random_policy,20deg_20mm,3,4,0.9,2.507455525742753,1.0,1.3162155704766698,2.0909704161994567,0.13518900601775385,0.9755,
,specimen12,tibia,geometry_policy,aligned,0,0,1.0,2.854953161443905,1.0,1.502490137452615,2.3156373708764155,0.06955857502180152,0.9733333333333334,
,specimen12,tibia,geometry_policy,5deg_5mm,1,0,1.0,2.8549531614440586,1.0,1.5024901374574668,2.353319843268849,0.10197503300150856,0.9733333333333334,
,specimen12,tibia,geometry_policy,5deg_5mm,1,1,1.0,2.8549531614441044,1.0,1.5024901374569817,2.266013654215943,0.10498192699742503,0.9733333333333334,
,specimen12,tibia,geometry_policy,5deg_5mm,1,2,1.0,2.854953161443932,1.0,1.502490137452615,2.2639166942357942,0.06865901598939672,0.9733333333333334,
,specimen12,tibia,geometry_policy,5deg_5mm,1,3,1.0,2.854953161889123,1.0,1.502490142907269,2.2930133629480745,0.09967309699277394,0.9733333333333334,
,specimen12,tibia,geometry_policy,5deg_5mm,1,4,1.0,2.8549531614440844,1.0,1.5024901374564963,2.32720414283936,0.10288822499569505,0.9733333333333334,
,specimen12,tibia,geometry_policy,10deg_10mm,2,0,1.0,2.854953161444018,1.0,1.5024901374564963,2.265626637318585,0.10724702701554634,0.9733333333333334,
,specimen12,tibia,geometry_policy,10deg_10mm,2,1,1.0,2.8549531614439134,1.0,1.5024901374511592,2.2487632419604227,0.08098837197758257,0.9733333333333334,
,specimen12,tibia,geometry_policy,10deg_10mm,2,2,1.0,2.8549531618891737,1.0,1.5024901429053281,2.4349890703694896,0.10207707600784488,0.9733333333333334,
,specimen12,tibia,geometry_policy,10deg_10mm,2,3,1.0,2.854953161889198,1.0,1.5024901429082393,2.3375622055998733,0.10125878700637259,0.9733333333333334,
,specimen12,tibia,geometry_policy,10deg_10mm,2,4,1.0,2.8549531618892243,1.0,1.5024901429101802,2.2664000573067073,0.10308767200331204,0.9733333333333334,
,specimen12,tibia,geometry_policy,20deg_20mm,3,0,1.0,2.8549531614526877,1.0,1.5024901375409219,2.1289426866745127,0.18515782200847752,0.9733333333333334,
,specimen12,tibia,geometry_policy,20deg_20mm,3,1,1.0,2.854953161444038,1.0,1.5024901374545556,2.4509279487824904,0.1091963549843058,0.9733333333333334,
,specimen12,tibia,geometry_policy,20deg_20mm,3,2,1.0,33.43407657980531,0.0,30.250307467547472,25.80155214753026,0.2713493909977842,0.7286666666666667,
,specimen12,tibia,geometry_policy,20deg_20mm,3,3,1.0,2.8549531618891635,1.0,1.5024901429087245,2.5150385157861623,0.10316768698976375,0.9733333333333334,
,specimen12,tibia,geometry_policy,20deg_20mm,3,4,1.0,2.8549531618891555,1.0,1.5024901429062985,2.438539531025398,0.10809190300642513,0.9733333333333334,
,specimen12,tibia,pfad_policy,aligned,0,0,0.9,2.1291445901941723,1.0,2.1479708659519456,1.306197387547643,0.10263064299942926,0.9978333333333333,
,specimen12,tibia,pfad_policy,5deg_5mm,1,0,0.9,2.129144590194198,1.0,2.1479708659533037,1.349580362596522,0.10137982698506676,0.9978333333333333,
,specimen12,tibia,pfad_policy,5deg_5mm,1,1,0.9,2.1291445901941737,1.0,2.1479708659509273,1.2235296731032834,0.10120920097688213,0.9978333333333333,
,specimen12,tibia,pfad_policy,5deg_5mm,1,2,0.9,2.1291445901941612,1.0,2.147970865952624,1.216096856785884,0.10276953602442518,0.9978333333333333,
,specimen12,tibia,pfad_policy,5deg_5mm,1,3,0.9,2.1291445901942034,1.0,2.1479708659533037,1.2566706104416219,0.10206703399308026,0.9978333333333333,
,specimen12,tibia,pfad_policy,5deg_5mm,1,4,0.9,2.1291445901941963,1.0,2.1479708659512666,1.3362106223384118,0.10196851001819596,0.9978333333333333,
,specimen12,tibia,pfad_policy,10deg_10mm,2,0,0.9,2.129144590194209,1.0,2.1479708659516064,1.207895220599473,0.1034491159953177,0.9978333333333333,
,specimen12,tibia,pfad_policy,10deg_10mm,2,1,0.9,2.1291445901941555,1.0,2.1479708659516064,1.2545010428136938,0.10608446100377478,0.9978333333333333,
,specimen12,tibia,pfad_policy,10deg_10mm,2,2,0.9,2.129144590194206,1.0,2.147970865952624,1.5198492101143595,0.10071146200061776,0.9978333333333333,
,specimen12,tibia,pfad_policy,10deg_10mm,2,3,0.9,2.1291445901942043,1.0,2.1479708659512666,1.39704287225576,0.10075637299451046,0.9978333333333333,
,specimen12,tibia,pfad_policy,10deg_10mm,2,4,0.9,2.1291445901941817,1.0,2.1479708659516064,1.2414692104210259,0.1022429569857195,0.9978333333333333,
,specimen12,tibia,pfad_policy,20deg_20mm,3,0,0.9,44.01025388415947,0.0,96.98310502800796,40.267490433668016,0.27140808300464414,0.7098333333333333,
,specimen12,tibia,pfad_policy,20deg_20mm,3,1,0.9,2.129144590194163,1.0,2.147970865950588,1.63213322682255,0.1028082350094337,0.9978333333333333,
,specimen12,tibia,pfad_policy,20deg_20mm,3,2,0.9,36.48737475432569,0.0,22.830510568415615,13.202044155007068,0.26693994301604107,0.697,
,specimen12,tibia,pfad_policy,20deg_20mm,3,3,0.9,2.1291445901941617,1.0,2.1479708659509273,1.7670471141746782,0.10420439700828865,0.9978333333333333,
,specimen12,tibia,pfad_policy,20deg_20mm,3,4,0.9,2.129144590194177,1.0,2.1479708659519456,1.4938931867028047,0.11076640800456516,0.9978333333333333,
,specimen12,fibula,raw,aligned,0,0,,24.051825202008768,0.0,4.642700150964023,24.00811025167057,0.16444707199116237,0.793,
,specimen12,fibula,raw,5deg_5mm,1,0,,24.051834318839653,0.0,4.642717117402232,23.97835610410837,0.19681956499698572,0.793,
,specimen12,fibula,raw,5deg_5mm,1,1,,24.048170118265332,0.0,4.6176712467374745,23.998177081096706,0.20331192799494602,0.793,
,specimen12,fibula,raw,5deg_5mm,1,2,,24.04817011826531,0.0,4.617671246737633,24.00151399259455,0.20092531200498343,0.793,
,specimen12,fibula,raw,5deg_5mm,1,3,,24.048170118263915,0.0,4.617671246740952,24.03626119547989,0.19540517701534554,0.793,
,specimen12,fibula,raw,5deg_5mm,1,4,,24.050922293207023,0.0,4.650645495834088,24.004421119057472,0.2011386709928047,0.793,
,specimen12,fibula,raw,10deg_10mm,2,0,,24.04905758849428,0.0,4.618206624297699,24.057331909640567,0.16501068000798114,0.793,
,specimen12,fibula,raw,10deg_10mm,2,1,,24.049057604518833,0.0,4.618206642113714,23.993160455634946,0.209670840005856,0.793,
,specimen12,fibula,raw,10deg_10mm,2,2,,24.05183432213289,0.0,4.642717121104063,23.98208488290653,0.20192916301311925,0.793,
,specimen12,fibula,raw,10deg_10mm,2,3,,24.050922293188645,0.0,4.650645495813533,24.08539402109708,0.17552686398266815,0.793,
,specimen12,fibula,raw,10deg_10mm,2,4,,24.05092229320387,0.0,4.650645495830008,23.99846003321492,0.1650740150071215,0.793,
,specimen12,fibula,raw,20deg_20mm,3,0,,24.05092229319865,0.0,4.650645495824674,23.9897057683945,0.19769953799550422,0.793,
,specimen12,fibula,raw,20deg_20mm,3,1,,24.045735993038083,0.0,4.622348266442604,24.172174857791816,0.21280755000771023,0.793,
,specimen12,fibula,raw,20deg_20mm,3,2,,24.049057588487166,0.0,4.6182066243212425,23.914792604508442,0.2011723569885362,0.793,
,specimen12,fibula,raw,20deg_20mm,3,3,,24.048170118260572,0.0,4.61767124673795,24.041390234389386,0.1998253880010452,0.793,
,specimen12,fibula,raw,20deg_20mm,3,4,,24.051834308206104,0.0,4.642717108250453,24.025460772022114,0.1985390070185531,0.793,
,specimen12,fibula,all_refined,aligned,0,0,1.0,24.182819142725236,0.0,5.708808449199452,24.131398065555818,0.16334923598333262,0.8031666666666667,
,specimen12,fibula,all_refined,5deg_5mm,1,0,1.0,24.181357914110478,0.0,5.694228640858314,24.106114319698737,0.15841943499981426,0.8031666666666667,
,specimen12,fibula,all_refined,5deg_5mm,1,1,1.0,24.182819142714997,0.0,5.708808449180907,24.127889320884524,0.16980972699820995,0.8031666666666667,
,specimen12,fibula,all_refined,5deg_5mm,1,2,1.0,24.18281914270681,0.0,5.70880844916607,24.129039626587442,0.16484703597961925,0.8031666666666667,
,specimen12,fibula,all_refined,5deg_5mm,1,3,1.0,24.19053925953062,0.0,5.686847126736378,24.16863941582814,0.16656381101347506,0.803,
,specimen12,fibula,all_refined,5deg_5mm,1,4,1.0,24.191430036189583,0.0,5.691847796171235,24.13900242526163,0.18866735100164078,0.803,
,specimen12,fibula,all_refined,10deg_10mm,2,0,1.0,24.191430033659465,0.0,5.691847778561578,24.19331646451753,0.19200187097885646,0.803,
,specimen12,fibula,all_refined,10deg_10mm,2,1,1.0,24.181746579456536,0.0,5.679661452304962,24.12019363866145,0.2023256219981704,0.803,
,specimen12,fibula,all_refined,10deg_10mm,2,2,1.0,24.190510882806677,0.0,5.686840691974369,24.1201767688212,0.19160978600848466,0.803,
,specimen12,fibula,all_refined,10deg_10mm,2,3,1.0,24.190539259530688,0.0,5.686847126736121,24.215304120699187,0.1399948909820523,0.803,
,specimen12,fibula,all_refined,10deg_10mm,2,4,1.0,24.181221178022344,0.0,5.670614136829022,24.12318465090322,0.19221186198410578,0.8031666666666667,
,specimen12,fibula,all_refined,20deg_20mm,3,0,1.0,24.181357914096154,0.0,5.694228640832157,24.11485739212537,0.1978536719980184,0.8031666666666667,
,specimen12,fibula,all_refined,20deg_20mm,3,1,1.0,24.182819142716102,0.0,5.70880844918257,24.309199851151405,0.20730958800413646,0.8031666666666667,
,specimen12,fibula,all_refined,20deg_20mm,3,2,1.0,24.182814930590684,0.0,5.70880841312495,24.086946909717962,0.19439282797975466,0.8031666666666667,
,specimen12,fibula,all_refined,20deg_20mm,3,3,1.0,24.19143003365941,0.0,5.691847778561578,24.207427509987888,0.19024820000049658,0.803,
,specimen12,fibula,all_refined,20deg_20mm,3,4,1.0,24.191430033659454,0.0,5.691847778561835,24.187455236854422,0.19248366498504765,0.803,
,specimen12,fibula,random_policy,aligned,0,0,0.9,22.892868553318067,0.0,3.9778156055229394,22.852546104713362,0.19260002300143242,0.7928333333333333,
,specimen12,fibula,random_policy,5deg_5mm,1,0,0.9,22.92101255426671,0.0,3.939656119009744,22.85022746638311,0.18830847798381,0.7928333333333333,
,specimen12,fibula,random_policy,5deg_5mm,1,1,0.9,22.892868553329535,0.0,3.9778156055357767,22.847279532404077,0.18836536500020884,0.7928333333333333,
,specimen12,fibula,random_policy,5deg_5mm,1,2,0.9,22.892868553329535,0.0,3.9778156055359606,22.85003157775549,0.1875775530061219,0.7928333333333333,
,specimen12,fibula,random_policy,5deg_5mm,1,3,0.9,22.892868553329688,0.0,3.9778156055352265,22.882200583955605,0.1879848770040553,0.7928333333333333,
,specimen12,fibula,random_policy,5deg_5mm,1,4,0.9,22.904882481312903,0.0,3.9622349653453903,22.862709864323538,0.15258317199186422,0.7928333333333333,
,specimen12,fibula,random_policy,10deg_10mm,2,0,0.9,22.892868553329624,0.0,3.9778156055357767,22.8982141297522,0.19614993999130093,0.7928333333333333,
,specimen12,fibula,random_policy,10deg_10mm,2,1,0.9,22.89286855331815,0.0,3.9778156055222054,22.83967332258315,0.20149164999020286,0.7928333333333333,
,specimen12,fibula,random_policy,10deg_10mm,2,2,0.9,22.907429036272067,0.0,3.9696407568607395,22.841507421179042,0.19032626401167363,0.7928333333333333,
,specimen12,fibula,random_policy,10deg_10mm,2,3,0.9,22.904882481313003,0.0,3.9622349653448388,22.94223242855501,0.18875427899183705,0.7928333333333333,
,specimen12,fibula,random_policy,10deg_10mm,2,4,0.9,22.909749179656156,0.0,3.975473825731106,22.8595881103572,0.19243642999208532,0.7928333333333333,
,specimen12,fibula,random_policy,20deg_20mm,3,0,0.9,22.926707979716173,0.0,3.9436817282417698,22.868046254208004,0.1926065449952148,0.7928333333333333,
,specimen12,fibula,random_policy,20deg_20mm,3,1,0.9,22.926707973413126,0.0,3.943681722105032,23.050228775282736,0.2018914409854915,0.7928333333333333,
,specimen12,fibula,random_policy,20deg_20mm,3,2,0.9,22.907429036271868,0.0,3.9696407568616587,22.76678151223743,0.1871881709957961,0.7928333333333333,
,specimen12,fibula,random_policy,20deg_20mm,3,3,0.9,22.904882481313013,0.0,3.962234965344654,22.881113081711646,0.18868206901242957,0.7928333333333333,
,specimen12,fibula,random_policy,20deg_20mm,3,4,0.9,22.90742903627203,0.0,3.9696407568611067,22.879852661693363,0.19176285798312165,0.7928333333333333,
,specimen12,fibula,geometry_policy,aligned,0,0,1.0,24.182819142725236,0.0,5.708808449199452,24.131398065555818,0.16334923598333262,0.8031666666666667,
,specimen12,fibula,geometry_policy,5deg_5mm,1,0,1.0,24.181357914110478,0.0,5.694228640858314,24.106114319698737,0.15841943499981426,0.8031666666666667,
,specimen12,fibula,geometry_policy,5deg_5mm,1,1,1.0,24.182819142714997,0.0,5.708808449180907,24.127889320884524,0.16980972699820995,0.8031666666666667,
,specimen12,fibula,geometry_policy,5deg_5mm,1,2,1.0,24.18281914270681,0.0,5.70880844916607,24.129039626587442,0.16484703597961925,0.8031666666666667,
,specimen12,fibula,geometry_policy,5deg_5mm,1,3,1.0,24.19053925953062,0.0,5.686847126736378,24.16863941582814,0.16656381101347506,0.803,
,specimen12,fibula,geometry_policy,5deg_5mm,1,4,1.0,24.191430036189583,0.0,5.691847796171235,24.13900242526163,0.18866735100164078,0.803,
,specimen12,fibula,geometry_policy,10deg_10mm,2,0,1.0,24.191430033659465,0.0,5.691847778561578,24.19331646451753,0.19200187097885646,0.803,
,specimen12,fibula,geometry_policy,10deg_10mm,2,1,1.0,24.181746579456536,0.0,5.679661452304962,24.12019363866145,0.2023256219981704,0.803,
,specimen12,fibula,geometry_policy,10deg_10mm,2,2,1.0,24.190510882806677,0.0,5.686840691974369,24.1201767688212,0.19160978600848466,0.803,
,specimen12,fibula,geometry_policy,10deg_10mm,2,3,1.0,24.190539259530688,0.0,5.686847126736121,24.215304120699187,0.1399948909820523,0.803,
,specimen12,fibula,geometry_policy,10deg_10mm,2,4,1.0,24.181221178022344,0.0,5.670614136829022,24.12318465090322,0.19221186198410578,0.8031666666666667,
,specimen12,fibula,geometry_policy,20deg_20mm,3,0,1.0,24.181357914096154,0.0,5.694228640832157,24.11485739212537,0.1978536719980184,0.8031666666666667,
,specimen12,fibula,geometry_policy,20deg_20mm,3,1,1.0,24.182819142716102,0.0,5.70880844918257,24.309199851151405,0.20730958800413646,0.8031666666666667,
,specimen12,fibula,geometry_policy,20deg_20mm,3,2,1.0,24.182814930590684,0.0,5.70880841312495,24.086946909717962,0.19439282797975466,0.8031666666666667,
,specimen12,fibula,geometry_policy,20deg_20mm,3,3,1.0,24.19143003365941,0.0,5.691847778561578,24.207427509987888,0.19024820000049658,0.803,
,specimen12,fibula,geometry_policy,20deg_20mm,3,4,1.0,24.191430033659454,0.0,5.691847778561835,24.187455236854422,0.19248366498504765,0.803,
,specimen12,fibula,pfad_policy,aligned,0,0,0.9,18.639057958880475,0.0,3.469985850843333,18.60355577855056,0.17991471299319528,0.8575,
,specimen12,fibula,pfad_policy,5deg_5mm,1,0,0.9,18.62593970280955,0.0,3.4721275324094503,18.568908105101876,0.17946783098159358,0.8575,
,specimen12,fibula,pfad_policy,5deg_5mm,1,1,0.9,18.640237332718034,0.0,3.472698786992407,18.602187668789448,0.1788035900099203,0.8575,
,specimen12,fibula,pfad_policy,5deg_5mm,1,2,0.9,18.640237332723945,0.0,3.4726987869926176,18.603174273048108,0.17554277001181617,0.8575,
,specimen12,fibula,pfad_policy,5deg_5mm,1,3,0.9,18.40671358762904,0.0,3.5121761689033506,18.39207855525972,0.17823453800519928,0.8571666666666666,
,specimen12,fibula,pfad_policy,5deg_5mm,1,4,0.9,18.640237332719547,0.0,3.4726987869938775,18.604432242692756,0.17796557399560697,0.8575,
,specimen12,fibula,pfad_policy,10deg_10mm,2,0,0.9,18.639057958880468,0.0,3.4699858508445938,18.63784501075555,0.17990220000501722,0.8575,
,specimen12,fibula,pfad_policy,10deg_10mm,2,1,0.9,18.63905795888055,0.0,3.469985850843543,18.59391926934239,0.18214155299938284,0.8575,
,specimen12,fibula,pfad_policy,10deg_10mm,2,2,0.9,18.64023733271857,0.0,3.4726987869926176,18.587486596493456,0.17979624698637053,0.8575,
,specimen12,fibula,pfad_policy,10deg_10mm,2,3,0.9,18.406713422009844,0.0,3.5121761482684897,18.429489608584685,0.17572106499574147,0.8571666666666666,
,specimen12,fibula,pfad_policy,10deg_10mm,2,4,0.9,18.63905795888004,0.0,3.469985850843543,18.596261605722013,0.17633115898934193,0.8575,
,specimen12,fibula,pfad_policy,20deg_20mm,3,0,0.9,18.63905795888044,0.0,3.469985850843123,18.59017375072649,0.18141805499908514,0.8575,
,specimen12,fibula,pfad_policy,20deg_20mm,3,1,0.9,18.397566943941268,0.0,3.5173772769540763,18.488958825223367,0.18476466400898062,0.857,
,specimen12,fibula,pfad_policy,20deg_20mm,3,2,0.9,18.639057958880805,0.0,3.4699858508427024,18.538715444258777,0.17802331302664243,0.8575,
,specimen12,fibula,pfad_policy,20deg_20mm,3,3,0.9,18.39756694394056,0.0,3.5173772769536615,18.380925517367984,0.17970740399323404,0.857,
,specimen12,fibula,pfad_policy,20deg_20mm,3,4,0.9,18.64023733271802,0.0,3.472698786991777,18.625316537276507,0.1781859550101217,0.8575,
,specimen13,foot,raw,aligned,0,0,,42.18728064553087,0.0,24.460219230816353,9.916905533544282,0.17487787501886487,0.7706666666666667,
,specimen13,foot,raw,5deg_5mm,1,0,,42.188136267817384,0.0,24.46027387056674,9.347643311717913,0.18483490400831215,0.7706666666666667,
,specimen13,foot,raw,5deg_5mm,1,1,,42.18728064553466,0.0,24.460219230815373,9.508575861506268,0.18088387098396197,0.7706666666666667,
,specimen13,foot,raw,5deg_5mm,1,2,,42.1775299084698,0.0,24.46740482517294,10.42102158580555,0.1776287459942978,0.7705,
,specimen13,foot,raw,5deg_5mm,1,3,,42.18728064553444,0.0,24.460219230815248,8.571036218607778,0.18157516600331292,0.7706666666666667,
,specimen13,foot,raw,5deg_5mm,1,4,,42.187280645534535,0.0,24.46021923081534,10.517234401208476,0.17713547000312246,0.7706666666666667,
,specimen13,foot,raw,10deg_10mm,2,0,,42.18728064553075,0.0,24.46021923081626,10.933632155195351,0.17446246999315917,0.7706666666666667,
,specimen13,foot,raw,10deg_10mm,2,1,,42.187280645534635,0.0,24.460219230815188,13.48011728308169,0.18052505800733343,0.7706666666666667,
,specimen13,foot,raw,10deg_10mm,2,2,,42.18728064553457,0.0,24.46021923081528,13.447208498283928,0.18249447998823598,0.7706666666666667,
,specimen13,foot,raw,10deg_10mm,2,3,,42.187280645534535,0.0,24.460219230815248,13.459319151738995,0.1760179589909967,0.7706666666666667,
,specimen13,foot,raw,10deg_10mm,2,4,,42.1872806455347,0.0,24.460219230815248,12.183980405273891,0.1776888640015386,0.7706666666666667,
,specimen13,foot,raw,20deg_20mm,3,0,,42.187280645801394,0.0,24.460219230828645,5.817308955576744,0.18553515698295087,0.7706666666666667,
,specimen13,foot,raw,20deg_20mm,3,1,,42.18728064552974,0.0,24.46021923081608,14.582913089010962,0.1730555559915956,0.7706666666666667,
,specimen13,foot,raw,20deg_20mm,3,2,,42.187280657521555,0.0,24.460219232866233,10.871100248733818,0.17137074799393304,0.7706666666666667,
,specimen13,foot,raw,20deg_20mm,3,3,,42.18728064553457,0.0,24.46021923081531,15.760199000603867,0.18040247200406156,0.7706666666666667,
,specimen13,foot,raw,20deg_20mm,3,4,,42.18728064553456,0.0,24.460219230815248,5.943599759191526,0.1805981969810091,0.7706666666666667,
,specimen13,foot,all_refined,aligned,0,0,1.0,42.43489446638053,0.0,24.5288004592406,10.04551304890291,0.17895308000152,0.7688333333333334,
,specimen13,foot,all_refined,5deg_5mm,1,0,1.0,42.43154245964879,0.0,24.5284482030853,9.48620479163054,0.17904821201227605,0.769,
,specimen13,foot,all_refined,5deg_5mm,1,1,1.0,42.43154245866716,0.0,24.52844820305208,9.654997687707406,0.18160165299195796,0.769,
,specimen13,foot,all_refined,5deg_5mm,1,2,1.0,42.43154245634765,0.0,24.528448203490676,10.530186399505508,0.18173308201949112,0.769,
,specimen13,foot,all_refined,5deg_5mm,1,3,1.0,42.43154245634488,0.0,24.52844820348994,8.711372873697936,0.175757754012011,0.769,
,specimen13,foot,all_refined,5deg_5mm,1,4,1.0,42.43154245902754,0.0,24.528448203061217,10.664469396306801,0.18024124598014168,0.769,
,specimen13,foot,all_refined,10deg_10mm,2,0,1.0,42.431542458667096,0.0,24.52844820305196,11.097561738249459,0.17881533698528074,0.769,
,specimen13,foot,all_refined,10deg_10mm,2,1,1.0,42.43154245635735,0.0,24.5284482034908,13.626074710955843,0.16376386900083162,0.769,
,specimen13,foot,all_refined,10deg_10mm,2,2,1.0,42.431542458157516,0.0,24.528448202997073,13.591281122251148,0.17878081498201936,0.769,
,specimen13,foot,all_refined,10deg_10mm,2,3,1.0,42.43154245634081,0.0,24.528448203490125,13.602566939020535,0.17942661501001567,0.769,
,specimen13,foot,all_refined,10deg_10mm,2,4,1.0,42.431542459026886,0.0,24.528448203061185,12.34713560263046,0.18298888599383645,0.769,
,specimen13,foot,all_refined,20deg_20mm,3,0,1.0,42.431542350914796,0.0,24.528448219210155,5.964765697486122,0.1783828170155175,0.769,
,specimen13,foot,all_refined,20deg_20mm,3,1,1.0,42.431542456348325,0.0,24.528448203490708,14.63832086423372,0.16888630998437293,0.769,
,specimen13,foot,all_refined,20deg_20mm,3,2,1.0,42.43154245635659,0.0,24.528448203491322,10.98153758445836,0.166732714016689,0.769,
,specimen13,foot,all_refined,20deg_20mm,3,3,1.0,42.43154245815762,0.0,24.528448202997012,15.929795641571301,0.18101233101333492,0.769,
,specimen13,foot,all_refined,20deg_20mm,3,4,1.0,42.431542459585344,0.0,24.52844820306342,6.093013138108929,0.1802730280032847,0.769,
,specimen13,foot,random_policy,aligned,0,0,0.9,43.13915679454585,0.0,24.644610668487903,10.352461064863085,0.17178687098203227,0.7678272514228323,
,specimen13,foot,random_policy,5deg_5mm,1,0,0.9,43.138685457409835,0.0,24.64420224659842,9.77456339191057,0.17335251599433832,0.7678272514228323,
,specimen13,foot,random_policy,5deg_5mm,1,1,0.9,43.13915679454613,0.0,24.644610668487964,9.995837037829643,0.1743769639870152,0.7678272514228323,
,specimen13,foot,random_policy,5deg_5mm,1,2,0.9,43.13868545740898,0.0,24.644202246598297,10.792605318763446,0.1702185120084323,0.7678272514228323,
,specimen13,foot,random_policy,5deg_5mm,1,3,0.9,43.13868545740746,0.0,24.644202246598056,9.03927011614487,0.17400010098936036,0.7678272514228323,
,specimen13,foot,random_policy,5deg_5mm,1,4,0.9,43.13868545737207,0.0,24.6442022466109,10.991107031749657,0.1766064570110757,0.7678272514228323,
,specimen13,foot,random_policy,10deg_10mm,2,0,0.9,43.13868545740855,0.0,24.644202246598297,11.490311665935208,0.17485646597924642,0.7678272514228323,
,specimen13,foot,random_policy,10deg_10mm,2,1,0.9,43.13868545737158,0.0,24.644202246610746,13.90849516083013,0.17590750800445676,0.7678272514228323,
,specimen13,foot,random_policy,10deg_10mm,2,2,0.9,43.13868545740897,0.0,24.64420224659833,13.976974742246536,0.17138885401072912,0.7678272514228323,
,specimen13,foot,random_policy,10deg_10mm,2,3,0.9,43.13868545737165,0.0,24.64420224661081,13.988208877268978,0.17589892700198106,0.7678272514228323,
,specimen13,foot,random_policy,10deg_10mm,2,4,0.9,43.13868545740753,0.0,24.644202246597963,12.701393674117195,0.17149846500251442,0.7678272514228323,
,specimen13,foot,random_policy,20deg_20mm,3,0,0.9,43.13868545740819,0.0,24.64420224659821,6.261118958201505,0.16771944100037217,0.7678272514228323,
,specimen13,foot,random_policy,20deg_20mm,3,1,0.9,43.1386854573723,0.0,24.644202246610778,15.057867936193999,0.17788953700801358,0.7678272514228323,
,specimen13,foot,random_policy,20deg_20mm,3,2,0.9,43.138685457411405,0.0,24.64420224659851,10.997400106450977,0.17621835999307223,0.7678272514228323,
,specimen13,foot,random_policy,20deg_20mm,3,3,0.9,43.138685456968716,0.0,24.644202246586524,16.158274102382418,0.16094071199768223,0.7678272514228323,
,specimen13,foot,random_policy,20deg_20mm,3,4,0.9,43.13868545735565,0.0,24.644202246608216,6.322404941583763,0.1753009639796801,0.7678272514228323,
,specimen13,foot,geometry_policy,aligned,0,0,1.0,42.43489446638053,0.0,24.5288004592406,10.04551304890291,0.17895308000152,0.7688333333333334,
,specimen13,foot,geometry_policy,5deg_5mm,1,0,1.0,42.43154245964879,0.0,24.5284482030853,9.48620479163054,0.17904821201227605,0.769,
,specimen13,foot,geometry_policy,5deg_5mm,1,1,1.0,42.43154245866716,0.0,24.52844820305208,9.654997687707406,0.18160165299195796,0.769,
,specimen13,foot,geometry_policy,5deg_5mm,1,2,1.0,42.43154245634765,0.0,24.528448203490676,10.530186399505508,0.18173308201949112,0.769,
,specimen13,foot,geometry_policy,5deg_5mm,1,3,1.0,42.43154245634488,0.0,24.52844820348994,8.711372873697936,0.175757754012011,0.769,
,specimen13,foot,geometry_policy,5deg_5mm,1,4,1.0,42.43154245902754,0.0,24.528448203061217,10.664469396306801,0.18024124598014168,0.769,
,specimen13,foot,geometry_policy,10deg_10mm,2,0,1.0,42.431542458667096,0.0,24.52844820305196,11.097561738249459,0.17881533698528074,0.769,
,specimen13,foot,geometry_policy,10deg_10mm,2,1,1.0,42.43154245635735,0.0,24.5284482034908,13.626074710955843,0.16376386900083162,0.769,
,specimen13,foot,geometry_policy,10deg_10mm,2,2,1.0,42.431542458157516,0.0,24.528448202997073,13.591281122251148,0.17878081498201936,0.769,
,specimen13,foot,geometry_policy,10deg_10mm,2,3,1.0,42.43154245634081,0.0,24.528448203490125,13.602566939020535,0.17942661501001567,0.769,
,specimen13,foot,geometry_policy,10deg_10mm,2,4,1.0,42.431542459026886,0.0,24.528448203061185,12.34713560263046,0.18298888599383645,0.769,
,specimen13,foot,geometry_policy,20deg_20mm,3,0,1.0,42.431542350914796,0.0,24.528448219210155,5.964765697486122,0.1783828170155175,0.769,
,specimen13,foot,geometry_policy,20deg_20mm,3,1,1.0,42.431542456348325,0.0,24.528448203490708,14.63832086423372,0.16888630998437293,0.769,
,specimen13,foot,geometry_policy,20deg_20mm,3,2,1.0,42.43154245635659,0.0,24.528448203491322,10.98153758445836,0.166732714016689,0.769,
,specimen13,foot,geometry_policy,20deg_20mm,3,3,1.0,42.43154245815762,0.0,24.528448202997012,15.929795641571301,0.18101233101333492,0.769,
,specimen13,foot,geometry_policy,20deg_20mm,3,4,1.0,42.431542459585344,0.0,24.52844820306342,6.093013138108929,0.1802730280032847,0.769,
,specimen13,foot,pfad_policy,aligned,0,0,0.9,32.00672963265122,0.0,22.453649929812457,6.873360372292555,0.1486796689860057,0.8002701333783555,
,specimen13,foot,pfad_policy,5deg_5mm,1,0,0.9,32.00706623778498,0.0,22.455715467486247,6.652733803514584,0.15174079799908213,0.8002701333783555,
,specimen13,foot,pfad_policy,5deg_5mm,1,1,0.9,32.00891640797237,0.0,22.453462615243403,6.2027190554910225,0.1615573090093676,0.8002701333783555,
,specimen13,foot,pfad_policy,5deg_5mm,1,2,0.9,32.000303786529344,0.0,22.452425131358027,7.8541294778570085,0.13859258199227042,0.8002701333783555,
,specimen13,foot,pfad_policy,5deg_5mm,1,3,0.9,32.00672963265122,0.0,22.453649929812524,5.513653400298129,0.14355988102033734,0.8002701333783555,
,specimen13,foot,pfad_policy,5deg_5mm,1,4,0.9,32.00672948483689,0.0,22.453649662103288,7.271551980710107,0.15269642299972475,0.8002701333783555,
,specimen13,foot,pfad_policy,10deg_10mm,2,0,0.9,32.00672948483696,0.0,22.453649662103324,6.860933094109882,0.1530649439955596,0.8002701333783555,
,specimen13,foot,pfad_policy,10deg_10mm,2,1,0.9,32.007066237784976,0.0,22.455715467486247,10.411484637060223,0.1527264440082945,0.8002701333783555,
,specimen13,foot,pfad_policy,10deg_10mm,2,2,0.9,32.00672963265115,0.0,22.45364992981249,9.192788947435721,0.15385981800500304,0.8002701333783555,
,specimen13,foot,pfad_policy,10deg_10mm,2,3,0.9,32.00030378652923,0.0,22.452425131357828,9.20029322734947,0.12136668598395772,0.8002701333783555,
,specimen13,foot,pfad_policy,10deg_10mm,2,4,0.9,32.000303786529194,0.0,22.452425131357927,8.523830576047823,0.1367794740071986,0.8002701333783555,
,specimen13,foot,pfad_policy,20deg_20mm,3,0,0.9,32.01308875271514,0.0,22.45439087470631,3.9252794366826445,0.15763188802520745,0.8002701333783555,
,specimen13,foot,pfad_policy,20deg_20mm,3,1,0.9,32.00891640797221,0.0,22.453462615243136,10.111609072377737,0.15993191898451187,0.8002701333783555,
,specimen13,foot,pfad_policy,20deg_20mm,3,2,0.9,32.00672963265119,0.0,22.45364992981259,10.387812503770137,0.15497516799950972,0.8002701333783555,
,specimen13,foot,pfad_policy,20deg_20mm,3,3,0.9,32.000303786529216,0.0,22.45242513135789,13.215563706277004,0.14250838200678118,0.8002701333783555,
,specimen13,foot,pfad_policy,20deg_20mm,3,4,0.9,32.007066237785054,0.0,22.455715467486346,4.706098925186659,0.15196678298525512,0.8002701333783555,
,specimen13,tibia,raw,aligned,0,0,,3.999178577686092,1.0,1.3810659895138089,3.7098653016385277,0.14447642798768356,0.9401666666666667,
,specimen13,tibia,raw,5deg_5mm,1,0,,3.999178577685993,1.0,1.3810659895127533,3.7443373854435067,0.14669949997914955,0.9401666666666667,
,specimen13,tibia,raw,5deg_5mm,1,1,,3.9991785776860453,1.0,1.3810659895116975,3.747157353842805,0.09524736701860093,0.9401666666666667,
,specimen13,tibia,raw,5deg_5mm,1,2,,3.999178577686023,1.0,1.3810659895127533,3.731656644818605,0.14864927300368436,0.9401666666666667,
,specimen13,tibia,raw,5deg_5mm,1,3,,3.9991785776860214,1.0,1.3810659895106419,3.6938994022871094,0.1471875139977783,0.9401666666666667,
,specimen13,tibia,raw,5deg_5mm,1,4,,3.999178577686008,1.0,1.3810659895116975,3.728958051146969,0.1491266840021126,0.9401666666666667,
,specimen13,tibia,raw,10deg_10mm,2,0,,3.9991785776860516,1.0,1.381065989510114,3.808316513185123,0.15399499799241312,0.9401666666666667,
,specimen13,tibia,raw,10deg_10mm,2,1,,3.999178577686069,1.0,1.3810659895106419,3.8297151676691907,0.1501979150052648,0.9401666666666667,
,specimen13,tibia,raw,10deg_10mm,2,2,,3.9991785776859965,1.0,1.381065989513281,3.7561725049601,0.14703480899333954,0.9401666666666667,
,specimen13,tibia,raw,10deg_10mm,2,3,,23.197912935049363,0.0,19.574373328963645,12.687005583943932,0.3297595430049114,0.6608333333333334,
,specimen13,tibia,raw,10deg_10mm,2,4,,30.986608342550785,0.0,58.144678839966474,14.24397298054171,0.3242399549926631,0.6685,
,specimen13,tibia,raw,20deg_20mm,3,0,,3.9991785776860476,1.0,1.3810659895116975,3.9467383290489835,0.14951012798701413,0.9401666666666667,
,specimen13,tibia,raw,20deg_20mm,3,1,,3.999178577686044,1.0,1.3810659895122253,3.531892150253079,0.15438703299150802,0.9401666666666667,
,specimen13,tibia,raw,20deg_20mm,3,2,,3.999178577686073,1.0,1.3810659895106419,3.643054995306293,0.1507606599770952,0.9401666666666667,
,specimen13,tibia,raw,20deg_20mm,3,3,,3.999178577686058,1.0,1.381065989510114,3.5390729688120697,0.16033063098439015,0.9401666666666667,
,specimen13,tibia,raw,20deg_20mm,3,4,,3.99917857768605,1.0,1.3810659895106419,3.5106493066108655,0.15548786698491313,0.9401666666666667,
,specimen13,tibia,all_refined,aligned,0,0,1.0,4.006335468904763,1.0,1.4090667706378293,3.7100974215991207,0.1243509940104559,0.9443333333333334,
,specimen13,tibia,all_refined,5deg_5mm,1,0,1.0,4.006335468904757,1.0,1.409066770640416,3.7453002593759046,0.1217248210159596,0.9443333333333334,
,specimen13,tibia,all_refined,5deg_5mm,1,1,1.0,4.006335468904714,1.0,1.4090667706388642,3.747805921999507,0.12451765401056036,0.9443333333333334,
,specimen13,tibia,all_refined,5deg_5mm,1,2,1.0,4.006335468904769,1.0,1.4090667706367945,3.731933811891476,0.12362871100776829,0.9443333333333334,
,specimen13,tibia,all_refined,5deg_5mm,1,3,1.0,4.006335468904724,1.0,1.4090667706378293,3.6945835503125726,0.12256498698843643,0.9443333333333334,
,specimen13,tibia,all_refined,5deg_5mm,1,4,1.0,4.006335468904771,1.0,1.409066770639899,3.7288158677907255,0.12434936902718619,0.9443333333333334,
,specimen13,tibia,all_refined,10deg_10mm,2,0,1.0,4.006335468904734,1.0,1.4090667706367945,3.8104970995609717,0.12321956298546866,0.9443333333333334,
,specimen13,tibia,all_refined,10deg_10mm,2,1,1.0,4.006335468904702,1.0,1.40906677063576,3.8319103942545847,0.12468531201011501,0.9443333333333334,
,specimen13,tibia,all_refined,10deg_10mm,2,2,1.0,4.006335468904775,1.0,1.40906677063576,3.758629782814439,0.125800681009423,0.9443333333333334,
,specimen13,tibia,all_refined,10deg_10mm,2,3,1.0,23.06919489057765,0.0,19.554433230459004,10.996460576053684,0.32546881600865163,0.6656666666666666,
,specimen13,tibia,all_refined,10deg_10mm,2,4,1.0,30.701859886283092,0.0,56.2567556079027,14.541005020915405,0.3275059869920369,0.6728333333333333,
,specimen13,tibia,all_refined,20deg_20mm,3,0,1.0,4.006335468904771,1.0,1.4090667706409334,3.9507223864160577,0.12640961501165293,0.9443333333333334,
,specimen13,tibia,all_refined,20deg_20mm,3,1,1.0,4.006335468904725,1.0,1.40906677063576,3.5287743074750755,0.13338516501244158,0.9443333333333334,
,specimen13,tibia,all_refined,20deg_20mm,3,2,1.0,4.006335468904745,1.0,1.4090667706373121,3.6454742009889682,0.13036947802174836,0.9443333333333334,
,specimen13,tibia,all_refined,20deg_20mm,3,3,1.0,4.006335468904765,1.0,1.4090667706367945,3.538548950674413,0.12798919301712885,0.9443333333333334,
,specimen13,tibia,all_refined,20deg_20mm,3,4,1.0,4.006335468904722,1.0,1.4090667706367945,3.5083373345876248,0.1309623880079016,0.9443333333333334,
,specimen13,tibia,random_policy,aligned,0,0,0.9,3.9644110935387116,1.0,1.452891594975024,3.664795959902569,0.12044253401109017,0.9456666666666667,
,specimen13,tibia,random_policy,5deg_5mm,1,0,0.9,3.9644110935386787,1.0,1.452891594975024,3.702159609309897,0.12133734801318496,0.9456666666666667,
,specimen13,tibia,random_policy,5deg_5mm,1,1,0.9,3.964411093538644,1.0,1.4528915949735188,3.7036399751104385,0.12047249099123292,0.9456666666666667,
,specimen13,tibia,random_policy,5deg_5mm,1,2,0.9,3.9644110935386645,1.0,1.452891594973017,3.686122496452913,0.12216682301368564,0.9456666666666667,
,specimen13,tibia,random_policy,5deg_5mm,1,3,0.9,3.964411093538689,1.0,1.4528915949745222,3.651000773055571,0.12148895600694232,0.9456666666666667,
,specimen13,tibia,random_policy,5deg_5mm,1,4,0.9,3.9644110935386903,1.0,1.4528915949735188,3.682009661426749,0.12260917300591245,0.9456666666666667,
,specimen13,tibia,random_policy,10deg_10mm,2,0,0.9,3.9644110935387085,1.0,1.452891594975024,3.7704117132469612,0.1227050409943331,0.9456666666666667,
,specimen13,tibia,random_policy,10deg_10mm,2,1,0.9,3.9644110935387027,1.0,1.4528915949735188,3.7910586130048647,0.12289347097976133,0.9456666666666667,
,specimen13,tibia,random_policy,10deg_10mm,2,2,0.9,3.964411093538751,1.0,1.4528915949775327,3.7197557375117145,0.12724603901733644,0.9456666666666667,
,specimen13,tibia,random_policy,10deg_10mm,2,3,0.9,23.171761830386206,0.0,20.41546933724167,11.708751131263863,0.3264010889979545,0.6715,
,specimen13,tibia,random_policy,10deg_10mm,2,4,0.9,30.6021987602671,0.0,55.554047815173426,14.294472445842876,0.3213227420055773,0.6718333333333333,
,specimen13,tibia,random_policy,20deg_20mm,3,0,0.9,3.9644110935386894,1.0,1.4528915949720134,3.912974522910498,0.126832519978052,0.9456666666666667,
,specimen13,tibia,random_policy,20deg_20mm,3,1,0.9,3.9644110935387635,1.0,1.4528915949740204,3.474303541678167,0.13203930499730632,0.9456666666666667,
,specimen13,tibia,random_policy,20deg_20mm,3,2,0.9,3.9644110935386556,1.0,1.4528915949760277,3.6076251406224134,0.12668481498258188,0.9456666666666667,
,specimen13,tibia,random_policy,20deg_20mm,3,3,0.9,3.9644110935387125,1.0,1.4528915949745222,3.491761800543728,0.1264298859750852,0.9456666666666667,
,specimen13,tibia,random_policy,20deg_20mm,3,4,0.9,3.9644110935387324,1.0,1.4528915949770311,3.4562409637761196,0.13078595898696221,0.9456666666666667,
,specimen13,tibia,geometry_policy,aligned,0,0,1.0,4.006335468904763,1.0,1.4090667706378293,3.7100974215991207,0.1243509940104559,0.9443333333333334,
,specimen13,tibia,geometry_policy,5deg_5mm,1,0,1.0,4.006335468904757,1.0,1.409066770640416,3.7453002593759046,0.1217248210159596,0.9443333333333334,
,specimen13,tibia,geometry_policy,5deg_5mm,1,1,1.0,4.006335468904714,1.0,1.4090667706388642,3.747805921999507,0.12451765401056036,0.9443333333333334,
,specimen13,tibia,geometry_policy,5deg_5mm,1,2,1.0,4.006335468904769,1.0,1.4090667706367945,3.731933811891476,0.12362871100776829,0.9443333333333334,
,specimen13,tibia,geometry_policy,5deg_5mm,1,3,1.0,4.006335468904724,1.0,1.4090667706378293,3.6945835503125726,0.12256498698843643,0.9443333333333334,
,specimen13,tibia,geometry_policy,5deg_5mm,1,4,1.0,4.006335468904771,1.0,1.409066770639899,3.7288158677907255,0.12434936902718619,0.9443333333333334,
,specimen13,tibia,geometry_policy,10deg_10mm,2,0,1.0,4.006335468904734,1.0,1.4090667706367945,3.8104970995609717,0.12321956298546866,0.9443333333333334,
,specimen13,tibia,geometry_policy,10deg_10mm,2,1,1.0,4.006335468904702,1.0,1.40906677063576,3.8319103942545847,0.12468531201011501,0.9443333333333334,
,specimen13,tibia,geometry_policy,10deg_10mm,2,2,1.0,4.006335468904775,1.0,1.40906677063576,3.758629782814439,0.125800681009423,0.9443333333333334,
,specimen13,tibia,geometry_policy,10deg_10mm,2,3,1.0,23.06919489057765,0.0,19.554433230459004,10.996460576053684,0.32546881600865163,0.6656666666666666,
,specimen13,tibia,geometry_policy,10deg_10mm,2,4,1.0,30.701859886283092,0.0,56.2567556079027,14.541005020915405,0.3275059869920369,0.6728333333333333,
,specimen13,tibia,geometry_policy,20deg_20mm,3,0,1.0,4.006335468904771,1.0,1.4090667706409334,3.9507223864160577,0.12640961501165293,0.9443333333333334,
,specimen13,tibia,geometry_policy,20deg_20mm,3,1,1.0,4.006335468904725,1.0,1.40906677063576,3.5287743074750755,0.13338516501244158,0.9443333333333334,
,specimen13,tibia,geometry_policy,20deg_20mm,3,2,1.0,4.006335468904745,1.0,1.4090667706373121,3.6454742009889682,0.13036947802174836,0.9443333333333334,
,specimen13,tibia,geometry_policy,20deg_20mm,3,3,1.0,4.006335468904765,1.0,1.4090667706367945,3.538548950674413,0.12798919301712885,0.9443333333333334,
,specimen13,tibia,geometry_policy,20deg_20mm,3,4,1.0,4.006335468904722,1.0,1.4090667706367945,3.5083373345876248,0.1309623880079016,0.9443333333333334,
,specimen13,tibia,pfad_policy,aligned,0,0,0.9,4.329854960496708,0.0,1.7395536210850513,4.010344774128623,0.10221331400680356,0.9965,
,specimen13,tibia,pfad_policy,5deg_5mm,1,0,0.9,4.3298549604969025,0.0,1.7395536210888232,4.049726024940418,0.1030635540082585,0.9965,
,specimen13,tibia,pfad_policy,5deg_5mm,1,1,0.9,4.329854960496773,0.0,1.7395536210858895,4.050074690987302,0.10525245699682273,0.9965,
,specimen13,tibia,pfad_policy,5deg_5mm,1,2,0.9,4.329854960496808,0.0,1.7395536210867275,4.031689051674858,0.10389287702855654,0.9965,
,specimen13,tibia,pfad_policy,5deg_5mm,1,3,0.9,4.329854960496801,1.0,1.7395536210837939,3.9987652125704263,0.10494734498206526,0.9965,
,specimen13,tibia,pfad_policy,5deg_5mm,1,4,0.9,4.3298549604973084,0.0,1.7395536210431417,4.02647725531774,0.10690428799716756,0.9965,
,specimen13,tibia,pfad_policy,10deg_10mm,2,0,0.9,4.329854960496828,0.0,1.739553621087566,4.12194609298337,0.055536217987537384,0.9965,
,specimen13,tibia,pfad_policy,10deg_10mm,2,1,0.9,4.329854960497309,0.0,1.739553621044399,4.142621863163079,0.10478970900294371,0.9965,
,specimen13,tibia,pfad_policy,10deg_10mm,2,2,0.9,4.329854960497274,0.0,1.739553621044399,4.072943247698662,0.10555201998795383,0.9965,
,specimen13,tibia,pfad_policy,10deg_10mm,2,3,0.9,23.4387383667953,0.0,23.872915607777824,12.856582521204428,0.30324636001023464,0.7053333333333334,
,specimen13,tibia,pfad_policy,10deg_10mm,2,4,0.9,29.631917105401275,0.0,52.4929451961633,12.671424169371589,0.3022154830105137,0.7285,
,specimen13,tibia,pfad_policy,20deg_20mm,3,0,0.9,4.329854960497768,0.0,1.7395536210502662,4.273630235072384,0.10761255800025538,0.9965,
,specimen13,tibia,pfad_policy,20deg_20mm,3,1,0.9,4.329854960497817,1.0,1.7395536210523617,3.8192575078608826,0.12024063902208582,0.9965,
,specimen13,tibia,pfad_policy,20deg_20mm,3,2,0.9,4.3298549604967365,1.0,1.7395536210850513,3.9680096380419942,0.11008035799022764,0.9965,
,specimen13,tibia,pfad_policy,20deg_20mm,3,3,0.9,4.329854960496828,1.0,1.7395536210892422,3.844395997492009,0.1104170450125821,0.9965,
,specimen13,tibia,pfad_policy,20deg_20mm,3,4,0.9,4.3298549604968235,1.0,1.7395536210892422,3.805368728489725,0.08221190399490297,0.9965,
,specimen13,fibula,raw,aligned,0,0,,11.248585139861438,0.0,4.279472437097039,11.196397560536441,0.19238350601517595,0.8108333333333333,
,specimen13,fibula,raw,5deg_5mm,1,0,,11.205106241855095,0.0,4.264136230104605,11.126469149042075,0.20512565301032737,0.8106666666666666,
,specimen13,fibula,raw,5deg_5mm,1,1,,11.20510624173747,0.0,4.264136230104092,11.195850803617596,0.2037075890111737,0.8106666666666666,
,specimen13,fibula,raw,5deg_5mm,1,2,,11.205106241855153,0.0,4.264136230105119,11.185582586821184,0.20440995000535622,0.8106666666666666,
,specimen13,fibula,raw,5deg_5mm,1,3,,11.205106241855113,0.0,4.264136230104605,11.14753986534187,0.21274331700988114,0.8106666666666666,
,specimen13,fibula,raw,5deg_5mm,1,4,,11.205106241735193,0.0,4.264136230103237,11.168949792631475,0.20596203400054947,0.8106666666666666,
,specimen13,fibula,raw,10deg_10mm,2,0,,11.205106241855082,0.0,4.264136230104605,11.086122899398323,0.20284009000170045,0.8106666666666666,
,specimen13,fibula,raw,10deg_10mm,2,1,,11.205106241855109,0.0,4.264136230105461,11.156210242927466,0.21452972499537282,0.8106666666666666,
,specimen13,fibula,raw,10deg_10mm,2,2,,11.20510624185508,0.0,4.264136230104946,11.09051316929396,0.2106717020215001,0.8106666666666666,
,specimen13,fibula,raw,10deg_10mm,2,3,,11.205106241855091,0.0,4.264136230105289,11.182149551358142,0.20925623399671167,0.8106666666666666,
,specimen13,fibula,raw,10deg_10mm,2,4,,11.248585139861463,0.0,4.27947243709738,11.136535968622194,0.20676273299613968,0.8108333333333333,
,specimen13,fibula,raw,20deg_20mm,3,0,,11.205106241801564,0.0,4.264136230105803,11.366943598109664,0.21333509098622017,0.8106666666666666,
,specimen13,fibula,raw,20deg_20mm,3,1,,11.248585139921142,0.0,4.279472437097039,11.225562766908604,0.2079579750134144,0.8108333333333333,
,specimen13,fibula,raw,20deg_20mm,3,2,,11.205106241737624,0.0,4.264136230103407,11.43518358710194,0.21213263398385607,0.8106666666666666,
,specimen13,fibula,raw,20deg_20mm,3,3,,11.205106241852466,0.0,4.264136230105803,11.339707257425113,0.2060026580002159,0.8106666666666666,
,specimen13,fibula,raw,20deg_20mm,3,4,,11.205106241855159,0.0,4.264136230104605,11.165214560632224,0.20519386400701478,0.8106666666666666,
,specimen13,fibula,all_refined,aligned,0,0,1.0,24.870218577612142,0.0,7.307345999376762,24.792792038338504,0.19614316101069562,0.8335,
,specimen13,fibula,all_refined,5deg_5mm,1,0,1.0,24.82333942133891,0.0,7.284687899670115,24.664577717431918,0.18328163100522943,0.8335,
,specimen13,fibula,all_refined,5deg_5mm,1,1,1.0,24.87021857761215,0.0,7.307345999377462,24.897403843583,0.19881938700564206,0.8335,
,specimen13,fibula,all_refined,5deg_5mm,1,2,1.0,24.823339421343064,0.0,7.284687899673225,24.8465418480035,0.18250841301050968,0.8335,
,specimen13,fibula,all_refined,5deg_5mm,1,3,1.0,24.870218577613542,0.0,7.3073459993787635,24.81348466435038,0.16025284002535045,0.8335,
,specimen13,fibula,all_refined,5deg_5mm,1,4,1.0,24.89064132022156,0.0,7.348885248082963,24.79136528657931,0.19631370902061462,0.8336666666666667,
,specimen13,fibula,all_refined,10deg_10mm,2,0,1.0,24.823339421342837,0.0,7.284687899672824,24.608385072331956,0.18973080400610343,0.8335,
,specimen13,fibula,all_refined,10deg_10mm,2,1,1.0,24.890641320221544,0.0,7.348885248083062,24.816400512733342,0.20079663101932965,0.8336666666666667,
,specimen13,fibula,all_refined,10deg_10mm,2,2,1.0,24.870218577612054,0.0,7.307345999376563,24.660645510343144,0.20144556000013836,0.8335,
,specimen13,fibula,all_refined,10deg_10mm,2,3,1.0,24.89064132022153,0.0,7.348885248082665,24.971077704626754,0.19539009398431517,0.8336666666666667,
,specimen13,fibula,all_refined,10deg_10mm,2,4,1.0,24.89064132022155,0.0,7.348885248082863,24.651161692793405,0.1959386429807637,0.8336666666666667,
,specimen13,fibula,all_refined,20deg_20mm,3,0,1.0,24.89064132022147,0.0,7.348885248083162,25.318342176781904,0.1960359119984787,0.8336666666666667,
,specimen13,fibula,all_refined,20deg_20mm,3,1,1.0,24.823339421328125,0.0,7.284687899661687,24.970140141072076,0.18367847698391415,0.8335,
,specimen13,fibula,all_refined,20deg_20mm,3,2,1.0,24.890641320221583,0.0,7.348885248082763,25.27317529521514,0.19628233401454054,0.8336666666666667,
,specimen13,fibula,all_refined,20deg_20mm,3,3,1.0,24.89064132022157,0.0,7.348885248082863,24.894942528082865,0.17244154898799025,0.8336666666666667,
,specimen13,fibula,all_refined,20deg_20mm,3,4,1.0,24.890641320221558,0.0,7.348885248082863,24.716927047626783,0.19632758398074657,0.8336666666666667,
,specimen13,fibula,random_policy,aligned,0,0,0.9,7.686031622813205,0.0,3.7846928652658867,7.640851160316853,0.19830262297182344,0.8055,
,specimen13,fibula,random_policy,5deg_5mm,1,0,0.9,7.694929140685019,0.0,3.7913033468383057,7.643659061024495,0.20368180100922473,0.8055,
,specimen13,fibula,random_policy,5deg_5mm,1,1,0.9,7.694929140685013,0.0,3.7913033468383057,7.673529889532348,0.19916868300060742,0.8055,
,specimen13,fibula,random_policy,5deg_5mm,1,2,0.9,7.694929140685012,0.0,3.791303346837536,7.661326935436742,0.16208539900253527,0.8055,
,specimen13,fibula,random_policy,5deg_5mm,1,3,0.9,7.69492914068497,0.0,3.7913033468390753,7.636458447899376,0.18493293700157665,0.8055,
,specimen13,fibula,random_policy,5deg_5mm,1,4,0.9,7.694929140684967,0.0,3.791303346838498,7.678394089510088,0.19497406599111855,0.8055,
,specimen13,fibula,random_policy,10deg_10mm,2,0,0.9,7.695715520078363,0.0,3.8101942202965335,7.614839988814082,0.19665189599618316,0.8055,
,specimen13,fibula,random_policy,10deg_10mm,2,1,0.9,7.712133688497486,0.0,3.786070781807289,7.669150938548223,0.19774396400316618,0.8055,
,specimen13,fibula,random_policy,10deg_10mm,2,2,0.9,7.694929140685034,0.0,3.7913033468379207,7.616952469206327,0.19799077400239184,0.8055,
,specimen13,fibula,random_policy,10deg_10mm,2,3,0.9,7.694929140684986,0.0,3.791303346838113,7.643841670968798,0.19979791401419789,0.8055,
,specimen13,fibula,random_policy,10deg_10mm,2,4,0.9,7.695715525859424,0.0,3.810194222427005,7.6321411992100865,0.18692147597903386,0.8055,
,specimen13,fibula,random_policy,20deg_20mm,3,0,0.9,7.712133461797099,0.0,3.7860705796866236,7.808858969526857,0.1741287010081578,0.8055,
,specimen13,fibula,random_policy,20deg_20mm,3,1,0.9,7.694929140685017,0.0,3.7913033468386903,7.639874360988929,0.20168100501177832,0.8055,
,specimen13,fibula,random_policy,20deg_20mm,3,2,0.9,7.695715525859461,0.0,3.8101942224273873,7.896451492523937,0.18321123198256828,0.8055,
,specimen13,fibula,random_policy,20deg_20mm,3,3,0.9,7.694929140684999,0.0,3.7913033468377284,7.891944079309046,0.18820067099295557,0.8055,
,specimen13,fibula,random_policy,20deg_20mm,3,4,0.9,7.686031622813186,0.0,3.784692865265501,7.696911998911052,0.19811696399119683,0.8055,
,specimen13,fibula,geometry_policy,aligned,0,0,1.0,24.870218577612142,0.0,7.307345999376762,24.792792038338504,0.19614316101069562,0.8335,
,specimen13,fibula,geometry_policy,5deg_5mm,1,0,1.0,24.82333942133891,0.0,7.284687899670115,24.664577717431918,0.18328163100522943,0.8335,
,specimen13,fibula,geometry_policy,5deg_5mm,1,1,1.0,24.87021857761215,0.0,7.307345999377462,24.897403843583,0.19881938700564206,0.8335,
,specimen13,fibula,geometry_policy,5deg_5mm,1,2,1.0,24.823339421343064,0.0,7.284687899673225,24.8465418480035,0.18250841301050968,0.8335,
,specimen13,fibula,geometry_policy,5deg_5mm,1,3,1.0,24.870218577613542,0.0,7.3073459993787635,24.81348466435038,0.16025284002535045,0.8335,
,specimen13,fibula,geometry_policy,5deg_5mm,1,4,1.0,24.89064132022156,0.0,7.348885248082963,24.79136528657931,0.19631370902061462,0.8336666666666667,
,specimen13,fibula,geometry_policy,10deg_10mm,2,0,1.0,24.823339421342837,0.0,7.284687899672824,24.608385072331956,0.18973080400610343,0.8335,
,specimen13,fibula,geometry_policy,10deg_10mm,2,1,1.0,24.890641320221544,0.0,7.348885248083062,24.816400512733342,0.20079663101932965,0.8336666666666667,
,specimen13,fibula,geometry_policy,10deg_10mm,2,2,1.0,24.870218577612054,0.0,7.307345999376563,24.660645510343144,0.20144556000013836,0.8335,
,specimen13,fibula,geometry_policy,10deg_10mm,2,3,1.0,24.89064132022153,0.0,7.348885248082665,24.971077704626754,0.19539009398431517,0.8336666666666667,
,specimen13,fibula,geometry_policy,10deg_10mm,2,4,1.0,24.89064132022155,0.0,7.348885248082863,24.651161692793405,0.1959386429807637,0.8336666666666667,
,specimen13,fibula,geometry_policy,20deg_20mm,3,0,1.0,24.89064132022147,0.0,7.348885248083162,25.318342176781904,0.1960359119984787,0.8336666666666667,
,specimen13,fibula,geometry_policy,20deg_20mm,3,1,1.0,24.823339421328125,0.0,7.284687899661687,24.970140141072076,0.18367847698391415,0.8335,
,specimen13,fibula,geometry_policy,20deg_20mm,3,2,1.0,24.890641320221583,0.0,7.348885248082763,25.27317529521514,0.19628233401454054,0.8336666666666667,
,specimen13,fibula,geometry_policy,20deg_20mm,3,3,1.0,24.89064132022157,0.0,7.348885248082863,24.894942528082865,0.17244154898799025,0.8336666666666667,
,specimen13,fibula,geometry_policy,20deg_20mm,3,4,1.0,24.890641320221558,0.0,7.348885248082863,24.716927047626783,0.19632758398074657,0.8336666666666667,
,specimen13,fibula,pfad_policy,aligned,0,0,0.9,7.472818422863819,0.0,3.7691579288199124,7.424797768836999,0.18268212099792436,0.9005,
,specimen13,fibula,pfad_policy,5deg_5mm,1,0,0.9,7.472818422863842,0.0,3.769157928819332,7.418026485852089,0.18351653398713097,0.9005,
,specimen13,fibula,pfad_policy,5deg_5mm,1,1,0.9,7.472818422863858,0.0,3.769157928819525,7.449866130038701,0.1792532149993349,0.9005,
,specimen13,fibula,pfad_policy,5deg_5mm,1,2,0.9,7.472818422876584,0.0,3.7691579288284274,7.437121107638045,0.17837318900274113,0.9005,
,specimen13,fibula,pfad_policy,5deg_5mm,1,3,0.9,7.472818422863847,0.0,3.769157928820686,7.411037387784229,0.1787914350279607,0.9005,
,specimen13,fibula,pfad_policy,5deg_5mm,1,4,0.9,7.472818422863859,0.0,3.7691579288199124,7.454481721122235,0.18027640698710456,0.9005,
,specimen13,fibula,pfad_policy,10deg_10mm,2,0,0.9,7.472818422863847,0.0,3.769157928819525,7.386683082909376,0.18069634298444726,0.9005,
,specimen13,fibula,pfad_policy,10deg_10mm,2,1,0.9,7.472818422876579,0.0,3.769157928827847,7.427187017400305,0.18091229698620737,0.9005,
,specimen13,fibula,pfad_policy,10deg_10mm,2,2,0.9,7.472818422863879,0.0,3.7691579288201056,7.389654259833113,0.1799064829829149,0.9005,
,specimen13,fibula,pfad_policy,10deg_10mm,2,3,0.9,7.472818422863817,0.0,3.7691579288202997,7.418593826576992,0.18085443001473323,0.9005,
,specimen13,fibula,pfad_policy,10deg_10mm,2,4,0.9,7.472818422863905,0.0,3.769157928819332,7.40446463176852,0.1822951530048158,0.9005,
,specimen13,fibula,pfad_policy,20deg_20mm,3,0,0.9,7.4728184228638534,0.0,3.769157928819332,7.571618209754849,0.17935180800850503,0.9005,
,specimen13,fibula,pfad_policy,20deg_20mm,3,1,0.9,7.472818422863818,0.0,3.7691579288199124,7.412957642716633,0.18037113200989552,0.9005,
,specimen13,fibula,pfad_policy,20deg_20mm,3,2,0.9,7.472818422863888,0.0,3.7691579288199124,7.678280399993565,0.18136753799626604,0.9005,
,specimen13,fibula,pfad_policy,20deg_20mm,3,3,0.9,7.4722016050127555,0.0,3.7688638207176344,7.673356336766916,0.18050141699495725,0.9005,
,specimen13,fibula,pfad_policy,20deg_20mm,3,4,0.9,7.472818422863806,0.0,3.7691579288202997,7.481704984725194,0.17898842197610065,0.9005,
,specimen14,foot,raw,aligned,0,0,,0.6652587378064232,1.0,0.6667347671070081,0.8543775926504258,0.10729213699232787,0.9791666666666666,
,specimen14,foot,raw,5deg_5mm,1,0,,0.6652587378064606,1.0,0.6667347671037281,0.864564342153537,0.07993235197500326,0.9791666666666666,
,specimen14,foot,raw,5deg_5mm,1,1,,0.6652587378064829,1.0,0.6667347671015416,0.8531790833195,0.07764409299124964,0.9791666666666666,
,specimen14,foot,raw,5deg_5mm,1,2,,0.6652587378064957,1.0,0.6667347670927951,0.813993069771574,0.12500788099714555,0.9791666666666666,
,specimen14,foot,raw,5deg_5mm,1,3,,0.6652587378064606,1.0,0.6667347671037281,0.8604496557971569,0.07697759798611514,0.9791666666666666,
,specimen14,foot,raw,5deg_5mm,1,4,,0.6652587378064687,1.0,0.6667347671037281,0.8987618472451002,0.07698504702420905,0.9791666666666666,
,specimen14,foot,raw,10deg_10mm,2,0,,0.6652587378064788,1.0,0.6667347671015416,0.9073346296777091,0.07756418001372367,0.9791666666666666,
,specimen14,foot,raw,10deg_10mm,2,1,,0.6652587378064656,1.0,0.6667347671026349,0.7770664552789477,0.0826091580092907,0.9791666666666666,
,specimen14,foot,raw,10deg_10mm,2,2,,0.6652587378064588,1.0,0.666734767099355,0.7968561274042355,0.12702293798793107,0.9791666666666666,
,specimen14,foot,raw,10deg_10mm,2,3,,0.6652587378065188,1.0,0.6667347671048215,0.8055608210966493,0.12602239099214785,0.9791666666666666,
,specimen14,foot,raw,10deg_10mm,2,4,,0.6652587378064749,1.0,0.6667347670971683,0.7815804612455552,0.12573823798447847,0.9791666666666666,
,specimen14,foot,raw,20deg_20mm,3,0,,0.665258737806483,1.0,0.6667347671004483,0.9222712647313946,0.08242851300747134,0.9791666666666666,
,specimen14,foot,raw,20deg_20mm,3,1,,0.6652587378064516,1.0,0.6667347671037281,0.719759392888413,0.12955246202182025,0.9791666666666666,
,specimen14,foot,raw,20deg_20mm,3,2,,0.6652587378065093,1.0,0.666734767099355,0.7945879034475746,0.12532689102226868,0.9791666666666666,
,specimen14,foot,raw,20deg_20mm,3,3,,0.6652587378065662,1.0,0.6667347670906084,0.8715362564448114,0.12970534799387679,0.9791666666666666,
,specimen14,foot,raw,20deg_20mm,3,4,,0.6652587378065085,1.0,0.666734767099355,0.9249255436680818,0.14013964700279757,0.9791666666666666,
,specimen14,foot,all_refined,aligned,0,0,1.0,0.6463326192671145,1.0,0.5395443671126321,0.8557653678058693,0.13058213199838065,0.9793333333333333,
,specimen14,foot,all_refined,5deg_5mm,1,0,1.0,0.6463326192671609,1.0,0.5395443671180361,0.8610560569417913,0.13090101300622337,0.9793333333333333,
,specimen14,foot,all_refined,5deg_5mm,1,1,1.0,0.6463326192672082,1.0,0.5395443671085789,0.8514928705459693,0.13090375199681148,0.9793333333333333,
,specimen14,foot,all_refined,5deg_5mm,1,2,1.0,0.6463326192669893,1.0,0.5395443671315464,0.821007566909411,0.13522380701033399,0.9793333333333333,
,specimen14,foot,all_refined,5deg_5mm,1,3,1.0,0.6463326192669497,1.0,0.5395443671247913,0.8650891618398757,0.13597570499405265,0.9793333333333333,
,specimen14,foot,all_refined,5deg_5mm,1,4,1.0,0.6463326192671439,1.0,0.539544367111281,0.8976305976546377,0.13591097100288607,0.9793333333333333,
,specimen14,foot,all_refined,10deg_10mm,2,0,1.0,0.6463326192671895,1.0,0.5395443671207382,0.9119238573495124,0.13067704101558775,0.9793333333333333,
,specimen14,foot,all_refined,10deg_10mm,2,1,1.0,0.6463326192671968,1.0,0.5395443671072279,0.7790372856895601,0.13143209199188277,0.9793333333333333,
,specimen14,foot,all_refined,10deg_10mm,2,2,1.0,0.6463326192672103,1.0,0.5395443671018239,0.8025513532647535,0.13220314800855704,0.9793333333333333,
,specimen14,foot,all_refined,10deg_10mm,2,3,1.0,0.6463326192671498,1.0,0.5395443671180361,0.8113909256353613,0.13654200901510194,0.9793333333333333,
,specimen14,foot,all_refined,10deg_10mm,2,4,1.0,0.6463326192671501,1.0,0.5395443671207382,0.7868313707231788,0.132996230997378,0.9793333333333333,
,specimen14,foot,all_refined,20deg_20mm,3,0,1.0,0.6463326192670835,1.0,0.5395443671193871,0.9080498089842789,0.13557195299654268,0.9793333333333333,
,specimen14,foot,all_refined,20deg_20mm,3,1,1.0,0.6463326192670434,1.0,0.5395443671180361,0.7410335484259919,0.13189715301268734,0.9793333333333333,
,specimen14,foot,all_refined,20deg_20mm,3,2,1.0,0.6463326192671479,1.0,0.5395443671058768,0.7927067851614076,0.13272349501494318,0.9793333333333333,
,specimen14,foot,all_refined,20deg_20mm,3,3,1.0,0.6463326192671823,1.0,0.539544367111281,0.8611593951600061,0.13614893399062566,0.9793333333333333,
,specimen14,foot,all_refined,20deg_20mm,3,4,1.0,0.6463326192671202,1.0,0.5395443671166851,0.9239011980494157,0.14509954099776223,0.9793333333333333,
,specimen14,foot,random_policy,aligned,0,0,0.9,0.5800568331407486,1.0,0.6090413431984603,0.8515483689654445,0.13712262900662608,0.9793333333333333,
,specimen14,foot,random_policy,5deg_5mm,1,0,0.9,0.5800568331408208,1.0,0.6090413432008539,0.8679841692116941,0.13527502998476848,0.9793333333333333,
,specimen14,foot,random_policy,5deg_5mm,1,1,0.9,0.5800568331407578,1.0,0.6090413432008539,0.857973324642941,0.13673707999987528,0.9793333333333333,
,specimen14,foot,random_policy,5deg_5mm,1,2,0.9,0.5800568331406791,1.0,0.6090413432104289,0.810853136325479,0.13655494499835186,0.9793333333333333,
,specimen14,foot,random_policy,5deg_5mm,1,3,0.9,0.579643200271342,1.0,0.6073733579194789,0.8590826565853549,0.08963221500744112,0.9793333333333333,
,specimen14,foot,random_policy,5deg_5mm,1,4,0.9,0.5800568331407263,1.0,0.6090413432068383,0.8920276331686878,0.13692103899666108,0.9793333333333333,
,specimen14,foot,random_policy,10deg_10mm,2,0,0.9,0.5800568331406715,1.0,0.6090413432104289,0.9031881661479769,0.13660651500686072,0.9793333333333333,
,specimen14,foot,random_policy,10deg_10mm,2,1,0.9,0.5800568331407181,1.0,0.6090413432056414,0.7788862169938805,0.13630891000502743,0.9793333333333333,
,specimen14,foot,random_policy,10deg_10mm,2,2,0.9,0.5796432002712135,1.0,0.6073733579242795,0.777458646425048,0.140346921980381,0.9793333333333333,
,specimen14,foot,random_policy,10deg_10mm,2,3,0.9,0.5800568331407074,1.0,0.6090413432032477,0.7856282786323943,0.1361462929926347,0.9793333333333333,
,specimen14,foot,random_policy,10deg_10mm,2,4,0.9,0.5796432002714103,1.0,0.607373357920679,0.7657519706228851,0.14091197002562694,0.9793333333333333,
,specimen14,foot,random_policy,20deg_20mm,3,0,0.9,0.5800568331406306,1.0,0.6090413432104289,0.896445462683551,0.13934275798965245,0.9793333333333333,
,specimen14,foot,random_policy,20deg_20mm,3,1,0.9,0.5800568331407162,1.0,0.6090413432020508,0.7001545564214442,0.13869302498642355,0.9793333333333333,
,specimen14,foot,random_policy,20deg_20mm,3,2,0.9,0.579643200271275,1.0,0.6073733579242795,0.8021841721402765,0.13856926499283873,0.9793333333333333,
,specimen14,foot,random_policy,20deg_20mm,3,3,0.9,0.5800568331406907,1.0,0.6090413432068383,0.8225187797361582,0.13932550500612706,0.9793333333333333,
,specimen14,foot,random_policy,20deg_20mm,3,4,0.9,0.5796432002712946,1.0,0.607373357920679,0.9405793666276262,0.14828895099344663,0.9793333333333333,
,specimen14,foot,geometry_policy,aligned,0,0,1.0,0.6463326192671145,1.0,0.5395443671126321,0.8557653678058693,0.13058213199838065,0.9793333333333333,
,specimen14,foot,geometry_policy,5deg_5mm,1,0,1.0,0.6463326192671609,1.0,0.5395443671180361,0.8610560569417913,0.13090101300622337,0.9793333333333333,
,specimen14,foot,geometry_policy,5deg_5mm,1,1,1.0,0.6463326192672082,1.0,0.5395443671085789,0.8514928705459693,0.13090375199681148,0.9793333333333333,
,specimen14,foot,geometry_policy,5deg_5mm,1,2,1.0,0.6463326192669893,1.0,0.5395443671315464,0.821007566909411,0.13522380701033399,0.9793333333333333,
,specimen14,foot,geometry_policy,5deg_5mm,1,3,1.0,0.6463326192669497,1.0,0.5395443671247913,0.8650891618398757,0.13597570499405265,0.9793333333333333,
,specimen14,foot,geometry_policy,5deg_5mm,1,4,1.0,0.6463326192671439,1.0,0.539544367111281,0.8976305976546377,0.13591097100288607,0.9793333333333333,
,specimen14,foot,geometry_policy,10deg_10mm,2,0,1.0,0.6463326192671895,1.0,0.5395443671207382,0.9119238573495124,0.13067704101558775,0.9793333333333333,
,specimen14,foot,geometry_policy,10deg_10mm,2,1,1.0,0.6463326192671968,1.0,0.5395443671072279,0.7790372856895601,0.13143209199188277,0.9793333333333333,
,specimen14,foot,geometry_policy,10deg_10mm,2,2,1.0,0.6463326192672103,1.0,0.5395443671018239,0.8025513532647535,0.13220314800855704,0.9793333333333333,
,specimen14,foot,geometry_policy,10deg_10mm,2,3,1.0,0.6463326192671498,1.0,0.5395443671180361,0.8113909256353613,0.13654200901510194,0.9793333333333333,
,specimen14,foot,geometry_policy,10deg_10mm,2,4,1.0,0.6463326192671501,1.0,0.5395443671207382,0.7868313707231788,0.132996230997378,0.9793333333333333,
,specimen14,foot,geometry_policy,20deg_20mm,3,0,1.0,0.6463326192670835,1.0,0.5395443671193871,0.9080498089842789,0.13557195299654268,0.9793333333333333,
,specimen14,foot,geometry_policy,20deg_20mm,3,1,1.0,0.6463326192670434,1.0,0.5395443671180361,0.7410335484259919,0.13189715301268734,0.9793333333333333,
,specimen14,foot,geometry_policy,20deg_20mm,3,2,1.0,0.6463326192671479,1.0,0.5395443671058768,0.7927067851614076,0.13272349501494318,0.9793333333333333,
,specimen14,foot,geometry_policy,20deg_20mm,3,3,1.0,0.6463326192671823,1.0,0.539544367111281,0.8611593951600061,0.13614893399062566,0.9793333333333333,
,specimen14,foot,geometry_policy,20deg_20mm,3,4,1.0,0.6463326192671202,1.0,0.5395443671166851,0.9239011980494157,0.14509954099776223,0.9793333333333333,
,specimen14,foot,pfad_policy,aligned,0,0,0.9,0.5136072377806288,1.0,0.4921010192396796,0.7553317686676223,0.04844420001609251,0.9971666666666666,
,specimen14,foot,pfad_policy,5deg_5mm,1,0,0.9,0.5136072377806475,1.0,0.49210101924264216,0.7704337685004712,0.058118251006817445,0.9971666666666666,
,specimen14,foot,pfad_policy,5deg_5mm,1,1,0.9,0.5136072377808253,1.0,0.49210101923671706,0.7632912909742172,0.05595914201694541,0.9971666666666666,
,specimen14,foot,pfad_policy,5deg_5mm,1,2,0.9,0.5136072375895653,1.0,0.49210101933448136,0.722341425460887,0.10297985697980039,0.9971666666666666,
,specimen14,foot,pfad_policy,5deg_5mm,1,3,0.9,0.5136072377806373,1.0,0.49210101924264216,0.7643449588012132,0.055474630993558094,0.9971666666666666,
,specimen14,foot,pfad_policy,5deg_5mm,1,4,0.9,0.5136072375896086,1.0,0.49210101933744393,0.7880438218509822,0.05766191802104004,0.9971666666666666,
,specimen14,foot,pfad_policy,10deg_10mm,2,0,0.9,0.5136072377806375,1.0,0.49210101924264216,0.8007732597647982,0.0590011449821759,0.9971666666666666,
,specimen14,foot,pfad_policy,10deg_10mm,2,1,0.9,0.5136072377806391,1.0,0.49210101924264216,0.6950025111892433,0.062014578987145796,0.9971666666666666,
,specimen14,foot,pfad_policy,10deg_10mm,2,2,0.9,0.513607237780411,1.0,0.4921010192396796,0.6883729032615259,0.05512465399806388,0.9971666666666666,
,specimen14,foot,pfad_policy,10deg_10mm,2,3,0.9,0.5136072377806088,1.0,0.49210101924264216,0.694850258245358,0.054584822995821014,0.9971666666666666,
,specimen14,foot,pfad_policy,10deg_10mm,2,4,0.9,0.513607237780387,1.0,0.4921010192441234,0.6790593279979606,0.05673516698880121,0.9971666666666666,
,specimen14,foot,pfad_policy,20deg_20mm,3,0,0.9,0.513607237589534,1.0,0.49210101933744393,0.7768912266220551,0.06506867200369015,0.9971666666666666,
,specimen14,foot,pfad_policy,20deg_20mm,3,1,0.9,0.5136072375896921,1.0,0.4921010193181873,0.6289072556233001,0.10311767901293933,0.9971666666666666,
,specimen14,foot,pfad_policy,20deg_20mm,3,2,0.9,0.5136072375902518,1.0,0.49210101933744393,0.7139042533347701,0.0584047680022195,0.9971666666666666,
,specimen14,foot,pfad_policy,20deg_20mm,3,3,0.9,0.5136072377803698,1.0,0.4921010192396796,0.7132470480681307,0.058602878998499364,0.9971666666666666,
,specimen14,foot,pfad_policy,20deg_20mm,3,4,0.9,0.5136072377804106,1.0,0.4921010192396796,0.8396062365663243,0.09088967498973943,0.9971666666666666,
,specimen14,tibia,raw,aligned,0,0,,0.46833728088795507,1.0,0.20710209536662763,0.18385831609285147,0.16507020199787803,0.9386666666666666,
,specimen14,tibia,raw,5deg_5mm,1,0,,0.46833728088795623,1.0,0.20710209536310797,0.18567962661702275,0.1631501230003778,0.9386666666666666,
,specimen14,tibia,raw,5deg_5mm,1,1,,0.4683372808879714,1.0,0.20710209534902932,0.17912631244175684,0.16526289799367078,0.9386666666666666,
,specimen14,tibia,raw,5deg_5mm,1,2,,0.4683372808879729,1.0,0.20710209536310797,0.18852827512760945,0.16554443500353955,0.9386666666666666,
,specimen14,tibia,raw,5deg_5mm,1,3,,0.46833728088795107,1.0,0.20710209537014732,0.1859895188266708,0.16440384098677896,0.9386666666666666,
,specimen14,tibia,raw,5deg_5mm,1,4,,0.468337280887951,1.0,0.20710209536310797,0.1754672622336826,0.16214367299107835,0.9386666666666666,
,specimen14,tibia,raw,10deg_10mm,2,0,,0.4683372808879546,1.0,0.20710209534550963,0.1760981902741377,0.16810850001638755,0.9386666666666666,
,specimen14,tibia,raw,10deg_10mm,2,1,,0.46833728088795856,1.0,0.20710209537014732,0.18906236170524118,0.16341378301149234,0.9386666666666666,
,specimen14,tibia,raw,10deg_10mm,2,2,,29.993613896974047,0.0,20.403224223708172,25.676118586918346,0.30372717799036764,0.6678333333333333,
,specimen14,tibia,raw,10deg_10mm,2,3,,0.468337280887972,1.0,0.2071020953595883,0.1956385632726343,0.1655236899969168,0.9386666666666666,
,specimen14,tibia,raw,10deg_10mm,2,4,,0.46833728088795673,1.0,0.20710209535606863,0.1996273098151712,0.13743466400774196,0.9386666666666666,
,specimen14,tibia,raw,20deg_20mm,3,0,,0.4683372808879365,1.0,0.20710209537718666,0.22330611360015423,0.16396218500449322,0.9386666666666666,
,specimen14,tibia,raw,20deg_20mm,3,1,,0.46833728088793597,1.0,0.20710209535606863,0.1592815800667264,0.1721103259769734,0.9386666666666666,
,specimen14,tibia,raw,20deg_20mm,3,2,,0.46833728088793863,1.0,0.20710209537014732,0.19086007613287553,0.16714648599736392,0.9386666666666666,
,specimen14,tibia,raw,20deg_20mm,3,3,,0.46833728088794035,1.0,0.20710209534902932,0.19104120508152525,0.16474147600820288,0.9386666666666666,
,specimen14,tibia,raw,20deg_20mm,3,4,,29.9925626033763,0.0,20.39903879963623,23.401750828553304,0.2897152369841933,0.6678333333333333,
,specimen14,tibia,all_refined,aligned,0,0,1.0,0.42142513649487967,1.0,0.19009984230039648,0.14594034044911536,0.14655336400028318,0.94,
,specimen14,tibia,all_refined,5deg_5mm,1,0,1.0,0.4214251364948853,1.0,0.19009984230039648,0.14789849693907828,0.14894723499310203,0.94,
,specimen14,tibia,all_refined,5deg_5mm,1,1,1.0,0.42142513649484914,1.0,0.19009984231573435,0.14549639549892224,0.15081866300897673,0.94,
,specimen14,tibia,all_refined,5deg_5mm,1,2,1.0,0.42142513649488506,1.0,0.19009984230039648,0.1472860543293393,0.14844822100712918,0.94,
,specimen14,tibia,all_refined,5deg_5mm,1,3,1.0,0.4214251364948749,1.0,0.19009984230423096,0.15126547167066134,0.14704202898428775,0.94,
,specimen14,tibia,all_refined,5deg_5mm,1,4,1.0,0.42142513649486657,1.0,0.19009984230423096,0.1427215682751469,0.15279948100214824,0.94,
,specimen14,tibia,all_refined,10deg_10mm,2,0,1.0,0.4214251364948834,1.0,0.19009984228122417,0.1344144945412026,0.15257495100377128,0.94,
,specimen14,tibia,all_refined,10deg_10mm,2,1,1.0,0.4214251364948801,1.0,0.19009984228889312,0.1460750352767222,0.15018583301571198,0.94,
,specimen14,tibia,all_refined,10deg_10mm,2,2,1.0,30.19315893808499,0.0,18.482163578590434,26.367175748110625,0.3033449790091254,0.6498333333333334,
,specimen14,tibia,all_refined,10deg_10mm,2,3,1.0,0.421425136494866,1.0,0.19009984230423096,0.15589433390269414,0.1505245599837508,0.94,
,specimen14,tibia,all_refined,10deg_10mm,2,4,1.0,0.4214251364948599,1.0,0.19009984229272758,0.1559816556234219,0.15377491299295798,0.94,
,specimen14,tibia,all_refined,20deg_20mm,3,0,1.0,0.42142513649486546,1.0,0.19009984228889312,0.17407222556946364,0.14821865898557007,0.94,
,specimen14,tibia,all_refined,20deg_20mm,3,1,1.0,0.4214251364948855,1.0,0.19009984228122417,0.13729393876517693,0.15792508597951382,0.94,
,specimen14,tibia,all_refined,20deg_20mm,3,2,1.0,0.42142513649487795,1.0,0.19009984229656202,0.15432797353372002,0.15018339399830438,0.94,
,specimen14,tibia,all_refined,20deg_20mm,3,3,1.0,0.42142513649487495,1.0,0.19009984228122417,0.1518961281861216,0.1515183229930699,0.94,
,specimen14,tibia,all_refined,20deg_20mm,3,4,1.0,30.19965121936261,0.0,18.49041611191951,24.251814948291575,0.3071263059973717,0.6501666666666667,
,specimen14,tibia,random_policy,aligned,0,0,0.9,0.46853509877511956,1.0,0.2609002480566105,0.23488203724935924,0.14158921799389645,0.9408333333333333,
,specimen14,tibia,random_policy,5deg_5mm,1,0,0.9,0.46853509877517246,1.0,0.26090024804264095,0.24145425868863418,0.14093762999982573,0.9408333333333333,
,specimen14,tibia,random_policy,5deg_5mm,1,1,0.9,0.4685350987751561,1.0,0.2609002480286714,0.2326571548346202,0.09971734997816384,0.9408333333333333,
,specimen14,tibia,random_policy,5deg_5mm,1,2,0.9,0.46853509877517246,1.0,0.260900248039847,0.23294979969176724,0.139796490984736,0.9408333333333333,
,specimen14,tibia,random_policy,5deg_5mm,1,3,0.9,0.46853509877515825,1.0,0.26090024803146533,0.24041993965632794,0.14136456800042652,0.9408333333333333,
,specimen14,tibia,random_policy,5deg_5mm,1,4,0.9,0.4685350987751717,1.0,0.26090024803425926,0.23255975766721637,0.14103814100963064,0.9408333333333333,
,specimen14,tibia,random_policy,10deg_10mm,2,0,0.9,0.4685350987751544,1.0,0.26090024803425926,0.22609706925850004,0.14050974900601432,0.9408333333333333,
,specimen14,tibia,random_policy,10deg_10mm,2,1,0.9,0.4685350987751645,1.0,0.2609002480538166,0.22963149147378786,0.14433827600441873,0.9408333333333333,
,specimen14,tibia,random_policy,10deg_10mm,2,2,0.9,30.43216286355932,0.0,21.374357471264062,26.044072321965462,0.30097248300444335,0.657,
,specimen14,tibia,random_policy,10deg_10mm,2,3,0.9,0.46853509877516986,1.0,0.2609002480258775,0.2342674242577346,0.14315742600592785,0.9408333333333333,
,specimen14,tibia,random_policy,10deg_10mm,2,4,0.9,0.46853509877514865,1.0,0.26090024803705314,0.2365878599491292,0.10355960097513162,0.9408333333333333,
,specimen14,tibia,random_policy,20deg_20mm,3,0,0.9,0.46853509877515936,1.0,0.2609002480258775,0.24916658961402885,0.1045476220024284,0.9408333333333333,
,specimen14,tibia,random_policy,20deg_20mm,3,1,0.9,0.4685350987751608,1.0,0.2609002480286714,0.24745218732035743,0.12786038598278537,0.9408333333333333,
,specimen14,tibia,random_policy,20deg_20mm,3,2,0.9,0.4685350987751781,1.0,0.26090024803425926,0.22531986549644514,0.1034697419963777,0.9408333333333333,
,specimen14,tibia,random_policy,20deg_20mm,3,3,0.9,0.46853509877516086,1.0,0.26090024803146533,0.22525764607020635,0.14620692399330437,0.9408333333333333,
,specimen14,tibia,random_policy,20deg_20mm,3,4,0.9,30.448185455019424,0.0,21.414566646294972,23.81463196659031,0.3024836079857778,0.6573333333333333,
,specimen14,tibia,geometry_policy,aligned,0,0,1.0,0.42142513649487967,1.0,0.19009984230039648,0.14594034044911536,0.14655336400028318,0.94,
,specimen14,tibia,geometry_policy,5deg_5mm,1,0,1.0,0.4214251364948853,1.0,0.19009984230039648,0.14789849693907828,0.14894723499310203,0.94,
,specimen14,tibia,geometry_policy,5deg_5mm,1,1,1.0,0.42142513649484914,1.0,0.19009984231573435,0.14549639549892224,0.15081866300897673,0.94,
,specimen14,tibia,geometry_policy,5deg_5mm,1,2,1.0,0.42142513649488506,1.0,0.19009984230039648,0.1472860543293393,0.14844822100712918,0.94,
,specimen14,tibia,geometry_policy,5deg_5mm,1,3,1.0,0.4214251364948749,1.0,0.19009984230423096,0.15126547167066134,0.14704202898428775,0.94,
,specimen14,tibia,geometry_policy,5deg_5mm,1,4,1.0,0.42142513649486657,1.0,0.19009984230423096,0.1427215682751469,0.15279948100214824,0.94,
,specimen14,tibia,geometry_policy,10deg_10mm,2,0,1.0,0.4214251364948834,1.0,0.19009984228122417,0.1344144945412026,0.15257495100377128,0.94,
,specimen14,tibia,geometry_policy,10deg_10mm,2,1,1.0,0.4214251364948801,1.0,0.19009984228889312,0.1460750352767222,0.15018583301571198,0.94,
,specimen14,tibia,geometry_policy,10deg_10mm,2,2,1.0,30.19315893808499,0.0,18.482163578590434,26.367175748110625,0.3033449790091254,0.6498333333333334,
,specimen14,tibia,geometry_policy,10deg_10mm,2,3,1.0,0.421425136494866,1.0,0.19009984230423096,0.15589433390269414,0.1505245599837508,0.94,
,specimen14,tibia,geometry_policy,10deg_10mm,2,4,1.0,0.4214251364948599,1.0,0.19009984229272758,0.1559816556234219,0.15377491299295798,0.94,
,specimen14,tibia,geometry_policy,20deg_20mm,3,0,1.0,0.42142513649486546,1.0,0.19009984228889312,0.17407222556946364,0.14821865898557007,0.94,
,specimen14,tibia,geometry_policy,20deg_20mm,3,1,1.0,0.4214251364948855,1.0,0.19009984228122417,0.13729393876517693,0.15792508597951382,0.94,
,specimen14,tibia,geometry_policy,20deg_20mm,3,2,1.0,0.42142513649487795,1.0,0.19009984229656202,0.15432797353372002,0.15018339399830438,0.94,
,specimen14,tibia,geometry_policy,20deg_20mm,3,3,1.0,0.42142513649487495,1.0,0.19009984228122417,0.1518961281861216,0.1515183229930699,0.94,
,specimen14,tibia,geometry_policy,20deg_20mm,3,4,1.0,30.19965121936261,0.0,18.49041611191951,24.251814948291575,0.3071263059973717,0.6501666666666667,
,specimen14,tibia,pfad_policy,aligned,0,0,0.9,0.5909238150534519,1.0,0.2657859096295135,0.40475749489292884,0.0820949990011286,0.9986666666666667,
,specimen14,tibia,pfad_policy,5deg_5mm,1,0,0.9,0.5909238150534611,1.0,0.26578590964048365,0.40431414881541466,0.07758035301230848,0.9986666666666667,
,specimen14,tibia,pfad_policy,5deg_5mm,1,1,0.9,0.5909238150534551,1.0,0.26578590963499854,0.39729844404360753,0.0806679769884795,0.9986666666666667,
,specimen14,tibia,pfad_policy,5deg_5mm,1,2,0.9,0.5909238150534466,1.0,0.26578590964048365,0.4128486221056786,0.07949124000151642,0.9986666666666667,
,specimen14,tibia,pfad_policy,5deg_5mm,1,3,0.9,0.590923815053435,1.0,0.26578590964322624,0.400351122245284,0.0800422559841536,0.9986666666666667,
,specimen14,tibia,pfad_policy,5deg_5mm,1,4,0.9,0.5909238150534935,1.0,0.2657859096295135,0.39473137990525736,0.08266224898397923,0.9986666666666667,
,specimen14,tibia,pfad_policy,10deg_10mm,2,0,0.9,0.5909238150534637,1.0,0.2657859096267709,0.4087799675545743,0.08681430100114085,0.9986666666666667,
,specimen14,tibia,pfad_policy,10deg_10mm,2,1,0.9,0.5909238150534835,1.0,0.2657859096295135,0.4183805986840337,0.08521632899646647,0.9986666666666667,
,specimen14,tibia,pfad_policy,10deg_10mm,2,2,0.9,0.5909238150534499,1.0,0.2657859096295135,0.38547375392844724,0.12857909698504955,0.9986666666666667,
,specimen14,tibia,pfad_policy,10deg_10mm,2,3,0.9,0.5909238150534668,1.0,0.26578590963499854,0.4141778464052155,0.08412693499121815,0.9986666666666667,
,specimen14,tibia,pfad_policy,10deg_10mm,2,4,0.9,0.5909238150534775,1.0,0.26578590962402837,0.4226438780033201,0.08118794800247997,0.9986666666666667,
,specimen14,tibia,pfad_policy,20deg_20mm,3,0,0.9,0.5909238150534218,1.0,0.26578590964048365,0.4470301768669193,0.08427748299436644,0.9986666666666667,
,specimen14,tibia,pfad_policy,20deg_20mm,3,1,0.9,0.5909238150534808,1.0,0.26578590962402837,0.37805585640362693,0.1091033190023154,0.9986666666666667,
,specimen14,tibia,pfad_policy,20deg_20mm,3,2,0.9,0.5909238150534506,1.0,0.2657859096267709,0.411229569450479,0.08734928502235562,0.9986666666666667,
,specimen14,tibia,pfad_policy,20deg_20mm,3,3,0.9,0.5909238150534487,1.0,0.2657859096295135,0.41753686172630894,0.0888271429867018,0.9986666666666667,
,specimen14,tibia,pfad_policy,20deg_20mm,3,4,0.9,30.14614282905311,0.0,21.613751060095545,22.699653477464675,0.3030561460182071,0.6633333333333333,
,specimen14,fibula,raw,aligned,0,0,,3.4848851684576214,1.0,1.535127576726001,3.464572815188222,0.19180332400719635,0.7798333333333334,
,specimen14,fibula,raw,5deg_5mm,1,0,,3.4848851684576627,1.0,1.5351275767288504,3.4681776314139907,0.19684428701293655,0.7798333333333334,
,specimen14,fibula,raw,5deg_5mm,1,1,,3.484885168457664,1.0,1.5351275767283756,3.4622040122693925,0.18791662200237624,0.7798333333333334,
,specimen14,fibula,raw,5deg_5mm,1,2,,3.484885168457608,1.0,1.5351275767279007,3.4651798519868793,0.19658382699708454,0.7798333333333334,
,specimen14,fibula,raw,5deg_5mm,1,3,,3.4848851684576134,1.0,1.5351275767283756,3.4684027877241213,0.19360210801823996,0.7798333333333334,
,specimen14,fibula,raw,5deg_5mm,1,4,,3.484885168457575,1.0,1.5351275767255261,3.4644528164539574,0.19858950699563138,0.7798333333333334,
,specimen14,fibula,raw,10deg_10mm,2,0,,3.484885168457636,1.0,1.5351275767283756,3.4630814247677617,0.19360032299300656,0.7798333333333334,
,specimen14,fibula,raw,10deg_10mm,2,1,,3.484885168457658,1.0,1.5351275767269508,3.467167967371619,0.1492216799815651,0.7798333333333334,
,specimen14,fibula,raw,10deg_10mm,2,2,,3.484885168457614,1.0,1.535127576726476,3.462331809813651,0.19094844098435715,0.7798333333333334,
,specimen14,fibula,raw,10deg_10mm,2,3,,3.484885168457702,1.0,1.5351275767269508,3.4675525860990164,0.19274267699802294,0.7798333333333334,
,specimen14,fibula,raw,10deg_10mm,2,4,,3.4848851684576387,1.0,1.535127576726001,3.4706867724836274,0.1754058249935042,0.7798333333333334,
,specimen14,fibula,raw,20deg_20mm,3,0,,3.4848851684576685,1.0,1.5351275767274257,3.4890451388488555,0.174102305987617,0.7798333333333334,
,specimen14,fibula,raw,20deg_20mm,3,1,,3.4848851684576823,1.0,1.5351275767288504,3.4823473268375906,0.1977392749977298,0.7798333333333334,
,specimen14,fibula,raw,20deg_20mm,3,2,,3.4848851684576334,1.0,1.5351275767269508,3.520929421410314,0.19650864400318824,0.7798333333333334,
,specimen14,fibula,raw,20deg_20mm,3,3,,3.484885168457618,1.0,1.5351275767279007,3.515105633281615,0.17403698500129394,0.7798333333333334,
,specimen14,fibula,raw,20deg_20mm,3,4,,3.4848851684576685,1.0,1.5351275767269508,3.487963453055491,0.15967804097454064,0.7798333333333334,
,specimen14,fibula,all_refined,aligned,0,0,1.0,20.019852394775377,0.0,6.14333246669077,19.976064948053352,0.19083521800348535,0.7758333333333334,
,specimen14,fibula,all_refined,5deg_5mm,1,0,1.0,20.01985239478527,0.0,6.143332466697189,19.96019936643533,0.1902990810049232,0.7758333333333334,
,specimen14,fibula,all_refined,5deg_5mm,1,1,1.0,20.019852394775405,0.0,6.143332466691127,19.999604395088856,0.15990854700794443,0.7758333333333334,
,specimen14,fibula,all_refined,5deg_5mm,1,2,1.0,20.01815137974071,0.0,6.122351094842838,20.01402435024708,0.19173036800930277,0.7758333333333334,
,specimen14,fibula,all_refined,5deg_5mm,1,3,1.0,20.019852394775405,0.0,6.143332466690294,19.97816983218565,0.19094395998399705,0.7758333333333334,
,specimen14,fibula,all_refined,5deg_5mm,1,4,1.0,20.019852394785282,0.0,6.143332466697189,19.959801765934785,0.19204951700521633,0.7758333333333334,
,specimen14,fibula,all_refined,10deg_10mm,2,0,1.0,20.0198523947754,0.0,6.143332466691008,19.95042285684408,0.19148349299211986,0.7758333333333334,
,specimen14,fibula,all_refined,10deg_10mm,2,1,1.0,20.019852394917397,0.0,6.143332466781833,19.973801386818202,0.1819635629944969,0.7758333333333334,
,specimen14,fibula,all_refined,10deg_10mm,2,2,1.0,20.019852394775615,0.0,6.143332466691008,20.004458727007297,0.19399024100857787,0.7758333333333334,
,specimen14,fibula,all_refined,10deg_10mm,2,3,1.0,20.01815137974067,0.0,6.122351094842599,19.938827064660178,0.192523486999562,0.7758333333333334,
,specimen14,fibula,all_refined,10deg_10mm,2,4,1.0,20.02906688942076,0.0,6.140707004285312,20.0571741181063,0.15489369400893338,0.776,
,specimen14,fibula,all_refined,20deg_20mm,3,0,1.0,20.01985239491735,0.0,6.143332466781001,19.937866290379862,0.1822577370039653,0.7758333333333334,
,specimen14,fibula,all_refined,20deg_20mm,3,1,1.0,20.018151379740694,0.0,6.122351094841645,19.93353989173018,0.19469468397437595,0.7758333333333334,
,specimen14,fibula,all_refined,20deg_20mm,3,2,1.0,20.018151379740694,0.0,6.122351094842122,20.06028108160531,0.19714617199497297,0.7758333333333334,
,specimen14,fibula,all_refined,20deg_20mm,3,3,1.0,20.019852394775665,0.0,6.14333246669077,19.973361797303657,0.1951113700051792,0.7758333333333334,
,specimen14,fibula,all_refined,20deg_20mm,3,4,1.0,20.019852394775416,0.0,6.1433324666906515,19.986261625128325,0.19253335500252433,0.7758333333333334,
,specimen14,fibula,random_policy,aligned,0,0,0.9,3.7062860180405717,1.0,1.609190631085093,3.6859156480690856,0.18520538302254863,0.7736666666666666,
,specimen14,fibula,random_policy,5deg_5mm,1,0,0.9,3.7062860180406694,1.0,1.609190631085093,3.689164268757259,0.18650366898509674,0.7736666666666666,
,specimen14,fibula,random_policy,5deg_5mm,1,1,0.9,3.7062860180405592,1.0,1.6091906310841868,3.6840350689443055,0.1863945109944325,0.7736666666666666,
,specimen14,fibula,random_policy,5deg_5mm,1,2,0.9,3.706286018040532,1.0,1.6091906310846398,3.6872655748708807,0.1853317969944328,0.7736666666666666,
,specimen14,fibula,random_policy,5deg_5mm,1,3,0.9,3.7062860180406263,1.0,1.609190631085999,3.6897298411555806,0.18772275300580077,0.7736666666666666,
,specimen14,fibula,random_policy,5deg_5mm,1,4,0.9,3.7282361284444234,1.0,1.5990588643583805,3.707522103531237,0.18498167901998386,0.7736666666666666,
,specimen14,fibula,random_policy,10deg_10mm,2,0,0.9,3.7282361284443915,1.0,1.5990588643574688,3.705775251162237,0.18649273298797198,0.7736666666666666,
,specimen14,fibula,random_policy,10deg_10mm,2,1,0.9,3.706286018040621,1.0,1.609190631085093,3.688445305518214,0.18741338499239646,0.7736666666666666,
,specimen14,fibula,random_policy,10deg_10mm,2,2,0.9,3.7062860180405166,1.0,1.609190631085546,3.6842614712132056,0.18442929899902083,0.7736666666666666,
,specimen14,fibula,random_policy,10deg_10mm,2,3,0.9,3.728236128444382,1.0,1.5990588643574688,3.709893397859965,0.18839028998627327,0.7736666666666666,
,specimen14,fibula,random_policy,10deg_10mm,2,4,0.9,3.7062860180405193,1.0,1.6091906310841868,3.6932654078796463,0.18929697599378414,0.7736666666666666,
,specimen14,fibula,random_policy,20deg_20mm,3,0,0.9,3.706286018040474,1.0,1.609190631085093,3.709339729517884,0.19105415398371406,0.7736666666666666,
,specimen14,fibula,random_policy,20deg_20mm,3,1,0.9,3.7062860180405894,1.0,1.609190631085093,3.7027195868433656,0.19073497399222106,0.7736666666666666,
,specimen14,fibula,random_policy,20deg_20mm,3,2,0.9,3.70628601804052,1.0,1.6091906310819217,3.7428270679335687,0.19065460399724543,0.7736666666666666,
,specimen14,fibula,random_policy,20deg_20mm,3,3,0.9,3.728236128444417,1.0,1.5990588643561012,3.75614881089852,0.19000913001946174,0.7736666666666666,
,specimen14,fibula,random_policy,20deg_20mm,3,4,0.9,3.70792541000614,1.0,1.6085761220054107,3.7105922233560986,0.15915992500958964,0.7736666666666666,
,specimen14,fibula,geometry_policy,aligned,0,0,1.0,20.019852394775377,0.0,6.14333246669077,19.976064948053352,0.19083521800348535,0.7758333333333334,
,specimen14,fibula,geometry_policy,5deg_5mm,1,0,1.0,20.01985239478527,0.0,6.143332466697189,19.96019936643533,0.1902990810049232,0.7758333333333334,
,specimen14,fibula,geometry_policy,5deg_5mm,1,1,1.0,20.019852394775405,0.0,6.143332466691127,19.999604395088856,0.15990854700794443,0.7758333333333334,
,specimen14,fibula,geometry_policy,5deg_5mm,1,2,1.0,20.01815137974071,0.0,6.122351094842838,20.01402435024708,0.19173036800930277,0.7758333333333334,
,specimen14,fibula,geometry_policy,5deg_5mm,1,3,1.0,20.019852394775405,0.0,6.143332466690294,19.97816983218565,0.19094395998399705,0.7758333333333334,
,specimen14,fibula,geometry_policy,5deg_5mm,1,4,1.0,20.019852394785282,0.0,6.143332466697189,19.959801765934785,0.19204951700521633,0.7758333333333334,
,specimen14,fibula,geometry_policy,10deg_10mm,2,0,1.0,20.0198523947754,0.0,6.143332466691008,19.95042285684408,0.19148349299211986,0.7758333333333334,
,specimen14,fibula,geometry_policy,10deg_10mm,2,1,1.0,20.019852394917397,0.0,6.143332466781833,19.973801386818202,0.1819635629944969,0.7758333333333334,
,specimen14,fibula,geometry_policy,10deg_10mm,2,2,1.0,20.019852394775615,0.0,6.143332466691008,20.004458727007297,0.19399024100857787,0.7758333333333334,
,specimen14,fibula,geometry_policy,10deg_10mm,2,3,1.0,20.01815137974067,0.0,6.122351094842599,19.938827064660178,0.192523486999562,0.7758333333333334,
,specimen14,fibula,geometry_policy,10deg_10mm,2,4,1.0,20.02906688942076,0.0,6.140707004285312,20.0571741181063,0.15489369400893338,0.776,
,specimen14,fibula,geometry_policy,20deg_20mm,3,0,1.0,20.01985239491735,0.0,6.143332466781001,19.937866290379862,0.1822577370039653,0.7758333333333334,
,specimen14,fibula,geometry_policy,20deg_20mm,3,1,1.0,20.018151379740694,0.0,6.122351094841645,19.93353989173018,0.19469468397437595,0.7758333333333334,
,specimen14,fibula,geometry_policy,20deg_20mm,3,2,1.0,20.018151379740694,0.0,6.122351094842122,20.06028108160531,0.19714617199497297,0.7758333333333334,
,specimen14,fibula,geometry_policy,20deg_20mm,3,3,1.0,20.019852394775665,0.0,6.14333246669077,19.973361797303657,0.1951113700051792,0.7758333333333334,
,specimen14,fibula,geometry_policy,20deg_20mm,3,4,1.0,20.019852394775416,0.0,6.1433324666906515,19.986261625128325,0.19253335500252433,0.7758333333333334,
,specimen14,fibula,pfad_policy,aligned,0,0,0.9,3.6715077446435447,1.0,1.5475854108510094,3.6516798202133383,0.16144246098701842,0.853,
,specimen14,fibula,pfad_policy,5deg_5mm,1,0,0.9,3.670273571781423,1.0,1.548127156011286,3.6535494457989044,0.14354821099550463,0.853,
,specimen14,fibula,pfad_policy,5deg_5mm,1,1,0.9,3.6702735717811135,1.0,1.5481271560131695,3.6484988197047725,0.16084210100234486,0.853,
,specimen14,fibula,pfad_policy,5deg_5mm,1,2,0.9,3.6715077446435185,1.0,1.5475854108519516,3.6528450749334516,0.16339886400965042,0.853,
,specimen14,fibula,pfad_policy,5deg_5mm,1,3,0.9,3.6702735717810855,1.0,1.5481271560141112,3.654092684927076,0.16582092200405896,0.853,
,specimen14,fibula,pfad_policy,5deg_5mm,1,4,0.9,3.67027357178149,1.0,1.5481271560117569,3.650020661513198,0.16145203600171953,0.853,
,specimen14,fibula,pfad_policy,10deg_10mm,2,0,0.9,3.6715077446435638,1.0,1.5475854108505382,3.6495459341871808,0.16375772599712946,0.853,
,specimen14,fibula,pfad_policy,10deg_10mm,2,1,0.9,3.6702735717814927,1.0,1.5481271560136403,3.652842491501646,0.1432025940157473,0.853,
,specimen14,fibula,pfad_policy,10deg_10mm,2,2,0.9,3.670273571781083,1.0,1.5481271560126988,3.6486778940290443,0.16239145200233907,0.853,
,specimen14,fibula,pfad_policy,10deg_10mm,2,3,0.9,3.6715077446435282,1.0,1.547585410848654,3.6537477810211034,0.16347615100676194,0.853,
,specimen14,fibula,pfad_policy,10deg_10mm,2,4,0.9,3.67027357178111,1.0,1.5481271560136403,3.6572698404001374,0.1628345380013343,0.853,
,specimen14,fibula,pfad_policy,20deg_20mm,3,0,0.9,3.6702735717811352,1.0,1.5481271560122278,3.6723238433803287,0.16605546700884588,0.853,
,specimen14,fibula,pfad_policy,20deg_20mm,3,1,0.9,3.670273571781037,1.0,1.5481271560094023,3.666089351109019,0.16591030699783005,0.853,
,specimen14,fibula,pfad_policy,20deg_20mm,3,2,0.9,3.6702735717811326,1.0,1.5481271560131695,3.7045874961908556,0.16873010899871588,0.853,
,specimen14,fibula,pfad_policy,20deg_20mm,3,3,0.9,3.6702735717814563,1.0,1.5481271560126988,3.6972332711473883,0.1467466469912324,0.853,
,specimen14,fibula,pfad_policy,20deg_20mm,3,4,0.9,3.6702735717811232,1.0,1.5481271560117569,3.6726248863918896,0.16344073199434206,0.853,
